label,ae_k2_z1,ae_k2_z2,ae_k2_err,vae_k2_z1,vae_k2_z2,vae_k2_err,ae_k8_z1,ae_k8_z2,ae_k8_err,vae_k8_z1,vae_k8_z2,vae_k8_err,ae_k32_z1,ae_k32_z2,ae_k32_err,vae_k32_z1,vae_k32_z2,vae_k32_err
1,5.847026,-7.4785275,0.023800116,-0.28462392,-2.538956,0.017614769,-11.1830015,4.974052,0.005322924,-2.0729644,-1.1408406,0.009553644,-11.114085,-9.2429285,0.0037847308,-2.4936178,-0.9209837,0.011159356
2,3.3075757,-9.126937,0.09497127,0.026279196,0.99808294,0.08858092,-2.7717652,-9.498078,0.019146563,0.26411584,1.0524962,0.030836804,4.5747166,-5.233249,0.009002208,1.771205,0.5546436,0.032255344
2,0.65330243,-2.7758105,0.05097344,0.21239263,0.7436357,0.05713584,3.106137,1.4960521,0.031068519,0.54872125,-0.9544417,0.03689899,1.2338659,-2.3961082,0.019142363,-0.28584716,0.24500827,0.042283505
0,-2.9790025,-8.253795,0.079251565,-1.1202942,2.28609,0.06466384,-2.0620303,-7.744194,0.012563375,-0.34477973,1.5721439,0.02559062,5.1123285,-4.768695,0.0067246193,1.1388724,-0.1916353,0.02616036
4,3.9275656,0.9520638,0.042766772,0.23232147,0.3101119,0.044247266,4.2928767,4.936818,0.021965168,1.439453,1.2162179,0.021367988,-1.4417492,8.484765,0.01217534,0.73311204,1.3111964,0.03599153
9,7.2539377,-0.7076417,0.033022713,0.26609275,-0.29280972,0.034474783,7.1817083,7.521476,0.011776347,1.0071665,-1.3065015,0.017709892,-3.7860346,8.941357,0.0057547833,-0.96108514,0.103131644,0.017697483
0,-5.0752764,-1.560772,0.03686028,-2.828112,0.6014896,0.044872575,4.766908,-2.0212796,0.013120899,1.0889935,1.2248361,0.02750202,6.1468077,0.1394151,0.008606648,0.6137173,1.6455301,0.025967974
3,0.13341975,-5.36639,0.04369189,-1.2009543,-0.5493136,0.048614062,7.2275805,-5.695386,0.029666116,0.7228193,-1.3393477,0.031173687,10.5172615,-4.8080273,0.019726977,0.6135093,-0.3602197,0.033621248
5,0.19029441,-4.7815933,0.048392393,-0.46460032,-0.36633205,0.050765164,10.011172,0.36067832,0.018703278,1.3540258,-0.8975082,0.03296443,4.9408054,3.984159,0.014583809,-0.17676683,0.5010823,0.03338503
8,8.997872,-10.737636,0.062051423,0.83290184,-0.5354265,0.056208503,-0.67787546,4.668152,0.025520071,-0.42759672,-0.5304241,0.03143875,-4.6441746,8.707524,0.017119426,-0.838237,0.62730426,0.027289094
1,4.444632,-5.531752,0.01874636,-0.4041494,-2.5256574,0.013370609,-8.709383,5.5435405,0.0025562027,-1.5043243,-1.3153753,0.004546847,-9.598696,-9.266516,0.00212488,-2.4410777,-0.7802678,0.0071529844
5,4.4804025,-6.4529076,0.046908166,0.15952145,-2.5874827,0.051607244,-10.76815,1.1701448,0.021701831,-1.5426544,0.9382948,0.025758829,-6.370206,-12.015295,0.011941691,-0.40586793,-0.81084925,0.025592813
9,5.002302,-1.5130224,0.029393291,0.59421766,-0.35069,0.035896398,0.8249806,9.326011,0.01760513,0.13291705,-0.84192544,0.022363864,-7.664138,3.0371192,0.012327728,-1.9111757,0.6919584,0.024170779
2,1.5084671,-5.7704363,0.08464808,-2.1294901,-0.9665888,0.06639925,3.26426,-7.9032283,0.009434047,0.48804414,-1.3130575,0.015318811,11.457517,-11.1404915,0.0059183207,0.71039045,-0.4759754,0.028017715
6,2.6054826,-7.4230385,0.055415407,1.1356058,1.4893858,0.0335504,-2.724085,-4.291084,0.02649773,-0.69498205,0.19532132,0.022823676,1.79789,-5.920852,0.010752833,0.9738654,-1.8583459,0.04257768
3,1.0332932,-9.516338,0.048068266,-0.5080329,-0.6501741,0.049218066,5.209131,-4.603384,0.023325738,0.2773982,-0.48922706,0.037322715,6.9868116,3.429794,0.013818825,0.453406,-0.07506977,0.033834152
1,5.5297465,-5.111104,0.026438339,0.95698017,-2.4389448,0.017518608,-6.6139045,5.0109377,0.010439224,-2.0396473,-1.7479001,0.013468544,-8.545617,-9.733959,0.006394444,-2.3682976,-1.3059225,0.01607039
6,-1.7424237,-8.147975,0.0660889,-0.12224014,1.6538367,0.059117187,4.492806,-9.516191,0.030197814,1.1572415,0.81801784,0.03702195,13.556059,-1.692233,0.012964726,2.3490367,-0.63813657,0.02786177
9,11.51064,-6.323491,0.027064199,1.0683928,-0.68706965,0.032217566,-3.460682,9.535227,0.009281519,-1.2465588,-0.13132848,0.015704669,-11.114496,4.6632977,0.006031593,-1.692057,-0.25812182,0.013627045
9,13.227389,-11.059372,0.022908594,2.4195824,-0.40138713,0.030609474,-10.911504,5.207232,0.011063226,-2.2639604,0.49571007,0.01687693,-12.008757,-2.0224469,0.007600065,-1.3950429,-1.0057174,0.024811663
6,-0.54371643,-7.083837,0.06032626,0.0008035116,1.7674391,0.050560877,-0.9212979,-8.7442255,0.03252253,-0.37318134,0.62259305,0.043857828,7.924127,-7.4799294,0.026403362,1.619666,-1.3884226,0.045522377
9,9.561828,-1.2850922,0.036747344,0.649543,-0.3069563,0.041242246,2.8138034,13.776732,0.015501679,0.4057526,-0.68116295,0.027155763,-7.949262,10.961249,0.012732164,-1.8333402,1.301772,0.022633204
2,3.5599198,-3.7408545,0.054932307,0.86068445,-1.6738474,0.056418456,1.3448526,3.1314452,0.03680351,0.1247616,-1.2569607,0.04909295,-1.8627805,-3.66738,0.012448946,-1.1672162,-0.13462183,0.037375834
7,6.600556,2.8026955,0.03733712,0.08255763,0.098491974,0.059340775,11.0439825,11.45801,0.019770915,2.1019344,-0.6393746,0.019706951,-5.423604,11.858329,0.006854654,-1.1959308,2.4071941,0.023113297
2,4.4854918,-11.408436,0.06302351,0.5231805,1.6077714,0.065802075,-5.089919,-10.582134,0.012552253,-0.4187752,1.0992849,0.0172868,4.9882383,-3.8855398,0.0073833293,2.1084108,-0.8070469,0.028328842
6,2.4635382,-7.217593,0.050461918,0.89919144,1.5168412,0.040139485,0.4710342,-4.5321026,0.0145137245,-0.28282297,-1.083202,0.024259605,1.9435148,-1.9605391,0.009635043,0.788086,-1.8047576,0.026845688
8,0.3332872,-3.910116,0.05098009,-0.82671297,-0.46856454,0.05553741,9.579262,0.18333627,0.029411808,0.99625635,-2.5791147,0.03185104,6.606115,-0.06858387,0.019403776,-0.5652478,-0.24125038,0.032352723
9,0.3847383,-6.641555,0.05413082,-0.4787286,-0.1521854,0.041843574,12.016879,2.9612463,0.02204728,2.0635483,-1.1449316,0.028363632,4.325295,11.678192,0.018231591,-0.43388292,1.5805454,0.029131161
8,7.0529604,-14.963866,0.069249876,2.4901586,1.9249659,0.058284722,-12.144183,-8.590198,0.037673485,-1.1261317,2.3085854,0.048023064,2.372121,-6.890865,0.01925245,1.8556986,-0.45454177,0.040212005
5,-0.72018105,-6.465633,0.084474415,-1.2573,0.16287108,0.06380108,13.283259,-2.9421446,0.021537026,2.4326975,-0.03984982,0.04288003,12.303818,4.086076,0.014998963,0.52230763,1.7055134,0.039651845
1,1.177302,-4.6745048,0.04507958,-0.7392169,-1.1031287,0.045330115,2.8050096,-1.9767872,0.024916328,-0.375868,-1.2236848,0.030953854,1.9879621,-3.2542248,0.016747333,-0.34800458,-0.24619068,0.028636957
9,8.971866,-3.3155901,0.027165882,0.8735716,-0.9158066,0.035192937,-1.2375201,6.5295954,0.018617969,-0.43427595,-0.81917024,0.027720483,-6.7844543,2.0373588,0.013201792,-1.3920219,-0.024321193,0.03341939
0,-4.832192,-2.3400006,0.051558983,-2.395272,0.7697141,0.04645882,7.9635653,-6.5897737,0.011357335,1.8640765,1.0817018,0.02189917,13.493252,-0.8520484,0.007956249,1.1596029,1.3508729,0.022616666
4,9.055758,-0.21032685,0.040189143,0.39787105,-0.10579322,0.04664226,5.171311,12.402666,0.021409146,1.3687315,-0.9724275,0.030971915,-6.859453,10.468322,0.011022007,-1.78357,1.9278588,0.034442283
3,1.7512263,-7.5590634,0.052229326,-0.30971113,-0.78656113,0.035157155,6.862671,2.3811274,0.016478354,0.07956161,-2.0209506,0.015580607,-0.17751418,5.507968,0.009394598,-1.2308546,0.3899132,0.030372446
6,-0.33563548,-4.7154207,0.05239782,0.36129707,1.4679517,0.0404062,-0.53237504,-4.201649,0.015816545,-0.19686574,0.4153346,0.030337991,3.5215235,-4.85529,0.013164798,1.0314806,-1.4028444,0.021032302
1,4.603613,-7.129048,0.02778354,-1.651638,-2.490278,0.012181078,-7.886049,-1.6312267,0.0033117204,-1.8142197,-0.660687,0.009976747,-3.7152574,-13.247049,0.0021122596,-0.8841427,-1.5867825,0.02864059
6,1.515697,-7.139529,0.055070557,0.5694638,1.990818,0.046424296,-0.92295915,-8.622339,0.020693809,-1.2433438,-0.55284816,0.024804218,6.7448936,-9.717171,0.011793993,0.7059144,-2.5089555,0.023113051
4,5.241205,-0.022327457,0.037815306,0.29777092,0.031076545,0.0455198,4.553016,11.286382,0.019730762,1.6916376,-0.7918231,0.0286608,-4.850662,8.480009,0.013979834,-1.2874366,1.786243,0.029384226
4,5.848546,2.483487,0.04553919,0.19963703,0.3051068,0.061026283,3.9024029,6.6455226,0.022696707,1.7342329,1.4484421,0.02957905,-2.1620417,11.79899,0.011685362,0.79208213,2.1622846,0.03547272
0,-1.606806,-8.127342,0.05274134,-0.70377076,0.822999,0.06417595,11.834391,-5.823314,0.03384312,2.151971,-0.2059389,0.03697512,15.902121,4.059771,0.015346439,1.570281,0.45973817,0.04783425
4,8.474453,-7.2977023,0.040201485,1.5731907,0.70641327,0.036636215,-9.52317,4.722238,0.012179745,-1.6361234,0.7845053,0.022957684,-11.668389,-4.044558,0.008777625,-0.9361659,-1.0561513,0.02683107
6,-1.7958012,-3.5127923,0.07396632,-0.49603456,0.62394774,0.06707512,10.514858,-0.8719564,0.03118371,2.5107405,-0.012919739,0.039515857,10.444362,7.7883573,0.016730513,0.89002365,1.6804732,0.039886147
3,2.9515662,-7.3913364,0.04956787,-0.33989358,-1.1565408,0.043720216,-0.9677578,2.6102407,0.03163808,-0.5497522,-1.6127167,0.03276421,-4.9787073,1.4741256,0.014737408,-1.5213574,-0.011399027,0.029713186
3,0.75722003,-4.180614,0.03857702,-0.47990185,-1.278612,0.03128583,1.3365421,-1.6625197,0.01860638,-0.4884562,-1.1303979,0.018727824,0.33199042,-4.954175,0.013760857,-0.67216474,-0.81851196,0.02677926
7,13.722511,-8.392809,0.0369858,1.9672215,-0.48667508,0.04099522,-6.2131352,4.2207065,0.014708436,-0.49158302,1.6703786,0.019076064,-8.1694355,6.1359515,0.009939896,0.075821474,0.8080427,0.03221114
5,2.7433507,-11.77637,0.065203756,0.101135164,-0.48287708,0.0633083,2.5001998,-0.0574834,0.031863477,-0.07301469,0.8597011,0.029769404,1.0199881,5.5740294,0.011529441,0.11041702,0.40930122,0.03177034
6,2.1366947,-11.889491,0.03612846,0.1892506,1.9965439,0.04154917,-0.16290191,-8.816229,0.016421128,-0.49625865,0.22326444,0.024589745,7.781757,-3.0700464,0.011414804,1.6692244,-1.9034002,0.025787504
0,-3.2094254,-8.236863,0.033350974,-1.2703896,1.6038227,0.037088975,3.5171454,-8.595665,0.015698325,1.2393534,1.7567592,0.02828692,12.916545,2.8780236,0.00714963,2.3076615,0.9801612,0.018097017
4,9.162267,-8.074189,0.067651734,1.5389074,0.87927365,0.049713437,-11.522929,-0.21825151,0.021403894,-1.5745287,1.7228779,0.029847,-5.627433,-4.802333,0.015478901,0.567114,-0.9821339,0.03400044
1,4.498135,-3.0148597,0.020121492,1.0197395,-2.0710118,0.011144344,-2.698048,6.2195725,0.0048936703,-1.0524504,-2.4057658,0.011013714,-7.3835588,-7.3677125,0.0025574476,-2.1885567,-0.9931846,0.0058138384
8,7.816209,-13.358448,0.035320755,-0.544215,-1.5004385,0.058297947,-10.113458,-5.3051243,0.021726964,-2.1123712,0.7286228,0.028000424,-4.3558,-9.434456,0.013623763,0.006699082,-1.5507149,0.022933828
4,11.191449,-4.0068765,0.07604748,1.679856,0.71761036,0.056146357,-5.1453466,2.329119,0.025658622,0.063073955,2.1744423,0.030997483,-2.130667,2.832926,0.01339864,1.0042839,0.21290867,0.02502733
8,0.83977014,-8.638284,0.06188351,-0.4544953,-0.038991272,0.055782113,6.5249166,-1.7796391,0.0400272,1.3412877,-0.41853356,0.05316408,6.5668244,6.1560106,0.022076957,0.5813934,0.60031146,0.04274866
7,12.569528,-13.1325035,0.031238668,2.7509573,-0.87767965,0.023167398,-11.953683,3.6789088,0.01342181,-0.7849088,1.3509958,0.018133521,-11.11758,3.411711,0.0073820273,-0.6065195,1.1502781,0.013942202
2,0.8353172,-5.312197,0.045502454,-0.18440647,-0.41938496,0.05683437,2.2618651,-2.498716,0.04877447,-0.065901585,-0.43425477,0.041429933,3.3353379,-2.3789158,0.02253981,-0.14478499,-0.21311127,0.037509277
6,2.514203,-8.258371,0.0549778,0.96065253,1.89226,0.03202967,-0.24021672,-6.863402,0.015002586,-0.92230403,-1.0012041,0.017589472,4.892808,-4.4004254,0.008755422,0.9081887,-2.4800026,0.019200021
0,-0.9953187,-7.290825,0.0526759,-0.43147948,1.3641073,0.06555433,5.842415,-3.7562168,0.040703595,1.0639179,0.24530041,0.04289212,7.8507943,0.49523988,0.017698985,0.9900962,0.071592934,0.04039417
1,4.843489,-3.895881,0.021022774,0.64759916,-2.1217659,0.019550376,-5.0244226,6.378444,0.005980331,-1.3856072,-1.9049162,0.017536078,-8.984868,-7.9320803,0.0033280212,-2.467441,-0.7800728,0.015361167
6,2.566314,-5.881884,0.05114698,0.60067415,1.3657019,0.04928201,-4.9058557,-6.0627356,0.021910833,-1.3023434,-0.17699772,0.033336993,1.5223219,-10.633226,0.0179156,0.46162498,-2.0643544,0.029320661
7,15.117062,-15.188047,0.026308881,2.916539,-0.38969228,0.026300019,-14.735563,5.0559273,0.022709332,-1.6786959,1.9991599,0.026642116,-13.361784,1.9061943,0.006571544,-0.93576,0.7660064,0.025698064
7,6.7506557,-8.01964,0.03056877,1.0593884,-0.92563385,0.045004144,-7.756197,5.0660906,0.017943263,-0.6874212,-0.04725264,0.020484641,-10.475484,-2.3811133,0.013890502,-1.5445669,0.31271115,0.02314148
9,9.548389,-0.5311701,0.049150415,0.3626209,0.1182395,0.0439744,5.986153,4.632124,0.014211241,1.1347109,0.3600764,0.032240685,-0.7155188,10.32651,0.010381928,0.5739375,1.2191879,0.030573204
8,3.2811081,-10.100533,0.047761485,-0.20570213,-1.2693882,0.048431695,-2.7866886,-6.1892524,0.038181134,-1.4014876,-0.36739606,0.040725056,1.9617946,-7.9173317,0.024224613,0.50771374,-1.7700988,0.03536375
1,3.6336486,-2.149615,0.027967494,0.81839085,-1.6205872,0.032867033,1.9754754,4.838512,0.0076872865,-0.32547697,-2.1522188,0.014763831,-3.5776725,-3.7089038,0.005552357,-1.3719345,-0.79047966,0.016903892
2,1.3597709,-3.3227067,0.05510398,0.6631264,0.52426064,0.049628794,-3.0587122,1.9539684,0.03405047,0.06733914,0.35367152,0.033783663,-4.5982623,-2.370875,0.018351655,-0.29039192,-0.1790929,0.0343263
1,5.0615673,-4.664548,0.032546453,1.0147207,-2.1442504,0.018602887,-2.5166173,3.8928254,0.012920054,-1.4850258,-2.6644585,0.011147477,-5.355072,-7.5805664,0.0045639034,-1.928719,-1.4880809,0.020501439
8,6.2363915,-13.661728,0.04683286,1.6507968,1.1858983,0.050083857,-5.9265833,-6.08962,0.023062993,-0.7963193,0.88198215,0.03673108,1.9676746,-1.6317594,0.014957821,1.1694474,-1.2831734,0.030662837
8,1.6423937,-5.351656,0.058227472,-0.17298304,-0.67541814,0.060346767,7.1483502,5.8355627,0.034348056,0.44775727,-2.182746,0.03897681,-1.936178,3.4349635,0.028476058,-1.1906569,0.5189305,0.043078896
6,2.9821477,-7.1448984,0.05157501,1.1204482,1.7646632,0.02730553,-4.2543573,-5.505109,0.019416438,-0.9648505,0.034011267,0.028629072,1.6039104,-8.643346,0.013797819,0.83591956,-2.2213821,0.02949
0,2.068008,-9.680763,0.0443408,-0.11097264,-0.19946349,0.049435284,6.7501717,-3.989107,0.016333181,0.759115,-0.48122847,0.021653548,7.329623,6.6424556,0.008111478,1.3129404,-0.3704044,0.025638178
2,2.267727,-6.5187945,0.07806196,0.26011494,0.9171444,0.074946396,-3.4968834,-7.8852005,0.02709329,-0.20341727,0.9519343,0.038295805,2.1348429,-4.027803,0.014399716,1.5626045,-0.5488853,0.041340508
8,1.313188,-4.9819703,0.049809124,-0.1372619,-0.5255277,0.043103475,6.5805607,5.036487,0.01762601,0.46514112,-2.2551706,0.02420454,-1.7470253,4.507632,0.015559446,-1.6168039,0.48406816,0.026689786
1,6.3970613,-11.890933,0.039812546,-0.4781831,-1.4138248,0.04467271,-9.479095,-1.3212359,0.014381267,-2.5380793,-1.3108401,0.017362176,-5.777994,-8.364106,0.011163278,-0.8069185,-2.1202095,0.020872034
1,3.0699334,-1.4977591,0.02533628,0.64216757,-1.5605263,0.033550274,2.1983037,5.834109,0.010405021,-0.12031501,-2.0225642,0.01680186,-4.4377456,-3.9587648,0.0058014267,-1.6216315,-0.5048219,0.025523264
4,8.759384,-1.7372049,0.044245373,0.87879914,0.6554106,0.036469374,-0.5977978,4.84559,0.020057447,0.08408966,-0.16697931,0.023201067,-5.0675983,3.0802078,0.01375786,-0.31902626,-0.5713389,0.020372733
4,9.099912,-8.128637,0.038022634,1.6379924,0.46926525,0.034068793,-9.520105,6.805372,0.009477354,-1.2706574,0.7791141,0.013523526,-12.84105,-1.4285171,0.0052805874,-1.1901536,-0.284827,0.019864107
3,1.7037517,-9.762073,0.06882665,-1.47543,-0.33519307,0.06684573,2.772171,-11.950267,0.018530479,0.3114396,0.7197624,0.02978889,12.047401,-0.08766816,0.012240501,2.2246747,0.24005781,0.028420819
6,-0.8321457,-3.4023688,0.04644484,-0.32784787,0.53693014,0.051496636,7.268647,-0.22134571,0.029015258,1.6404779,-0.23042549,0.03783305,5.308954,1.081702,0.019486293,0.09160705,0.6267557,0.03638078
9,7.32442,1.5783532,0.045457568,0.027436856,0.2826729,0.04557231,8.665213,4.853557,0.0165191,1.8161526,0.22426367,0.033433482,2.3230405,12.921526,0.0099614505,0.52967095,2.0351634,0.02506966
8,7.3602123,-9.431359,0.08917106,0.015660001,-0.27593404,0.063044444,6.4026303,3.6455445,0.027865797,0.9178955,-0.5901502,0.033076998,-1.3527075,13.743,0.016121149,-0.25324836,1.280126,0.031009886
6,-1.7726947,-2.9747431,0.064258456,-0.08884111,1.126709,0.066603035,8.92097,-3.7800605,0.01581216,2.061029,-0.22066559,0.031909823,10.444569,1.9968189,0.011996559,1.4514755,0.043046087,0.033652052
8,2.5621207,-7.16045,0.057720948,-0.13839102,-0.32872474,0.051339477,5.2739816,3.2539828,0.018646868,0.561849,-0.40820137,0.031024598,-2.4976313,8.058211,0.016854268,-0.8125191,1.2348839,0.028290652
7,10.501261,0.42377234,0.08158633,1.0778313,-0.05997686,0.07773665,-3.5837543,3.8610752,0.01098797,0.29548213,2.2597659,0.02140904,-3.2699168,6.1210637,0.009011661,0.65386647,1.2916046,0.025168067
3,4.3021812,-13.09596,0.030864356,-0.19797564,-0.32875067,0.058735333,-2.3975227,-6.4809065,0.01991178,-1.1903532,-0.17673329,0.028760228,0.5602592,-1.3297362,0.008756011,0.6310753,-1.4678411,0.023691505
9,3.7584467,1.8356667,0.042387728,0.059081215,0.35369456,0.04953732,6.950756,6.187462,0.021357113,1.7918174,0.7313705,0.024370132,-0.2335473,12.245252,0.00986859,0.26429358,2.4505484,0.031853124
6,1.8182365,-8.053392,0.07196564,0.95394254,2.1171224,0.024370337,-2.4966967,-11.00949,0.006655657,-0.6909572,0.18652791,0.017483765,9.393303,-7.742078,0.004416969,1.6667237,-2.2118292,0.014449083
2,1.2102439,-4.6331754,0.08176206,0.06732464,1.3262281,0.07242718,-3.8478096,-10.928558,0.03249668,-0.114659876,0.9849052,0.05349802,3.367556,-7.0412855,0.024102846,1.8708086,-0.55120593,0.0594065
9,10.433443,-11.387973,0.049474396,2.1152892,-0.1449855,0.048480336,-8.62396,1.8942672,0.025074234,-0.5402416,1.5646534,0.026965529,-6.7795124,2.1178863,0.010383289,-0.25191763,0.84655404,0.027202314
4,3.7894506,1.3781524,0.05133763,0.099735126,0.11670516,0.06898251,9.889797,11.022782,0.02492763,2.7884953,-0.88372004,0.036320962,-1.5963542,11.732164,0.01205879,-0.60485727,2.119253,0.031464472
0,-3.4288275,-9.375299,0.054402124,-1.0553669,2.8023813,0.03874068,0.26398063,-13.436467,0.025226658,0.09139143,1.8995285,0.028488653,13.361008,-5.390806,0.0073001585,2.421925,-0.857283,0.02903831
6,-1.5961529,-1.07967,0.057990853,-0.50985277,0.6084208,0.08055686,8.902011,-0.5771386,0.03343364,2.3771029,-0.23955512,0.049834754,8.575648,2.3557024,0.021902466,0.4717711,1.4391038,0.051055413
4,10.354917,-12.152486,0.033949442,1.8748472,-0.101341076,0.037164684,-9.393177,4.4617743,0.020216351,-1.214511,0.66139555,0.025686909,-10.33247,0.48001343,0.012877794,-0.710547,-0.11685515,0.02160519
9,4.432647,1.6378914,0.035522707,0.13600132,0.12413483,0.045049954,9.142357,6.625303,0.023043307,1.9133825,0.0041794004,0.037955035,-2.1374526,11.018905,0.009770774,-0.120516114,2.137311,0.026007276
1,3.5880804,-3.8413074,0.024103569,0.50473803,-2.1027293,0.025264602,-4.3333,3.8881457,0.016360015,-1.3373299,-1.0485905,0.019249398,-6.6311088,-8.783226,0.011033467,-1.9257699,-1.050157,0.018187929
0,-5.287492,-9.203521,0.033955574,-1.6409222,2.921416,0.025976053,-0.083467394,-10.870732,0.014969068,0.2939226,2.3592448,0.024643283,12.595219,-2.1685967,0.007120927,2.2452896,0.07290258,0.030849002
8,6.5734234,-14.75423,0.031558406,-0.47035003,-1.1110628,0.058389265,-9.09167,-5.5533156,0.01607555,-2.177082,0.14433163,0.019234179,-5.3138876,-6.135362,0.013299633,-0.07024798,-1.820944,0.037299875
8,4.6131988,-9.280978,0.054565176,0.7639301,-0.28791526,0.060838196,-1.6955444,1.2363975,0.036193423,-0.26061615,0.059971128,0.035014044,-1.8971791,3.0857682,0.019462572,-0.32185513,0.41262758,0.03267349
0,-3.9088264,-13.426651,0.022268508,-1.495893,2.5843542,0.04058712,6.041596,-13.391556,0.010762396,1.1071345,1.7847548,0.025323588,18.954035,2.608255,0.0049051014,2.799789,0.39660802,0.01384767
4,4.1857758,1.5873532,0.033403058,0.21956386,0.18871872,0.046124835,7.906503,8.982177,0.01626564,2.025381,-0.5067068,0.029397577,-4.854105,7.584948,0.012877954,-0.7346197,1.5514241,0.024319222
0,-4.3288207,-2.9738703,0.054077297,-1.4706042,1.0750449,0.06233621,3.0009036,-5.360469,0.049341604,0.8225397,0.93139684,0.057627816,10.149517,-2.2209513,0.019680198,1.6124269,0.8764866,0.055565584
6,1.2846872,-7.488392,0.07079308,0.8582417,2.0329783,0.032816637,0.5729209,-10.665301,0.015079092,-0.245056,-0.07723116,0.019247366,11.821755,-7.682496,0.008391089,1.6290104,-1.9891324,0.016251987
7,10.681981,1.8982563,0.031558756,0.683924,-0.37791038,0.04046444,5.028925,11.354317,0.016664987,0.7463961,-0.52017087,0.023523754,-8.386981,8.690201,0.007875947,-1.682153,1.2100966,0.023821434
7,13.006064,-11.81714,0.020058958,2.4417021,-1.0278699,0.014917452,-11.672293,8.277906,0.006026922,-1.2308837,0.7533393,0.016820693,-14.7736845,3.3615901,0.0037368592,-1.8013117,0.9832838,0.009792397
5,1.3458134,-7.7558136,0.043474354,-0.041274015,-0.82528037,0.041192442,1.9159065,-2.2399862,0.02506114,-0.063190825,-0.37662703,0.026103402,1.3698586,-0.64392567,0.017018594,-0.027406154,-0.555409,0.0336676
5,3.06611,-9.908914,0.067985356,0.57633775,1.686574,0.059849232,-5.0029697,-1.9486158,0.039490443,-0.8263704,1.2480807,0.04658138,-0.44775683,-2.532075,0.021568751,0.7245209,-0.7929515,0.04473929
5,0.39219302,-8.324399,0.04578576,-0.6699747,-0.077732876,0.057280973,8.766263,-7.9748826,0.018672163,1.2973242,-0.57002157,0.019853463,14.194266,0.16522883,0.0085454155,1.9019432,-0.8409519,0.02177555
0,-6.0478663,-6.7679577,0.024540957,-1.8523331,2.4053652,0.026354108,-0.5274296,-9.025789,0.01666947,0.4627449,2.2087724,0.021044267,9.706461,-3.2708921,0.007139265,1.7653697,0.74411935,0.018942103
0,-3.0104017,-11.547293,0.025825905,-1.353336,1.7306732,0.04418214,10.161961,-11.621492,0.0074283592,2.0752304,1.3845301,0.017291848,22.659859,7.3895,0.0063151377,3.0600762,0.6675505,0.010452989
1,5.878685,-3.4756494,0.031725865,0.93718123,-1.7269524,0.020483825,0.059606496,7.0442147,0.0055903136,-0.7910111,-2.777987,0.013150158,-6.041968,-3.1548126,0.0041442728,-2.0065556,-0.8939924,0.007966136
0,-6.5437207,-2.414151,0.024720477,-2.857615,0.6667102,0.03289815,9.614729,-7.172675,0.019837515,1.9133009,1.2364773,0.031408478,17.485828,2.1156194,0.007812505,2.0062459,1.9498482,0.024413275
0,-1.1816928,-10.15692,0.048721645,-0.14114079,2.8072846,0.038141206,2.1800883,-12.657461,0.01840286,0.5312262,1.2411875,0.03331826,14.371779,-2.267692,0.013393059,3.0963426,-1.2748541,0.023438014
6,1.6434956,-6.133027,0.04757009,0.6067515,1.0644264,0.04089497,2.9451187,-2.473191,0.020204559,0.26748613,-0.6700326,0.022068445,3.1374924,-0.20782717,0.0135840345,0.66479933,-1.0082971,0.028897474
3,0.83306634,-9.360348,0.044247925,-0.75103074,-0.5266457,0.034276657,10.624612,-3.6925554,0.022085976,0.7537865,-1.526742,0.026292449,7.9064803,3.8585901,0.011366126,-0.14426573,0.22731319,0.03205546
7,6.4693794,7.860931,0.015039384,-0.029000666,0.14170423,0.063864015,11.210745,6.480851,0.012885717,1.7486103,-0.44753855,0.02262279,0.83233166,10.793851,0.007416677,-0.0076399418,1.2828771,0.028192475
6,0.50346416,-6.7548637,0.057731934,0.5056524,2.1798513,0.03363336,0.9595105,-6.2056293,0.01720513,-0.21002114,-0.19634952,0.022020474,6.620181,-4.30769,0.012941753,1.2215505,-1.7882243,0.021757517
7,9.10988,-1.563715,0.049054056,0.7867024,-0.5915509,0.047907397,2.4718428,7.4992924,0.016405733,0.49910858,-0.2475143,0.0263695,-6.2695956,9.136126,0.0075130737,-0.9063217,1.424517,0.023884479
7,10.012489,-4.7255197,0.0337399,1.4060546,-0.70923245,0.035920117,-2.2215915,7.846388,0.013930514,-0.029565638,-0.1639861,0.015219189,-9.769024,5.865734,0.0058599156,-1.2948195,1.2562549,0.018543337
7,8.449127,-10.667014,0.025261281,-0.12071903,-2.5285141,0.040016733,-12.185112,4.4863915,0.012816919,-1.7534883,0.28402722,0.01388381,-12.111406,-5.4777184,0.005887042,-1.7811937,-0.20223375,0.016688416
2,1.7419016,-6.357295,0.0734781,0.05622001,0.6972885,0.071798734,6.3393216,1.0614151,0.036852203,1.0699091,-0.964479,0.03379434,2.647907,4.4079623,0.018875193,0.30739912,0.7561895,0.041886028
4,4.5894103,0.39084247,0.031928718,0.410419,-0.07924682,0.042771567,3.3645215,10.518789,0.019546757,1.2672983,-0.64179134,0.022116765,-5.0806093,6.8523626,0.01213193,-1.5116324,1.4091145,0.024964863
2,3.331994,-9.310734,0.04710126,0.5865068,0.6247951,0.06481399,-2.0590222,-4.0379558,0.03607455,0.001858307,0.7269151,0.040438462,0.33355817,2.3269534,0.009611357,1.1088738,0.05730248,0.028569795
7,13.363663,-6.4558067,0.03216316,1.4790295,-0.56986636,0.032658055,-2.408468,9.958269,0.013228505,0.043425035,0.41064006,0.019664159,-11.314602,11.308665,0.00656497,-1.2552427,1.7670856,0.019078854
7,9.463126,-10.791779,0.036756903,2.111343,-0.67255783,0.039982587,-8.888116,0.56328887,0.012237574,-0.71189356,0.78620964,0.022909267,-7.0109377,-0.48627898,0.005999851,-0.26589096,0.49785882,0.021499306
1,4.4749413,-2.9914508,0.028232768,0.8875767,-1.8680893,0.025676662,0.6826362,5.695604,0.011231038,-0.59004664,-2.4729195,0.020401169,-4.9848323,-4.599932,0.0056099533,-1.6489091,-0.93661237,0.019069664
7,10.192983,-9.714289,0.023211004,1.9871773,-1.5770254,0.020530313,-11.636967,4.537284,0.010676921,-1.7299399,0.45107144,0.023970991,-12.640335,-3.6008158,0.0054747597,-1.5604254,-0.46225712,0.017751375
9,9.084293,-4.714355,0.031312343,1.154893,0.21011856,0.038116354,-2.8934126,3.961144,0.018976945,-0.3092761,1.1216897,0.027751867,-6.451654,1.672049,0.014300745,-0.091647305,0.112155,0.02344548
8,4.428318,-13.290941,0.07065237,0.20201,-0.6304019,0.0772646,-4.3265033,-4.085146,0.03403899,-0.57324266,1.474669,0.038332574,-0.9217811,1.5116415,0.012047006,0.9006099,-0.14412554,0.03648225
6,1.8275986,-4.058999,0.03435424,0.6910246,1.0052559,0.039157603,-1.5763522,-0.8688198,0.014381209,-0.40032604,-1.0007322,0.026426507,-1.3524369,-6.447781,0.0095212385,-0.32303643,-1.6046721,0.028142044
5,4.6148148,-4.3318777,0.047670383,0.94273406,0.27827796,0.047779623,-3.1587727,1.1601158,0.020164294,-1.0447146,0.34918863,0.028547369,-5.317295,-4.3566833,0.010341612,-0.5225132,-1.0888023,0.02924475
3,0.06621279,-7.4819293,0.049479242,-0.78457975,-0.14449464,0.045201905,9.881398,-3.194758,0.03584067,1.4288056,-0.37903354,0.03903688,10.319857,6.605592,0.009938678,0.73473006,1.0115982,0.029085217
9,12.28504,-13.208691,0.025020044,2.7880688,0.24157217,0.02612706,-12.980852,2.4752617,0.013989565,-2.0400772,1.617348,0.022217833,-9.99657,-3.9395795,0.009601767,-0.56826353,-0.6817736,0.027128609
2,2.7699313,-7.2681203,0.04896968,0.2797802,0.7375103,0.05733479,0.44169402,-0.09090821,0.020264428,-0.010226182,-0.967799,0.03407518,-0.80812144,-1.7860206,0.016319137,-0.13332231,-0.08616822,0.037301265
8,5.548983,-13.99338,0.058370017,1.5036527,0.42786574,0.07402734,-6.3407845,-5.0709004,0.031214053,-1.2288254,1.4911008,0.03702969,-1.7494111,-6.496833,0.016800823,0.8227337,-0.6767602,0.033882733
9,10.001518,-5.4707975,0.027748315,1.3088441,-0.48580092,0.034833603,-4.222536,6.567074,0.025565762,-0.8293121,-0.31983772,0.02756034,-9.749081,1.5904969,0.014259218,-1.4331963,-0.18666902,0.04520645
5,0.11639246,-7.522779,0.048847027,-0.9504494,-0.2928106,0.037125207,13.919267,-1.4746684,0.021921538,1.754329,-1.051604,0.025265832,9.744011,7.9405565,0.017797017,0.04999525,1.0469549,0.02264172
3,1.8905784,-10.770057,0.042567775,-1.0667756,-0.7559113,0.035057724,6.2569666,-8.722758,0.010279849,-0.15626597,-1.250426,0.015075382,11.783124,0.34596923,0.008153038,0.76894903,-0.55770755,0.01565051
5,0.55100465,-6.205617,0.06383521,-0.27164897,-0.31884232,0.0560447,9.632188,1.917175,0.029497705,1.1239114,-0.3268886,0.036050465,1.8075225,5.812161,0.020194236,-0.4768944,1.1810392,0.048137277
5,5.1351924,-6.770789,0.050017472,1.4491653,-1.8186569,0.051698003,-10.933048,0.26783845,0.015746873,-1.7852004,1.2486131,0.022519913,-5.388423,-12.787796,0.008920355,-0.24140228,-1.2106512,0.031857233
7,9.937866,1.1241049,0.02087982,0.42390743,-0.2689826,0.032421693,6.14571,8.374459,0.012002965,0.94572794,-0.68887293,0.027764939,-3.5365071,11.457766,0.007845226,-1.1173413,1.6759304,0.016870216
0,-2.2971997,-8.325581,0.04639837,-1.2354262,0.77426964,0.047231562,7.25228,-5.2534947,0.015342154,1.8983406,1.5334533,0.030410735,13.297448,10.269757,0.0108873155,2.10463,2.218249,0.019294526
0,-4.8947387,-5.755307,0.035048354,-1.3789711,1.9198905,0.04703018,-0.7207302,-5.0629177,0.01400742,0.7427051,1.9642603,0.021044284,6.726292,-1.165009,0.006699784,1.6104664,1.1132609,0.023557384
3,3.9266195,-13.221104,0.0414419,-0.11047262,-0.7501005,0.045946196,-1.1253041,-2.102436,0.026266512,-0.38588572,0.4873302,0.037589535,-0.82019216,6.20971,0.018366693,0.38960636,0.4610232,0.028473353
0,-7.6579647,-10.452958,0.08160098,-2.4417922,1.5830821,0.089885905,9.623554,-10.980232,0.037282098,2.2143784,1.7972229,0.046171583,18.703918,12.088534,0.0055766106,2.755687,2.2747738,0.03080527
9,10.717379,-2.6255682,0.035393465,0.5393007,-0.61103684,0.033830743,2.6029546,10.51913,0.0057257796,0.053824212,-1.5370313,0.017305989,-5.9424896,7.8681006,0.0037218155,-1.7654538,0.122318104,0.017771099
7,11.940831,0.4878206,0.028476728,0.7799485,-0.27807674,0.036039308,3.5159864,7.0997005,0.017134719,0.58629155,0.47665042,0.024216961,-4.4840074,12.538276,0.008193674,-0.29111552,1.53623,0.030750006
9,16.497797,-4.6701627,0.03225256,1.0358192,-0.34914938,0.043214288,-0.9555154,10.2135725,0.0148919355,0.15345068,0.55602664,0.021728497,-7.7904315,14.522217,0.009190781,-0.9057971,1.5567999,0.023139287
8,1.8418247,-6.7319922,0.047405448,-0.31545866,-0.7458435,0.038565144,7.391829,2.735914,0.015749365,0.08117474,-2.2803922,0.022269268,0.6532992,4.4912543,0.011383239,-1.273736,-0.2960151,0.025169492
8,3.7018156,-11.223777,0.04589222,-0.45922956,-0.8125613,0.050562255,1.8803916,-5.572038,0.020866673,-0.4106709,-0.5878929,0.01960594,3.3296416,1.5452238,0.012447611,0.7024783,-1.0982037,0.032680724
8,0.032948118,-5.3581185,0.08943761,-0.65752745,-0.0050519854,0.08497612,17.350304,2.6945217,0.029935718,2.3756382,-1.3100069,0.06363803,8.618757,7.598577,0.019463515,0.082019776,0.90662,0.03862562
0,2.2537944,-12.585335,0.05327489,0.25325382,2.768582,0.048969455,-5.725463,-10.344315,0.016455775,-1.0553912,1.3759687,0.021815136,6.5812726,-5.798447,0.008622796,2.0901086,-1.7739385,0.021055209
9,11.812077,-7.216153,0.063231274,0.86917245,-0.50822264,0.06270562,-0.029876413,1.1345507,0.031247957,0.53564984,1.048924,0.029889526,-1.103697,12.576635,0.0210989,0.71231306,1.1950678,0.039551094
3,3.725416,-2.5057924,0.037849136,0.4434275,-1.2224065,0.03074575,2.4318328,4.185803,0.017666623,-0.31267625,-1.6676134,0.020774197,-2.9560254,0.025154626,0.012425676,-1.5376824,0.0058657066,0.029536515
6,1.6262131,-5.1568336,0.047008,0.58717465,0.906268,0.047581084,1.775785,-1.4337815,0.011263601,0.14741826,-0.9914656,0.03206594,0.76896054,-1.4802521,0.009235509,0.34494185,-1.3634381,0.022338128
1,3.4196975,-2.8899329,0.021696242,0.7375809,-2.2317045,0.017690614,-2.0100126,3.8605883,0.011079467,-1.14841,-2.1404095,0.015007221,-5.2139378,-8.941294,0.004174502,-1.9001944,-1.2751323,0.012609875
8,5.7384295,-12.491509,0.042777814,0.19576034,-0.65996826,0.065992795,-3.9622726,-4.4235077,0.020872973,-1.0216004,-0.032292757,0.025284726,0.13348815,-3.9658575,0.009216445,0.51076424,-1.5816544,0.022536675
4,10.844204,-2.676666,0.08319193,0.7095047,0.40975246,0.065932184,-3.086482,2.1521375,0.03180173,0.73028904,2.0748491,0.038443886,-1.5714651,7.378266,0.018283492,1.3100166,0.88479984,0.038551837
5,6.1656322,-1.4027753,0.033861585,0.7843393,-0.9323124,0.035034396,-0.32893524,5.015029,0.018162662,-0.54365593,-0.7663503,0.018502628,-5.7709975,-1.3293395,0.010221042,-1.0993794,-0.66857487,0.032858416
4,9.176725,-2.8847547,0.029836647,0.86978406,-0.6451669,0.034781616,-0.84839034,8.404006,0.022988947,-0.36736032,-0.7029266,0.025996909,-7.4293656,3.698327,0.013148805,-1.2230073,-0.35397637,0.020343529
4,12.943308,-2.4969027,0.054124907,1.1160444,-0.039817095,0.057189714,-2.828808,5.8667383,0.015248782,0.605736,2.3459048,0.014777427,-3.433553,10.942386,0.006812624,0.56634516,1.2128323,0.021457957
7,8.607068,-8.545985,0.023502583,1.7552701,-1.3414496,0.02501977,-10.066679,5.708341,0.013960136,-1.4905559,0.006679358,0.019651158,-11.919408,-4.7877088,0.009589187,-1.8957019,-0.34201124,0.027684769
8,8.8744545,-18.002913,0.028158275,1.88054,0.92758304,0.053324368,-10.702561,-7.068756,0.017142663,-2.2656894,1.1621373,0.02141024,-2.396558,-7.6638575,0.0077768527,0.7581255,-1.9022336,0.020545753
5,3.6783679,-4.975077,0.04200301,0.54888624,-1.8370206,0.05802835,-8.654648,0.21417342,0.019375408,-1.3904948,0.9689735,0.035974976,-4.589738,-11.071157,0.013443711,-0.27238294,-0.9415189,0.031532116
8,3.985096,-7.2020535,0.033378396,-0.49246633,-1.6554067,0.031871658,-5.403158,-1.7986064,0.02416516,-1.5940465,-0.95009947,0.033358842,-3.816434,-9.167702,0.01789236,-0.82270974,-1.6147962,0.02817139
3,2.1996737,-10.468422,0.05562425,-0.9916847,-1.0943956,0.053761557,-2.1199653,-11.380299,0.01746064,-0.94298744,0.043108676,0.019505367,5.8559885,-7.695759,0.009216236,1.3207294,-1.3243676,0.02163834
6,-2.702242,-3.3511074,0.059387762,-0.8567385,0.96430093,0.06304371,4.0057144,-4.9423165,0.039250728,1.1969928,0.83901316,0.0465797,7.812746,-0.9410251,0.014425421,1.1595275,1.1750017,0.034265738
3,0.2209152,-8.183304,0.07968357,-1.370907,-0.26970604,0.05870565,9.971364,-3.169646,0.0299131,1.1972553,-0.95722026,0.037978057,8.764916,3.1039732,0.015225284,0.2669468,0.9792371,0.03883474
6,1.1138865,-6.4224997,0.050287966,0.67860407,1.8008441,0.03617543,2.2551434,-8.373888,0.0114695495,0.051773325,-0.4890182,0.019589633,9.46504,-7.7384963,0.0064632515,1.3444376,-2.0521395,0.0263834
3,0.2092781,-3.3744476,0.06253152,-0.20319106,-0.34084335,0.063481644,4.5206957,5.502028,0.03282093,0.7615002,-0.6724123,0.051283322,-2.29749,3.8103836,0.02242114,-1.0790128,0.968873,0.042528484
2,1.8759918,-8.504949,0.07632778,-0.5088197,0.8829257,0.085205525,0.42059594,-5.054197,0.033013552,0.15323837,0.1813784,0.062794946,7.969952,-5.351248,0.020611845,0.9898701,0.037801884,0.057764288
2,4.527081,-10.777256,0.059521925,-2.2291644,-1.3033755,0.03922444,-0.30036703,-7.7084975,0.012961224,-0.49070868,0.16972567,0.017862795,3.8822243,-2.4939742,0.009983741,0.8857064,-0.34766567,0.01923591
7,15.001345,-15.586128,0.023110295,3.439752,-1.0019045,0.016750112,-16.078638,4.2922525,0.00903833,-1.2788049,2.158563,0.013930201,-13.5683,0.64868397,0.006281382,-0.72355205,0.9103327,0.01690953
4,6.8851957,2.7315006,0.046103045,0.034876518,0.1984927,0.049805578,11.265899,6.816158,0.029241266,2.6469705,0.6737264,0.028109211,1.6754378,16.850464,0.014133453,0.5028504,2.6444333,0.02683424
6,4.8885384,-1.4811112,0.06096079,0.07919258,0.8191065,0.04565897,4.9472213,0.49761906,0.017145243,1.1464771,0.090542875,0.025621817,2.4465399,3.0743186,0.010376461,0.6363525,0.30249518,0.034019433
8,1.2278775,-6.8396997,0.044594444,-0.6192544,-0.7755734,0.04192839,5.113724,-1.8331044,0.022090537,0.4091737,-1.2594799,0.025397716,5.605489,0.2544464,0.013325013,-0.119898394,-0.51654226,0.029384105
4,4.1959496,-4.5082936,0.03386326,1.0892106,0.38748097,0.039889768,-7.0844054,5.8616543,0.0149809,-0.5528173,0.29683563,0.017782738,-9.110313,-2.918741,0.011759529,-1.1187934,0.005581625,0.02367586
7,9.800772,-6.5409393,0.02929532,1.5568432,-0.4867731,0.03202921,-5.6523137,7.3604045,0.022978595,-0.6721248,0.26913226,0.028193409,-11.089534,2.2627304,0.016048204,-1.3966025,0.4401071,0.028240103
7,15.200299,-10.572535,0.02613357,2.0931194,-0.7050709,0.026181037,-7.2475805,10.33729,0.010761973,-1.0690713,0.36688885,0.014490461,-14.064029,7.2173586,0.0061526895,-1.547321,0.97604734,0.011942469
5,4.8048882,-1.1777736,0.052008357,0.63566864,0.37592033,0.05461294,0.3298354,5.887483,0.04900853,0.35033602,-0.11724621,0.0525693,-7.113219,3.5564008,0.031456098,-0.81584966,0.31033584,0.048088025
6,-1.7563909,-4.772836,0.056890994,-0.30287114,0.9521689,0.05468198,6.7710323,-4.893463,0.012588246,1.8162707,0.43543264,0.021850511,11.379307,2.7135813,0.008140165,1.6863098,0.18679701,0.025093563
3,4.576555,-12.790912,0.04158576,-0.94395053,-1.2124525,0.049591467,-4.9938126,-4.628201,0.017216228,-1.2920619,0.0062795975,0.0238585,-2.5338504,-1.5298798,0.011207712,0.19432934,-0.5472923,0.024030203
6,-1.513693,-1.096721,0.05704385,-0.19056968,0.79241097,0.07674434,9.068925,6.076782,0.014371927,2.4216614,-0.15280905,0.046392094,3.1275527,6.793696,0.017713752,0.27720475,1.5613712,0.039014272
0,-4.889629,-7.140846,0.044326715,-1.9604706,1.2200707,0.029577078,9.622627,-6.455737,0.009004198,2.3058197,1.5290258,0.015677342,15.984231,5.4134116,0.0052444716,1.5785396,1.9146382,0.020628963
2,2.2870882,-5.960075,0.04983382,-0.03733631,0.079036474,0.069391765,-0.6691384,-1.4765846,0.019908326,-0.3465305,-0.5385697,0.029859072,-1.6544952,-2.9727337,0.012963751,-0.43462902,0.44884974,0.027723107
5,7.000629,-4.557698,0.058971543,0.16284709,-0.88605213,0.039124753,0.4621729,2.4408507,0.028875224,-0.18886034,-0.58686703,0.029580234,-3.044816,3.8165712,0.018035924,-0.7162038,-0.27906564,0.031919967
9,9.110035,-3.0722153,0.04373124,1.1133316,0.27440628,0.040499516,-3.6586194,4.304683,0.02980927,-0.5463442,1.1302783,0.035169177,-7.2204757,1.020518,0.020232966,-0.2324813,-0.23954508,0.03599808
8,7.383815,-12.744526,0.03745833,-0.76087666,-1.8739253,0.059497036,-11.988957,-5.025986,0.0153288795,-2.588701,0.7248556,0.028141826,-6.4549565,-12.230629,0.008003686,-0.258718,-1.870643,0.019721663
8,1.7972561,-6.0426,0.040458113,-0.3019469,-1.0087042,0.037834518,4.7231693,-1.113636,0.021028683,-0.21898161,-2.2727227,0.026142232,3.7007136,-1.4642305,0.013427304,-0.5930966,-1.1310674,0.025397804
7,14.173721,0.72663444,0.019204607,0.83140236,-0.37499946,0.033140756,4.3271666,12.319806,0.00758493,0.56505644,-0.0104504,0.018702393,-9.245822,15.090875,0.0047229254,-1.3929712,2.1068428,0.02448304
8,-0.481378,-2.957818,0.08800907,-1.1626456,-0.05996158,0.08343195,11.261813,1.4195385,0.05545294,1.7148229,-0.9556893,0.06580363,4.403724,-0.703763,0.028756367,-0.6380022,1.2403401,0.060134247
4,6.9676843,-0.40111822,0.054948725,0.6176589,0.13827501,0.052978154,1.0763345,10.057962,0.03361116,1.4355404,0.47085893,0.035902318,-7.933272,10.170851,0.01398706,-0.73913234,1.7652746,0.041091125
6,2.6205518,-8.313616,0.04553277,0.8882694,1.1895413,0.046440057,-2.2944477,-3.5286062,0.016428886,-0.6585214,-0.054978717,0.024768665,0.101678215,-3.3059285,0.013031003,0.54576486,-1.7519195,0.022663005
4,10.794325,-0.9059218,0.025648126,0.69772536,-0.1498931,0.02851414,1.7774754,11.532658,0.011919307,0.80817163,-0.43317336,0.011721878,-7.633428,12.184384,0.00588959,-1.2807647,0.98587555,0.016559793
2,3.3145852,-8.962351,0.07095171,0.38368586,1.025248,0.066075906,0.29764616,-2.892696,0.025172327,0.3440397,0.20116799,0.031677797,2.9964807,0.42705393,0.012396877,0.91125864,0.46499267,0.030226082
2,0.6773051,-3.3212454,0.067407645,0.06272729,0.9159634,0.07214247,2.366117,-1.3369148,0.024926336,0.7777026,-1.0478733,0.030740349,3.208349,-4.6283817,0.017467715,0.04721801,0.30758274,0.037794955
8,5.241628,-11.833505,0.038792152,0.4961463,-0.793944,0.04123541,-3.263044,0.85314596,0.019645825,-1.076201,-0.54976445,0.02386725,-4.3152475,1.28898,0.011388377,-0.8456703,-0.6553813,0.025520494
3,4.0526953,-9.378263,0.055168673,0.03937829,-0.98171926,0.039592825,-0.059920035,4.9478407,0.023286635,-1.0794094,-1.3639758,0.024070395,-6.0215755,2.023434,0.013184973,-1.5890325,-0.13719131,0.02879737
3,0.18983829,-5.5218177,0.062615454,-1.2927612,-0.3483915,0.04440148,13.26465,2.515175,0.019191792,1.5813866,-1.539582,0.025997493,5.697771,3.7877448,0.0061091892,-0.6393059,1.1876907,0.037993938
7,12.653802,-12.785476,0.021296024,2.6093535,-0.87336415,0.018759066,-11.835273,4.919211,0.010913554,-1.0243983,1.0409843,0.012939363,-12.490448,2.1230822,0.0077800495,-0.9450405,0.94493145,0.013506079
3,4.019507,-10.2744055,0.049490657,0.20764384,-0.914914,0.053425264,-3.785777,-1.7609236,0.030731035,-1.0888654,0.06127436,0.032485362,-5.088503,-1.3000315,0.009389443,-0.37708965,-0.336494,0.026404763
2,1.3513193,-4.758289,0.07036264,0.019897249,0.9986499,0.06812584,-0.5423662,-4.9509964,0.020697424,0.1436699,-0.21549174,0.032193046,3.8975077,-4.1847544,0.016492154,0.6613751,0.48165888,0.036072265
1,5.5291495,-8.539136,0.02972339,-1.7445385,-2.7720442,0.012776449,-10.416391,-2.6200325,0.0048013683,-2.1174228,-0.4447032,0.011554673,-4.68033,-14.234266,0.0028996733,-0.75565326,-1.6742241,0.012620364
6,3.868243,-9.886351,0.06438529,1.0876824,2.049787,0.035456408,-7.775981,-9.119445,0.016206216,-1.8384864,0.2201946,0.027164452,3.5138555,-9.611043,0.009043414,1.0789981,-2.5936131,0.01995344
1,3.9574175,-2.706766,0.018722385,1.0088576,-2.1103954,0.01368155,-2.6247685,5.9905066,0.006782182,-0.919291,-2.109537,0.008654148,-7.2781143,-7.7360187,0.004837856,-2.201465,-0.9820311,0.009214901
5,-0.33801797,-10.199393,0.07496549,-0.22051018,1.4295051,0.08856096,4.3571706,-6.383125,0.039369497,0.31295174,0.9293525,0.046835564,8.17828,1.8842511,0.016010042,1.2159637,-0.025527725,0.037252802
2,0.64443505,-3.3064368,0.07032056,0.26435098,0.9012629,0.06727208,-0.99115396,-2.833805,0.026497858,0.6115809,0.48353788,0.04791942,4.719567,-1.7648119,0.023723096,0.97467923,-0.18401515,0.044171296
1,5.052374,-4.2740865,0.032374308,0.77153194,-1.965629,0.0180653,-2.2937276,4.827791,0.007729371,-1.4108233,-2.7864804,0.020669134,-5.9199657,-7.279181,0.0039963946,-2.00282,-1.3594828,0.012258219
0,-7.114963,-6.451987,0.028350018,-2.1820955,1.8159926,0.03647696,4.0492682,-7.954486,0.01250856,1.477936,1.9634479,0.022480886,13.842044,3.280385,0.0069446363,2.2568166,2.030685,0.012922756
7,6.3075695,-1.7863098,0.02832308,0.9082285,-1.0294998,0.026817393,0.9307988,10.839767,0.009735669,0.10011624,-1.5295416,0.01842716,-9.55806,2.768906,0.007235527,-2.2528234,0.7441408,0.017180823
3,2.967599,-14.089757,0.035839595,-0.5262015,-0.79149973,0.05637822,-0.3147513,-10.755461,0.025067654,-0.7288144,0.20496805,0.029502757,7.461218,0.2960331,0.016890574,1.4308591,-0.8442923,0.026405908
5,3.5594532,-5.5626845,0.047651265,-0.09515725,-1.9753634,0.053656064,-8.660468,0.86610305,0.026692925,-1.1885681,0.5491548,0.03868568,-5.2836266,-10.039219,0.015436664,-0.5115877,-0.7620728,0.033017505
6,-1.1536399,-7.0756526,0.0696436,0.2645578,1.4887805,0.06760168,0.28331232,-9.601945,0.044206027,0.1516343,0.65958095,0.050220534,11.008641,-6.7844424,0.018378347,1.4314004,-0.96247923,0.046459965
1,4.7310863,-5.609438,0.043638136,0.85671824,-2.0037098,0.023873711,-1.9563246,2.487104,0.008399686,-1.437735,-3.033269,0.011562176,-3.3401186,-8.040709,0.0049575428,-1.5424963,-1.6638657,0.021894198
8,3.065987,-12.259232,0.04870245,-0.29738802,-0.69305044,0.06122406,1.33829,-5.4039593,0.035596635,-0.104474135,0.5201175,0.043179277,4.059744,2.118432,0.015800105,1.0188956,-0.14735806,0.039740868
1,4.484048,-6.8549933,0.024750339,-1.514285,-2.6768486,0.009959599,-8.485354,-0.96101457,0.0037559776,-1.6446865,-0.7082797,0.015556601,-4.7651167,-12.796685,0.0025895615,-1.1976937,-1.5239792,0.016299732
2,2.014665,-5.109591,0.06289071,0.29602045,0.7677739,0.07611245,-0.7366569,2.5185726,0.04263076,0.42788398,-0.3466139,0.041792918,-1.4618362,-2.5173168,0.016808003,-0.47866794,0.11108542,0.048987385
5,2.3514278,-10.002529,0.05535457,0.45894372,-0.13075441,0.066429086,0.60788184,-1.7196655,0.020978214,-0.12539163,0.6941146,0.026572889,1.4936227,1.2842652,0.015549728,0.52088904,-0.5402134,0.030922063
8,3.6596193,-9.031343,0.043036617,0.023444463,-0.9280021,0.0509648,0.698873,0.67495704,0.027165374,-0.37001088,-0.24002227,0.032279246,-2.1123714,1.6304693,0.016260535,-0.46921298,-0.17154461,0.033936273
0,-3.115316,-3.0145373,0.044702772,-0.85401744,1.1077238,0.06861834,1.4339911,0.019336583,0.019494819,1.2451788,0.9332645,0.0261276,1.4528682,-1.5082994,0.009711086,0.43443388,1.318902,0.029917946
5,0.45299965,-9.529913,0.055637784,-0.4301395,-0.39181075,0.05249736,11.135171,-1.9129579,0.03501019,1.3154361,0.034356497,0.035427377,7.888179,9.435894,0.01877941,0.5510143,1.0095375,0.034651447
6,1.3388778,-4.5477505,0.039000332,0.48489442,0.44214895,0.045634378,1.7512186,-0.4209625,0.020033602,0.1485534,-0.70702714,0.029461749,-0.22428,-1.8470578,0.01225375,0.15432657,-0.92884403,0.029570883
0,1.5664533,-8.197096,0.03925498,0.30541664,1.0157746,0.046826202,1.9883635,-3.8908246,0.014948202,0.124543026,0.0030444055,0.034634925,4.743904,-0.9423097,0.008455514,1.1715342,-1.1447384,0.026992291
2,-2.4185772,-4.390724,0.09454589,-0.18447939,1.604216,0.08846531,-4.608763,-12.728041,0.029990926,0.23118569,2.1168585,0.031466324,10.488616,-5.632849,0.013564078,2.6017582,-0.53605914,0.029843435
0,-2.5842202,-7.226856,0.06954795,-0.54425347,1.9169298,0.05863309,-2.0568323,-3.897203,0.013762574,-0.117381446,2.0278454,0.038842443,7.3157306,-0.604669,0.0111357765,1.5870441,-0.098533,0.025824355
0,-3.603274,-7.407672,0.045618445,-1.4753368,1.0743936,0.04249958,11.191218,-4.821831,0.014025954,2.5028,1.4379886,0.027097454,15.652285,11.113994,0.0120048085,1.9764982,2.3022418,0.022248458
6,2.3012805,-8.435943,0.047453567,0.7890609,1.5933352,0.03962588,0.52867705,-7.3470707,0.02433532,-0.77225256,-0.8223554,0.029347068,6.8244357,-5.9030766,0.018817756,0.8513969,-2.0404608,0.036532972
1,4.122655,-4.141091,0.02667794,0.6940266,-2.3746169,0.017629528,-4.5444336,2.8662684,0.007109004,-1.6193869,-2.5488033,0.009313442,-5.765561,-10.32641,0.003950809,-1.9749234,-1.6506989,0.015218013
1,3.4631732,-4.6218567,0.022335893,-0.59779054,-2.810793,0.017137514,-6.5357924,2.535837,0.009348799,-1.2685093,-1.5936068,0.014867269,-6.322249,-11.342175,0.00670716,-1.9697003,-1.4067445,0.014029948
1,3.117482,-1.7119585,0.024093151,0.8527759,-1.7200772,0.024361728,1.983119,6.0461626,0.008634694,-0.16850418,-1.9650419,0.016789056,-4.804521,-3.9196327,0.0063614184,-1.6384593,-0.53816175,0.012933782
4,13.078817,-6.7177353,0.03490837,1.5558196,0.14988066,0.03493536,-6.219945,7.950923,0.012412929,-0.1411804,1.7009522,0.023608271,-10.550449,8.179373,0.0080395145,-0.15801166,1.1160928,0.023995195
2,0.5764129,-4.53272,0.07312753,-0.0304779,0.9802836,0.076090954,1.6149104,-2.5755973,0.025732754,0.5729348,-0.33356282,0.028207352,4.2806754,-3.5670664,0.013304297,0.63495094,0.6683924,0.04352085
2,2.4801748,-8.222966,0.06053456,-0.5117845,0.022616478,0.06691103,4.173512,-1.076218,0.016962545,0.17356442,-0.51617515,0.030320842,1.994728,4.6659675,0.00971323,0.15308289,1.1603519,0.03155268
8,5.950481,-10.726968,0.04240653,1.0789876,-0.10641465,0.050058123,-5.2780657,1.6084281,0.026689809,-0.84468085,0.1693666,0.032943994,-5.594501,-0.81222266,0.026923766,-0.6511895,-0.4274765,0.036043633
3,1.1812488,-8.226567,0.046931297,-1.062351,-0.85042,0.033685062,7.4189396,-6.8029447,0.01568208,0.098606996,-1.339275,0.017950207,8.801204,0.12703611,0.0060526067,0.48569003,-0.24641131,0.01843167
8,4.813785,-9.732801,0.049947675,0.3265576,-0.90167034,0.04289448,-2.0135972,4.298193,0.015059357,-1.2783258,-2.0287442,0.016112396,-4.412878,1.0399839,0.009959067,-1.6947935,-0.6834138,0.01981402
0,2.9837723,-14.405422,0.047930166,0.45104134,2.758937,0.03763657,-4.373156,-12.774472,0.01922034,-1.1435916,0.71533084,0.022910561,8.887852,-4.033405,0.007143043,2.2328646,-1.9507099,0.016993375
6,1.9296699,-6.156609,0.073305205,0.7819467,1.7455846,0.03762482,-1.4265745,-6.8863144,0.012214149,-0.20915519,0.4329025,0.022982296,6.348327,-5.282559,0.008782387,1.4493302,-1.5592217,0.018009141
3,2.0838976,-8.168698,0.05854301,-0.47394365,-0.5745386,0.04911709,3.7773027,-0.055849418,0.019182382,0.34943402,0.032462522,0.03028594,-0.39001778,7.4790096,0.009444742,-0.1051625,1.2804781,0.03300671
5,2.9777994,-7.9907866,0.05867598,0.85596627,0.90037763,0.056268457,-3.6471648,-2.8933578,0.0353759,-0.9552047,0.86597615,0.037664756,-1.3742155,-5.8437886,0.01557836,0.6030741,-1.1069996,0.042540345
6,1.3381172,-4.9269166,0.06420997,0.31434882,1.0096061,0.048362304,2.783928,-1.408978,0.02128442,0.7783647,0.23274657,0.023129119,3.3148775,1.394194,0.013038568,1.0272292,-0.53963804,0.03431939
4,12.040997,-4.5882564,0.09235452,1.1611048,-0.2056823,0.09732412,-1.0498484,5.0934834,0.037144784,0.59659475,2.4568164,0.04490771,1.4363152,13.541471,0.01597543,0.99647754,1.2873343,0.042294323
6,5.503613,-10.002068,0.061389085,-0.66663724,-1.7881212,0.06663593,-10.534474,-3.3093357,0.024834825,-2.3136406,0.50614995,0.033589367,-2.9516091,-13.603812,0.011567728,-0.030971944,-1.6788676,0.031181648
3,0.89781415,-9.152951,0.06165559,-0.97726524,-0.6001488,0.051179174,6.6759486,-10.448167,0.021445062,0.6437351,-0.21561813,0.026474308,11.198069,3.091172,0.008030974,1.3456573,0.024387231,0.042341918
2,-0.9467494,-1.1624572,0.096309826,0.25812244,1.1094829,0.08723379,-6.072969,-11.059616,0.009238884,0.30260205,1.938611,0.038075216,6.3354335,-4.935185,0.0093007,2.5836837,-0.5090122,0.035977334
9,15.322826,-8.875732,0.030874096,1.558377,-0.17080368,0.03939584,-4.9171066,4.230941,0.010759422,-0.30033043,1.6245148,0.017364394,-6.505566,9.396919,0.0071975295,-0.020005288,1.0513369,0.018709566
4,5.2710013,-0.6000276,0.033303518,0.30823392,-0.31543747,0.04093303,3.1674325,7.3083987,0.02414425,0.7631944,-1.4526001,0.029827198,-5.578331,2.3365207,0.014344418,-1.561604,0.31849584,0.042296372
8,3.1223707,-8.553697,0.048116542,0.037156012,-1.177957,0.0535,-0.42751586,-4.907168,0.042001598,-1.1517783,-0.706072,0.044313874,2.6491134,-8.534444,0.021770693,0.60142344,-2.1033103,0.033810932
1,3.1971977,-3.5247438,0.021849751,0.52385,-2.4311516,0.013729136,-3.732373,2.6163964,0.006063481,-1.3332542,-2.211603,0.009851864,-5.3492074,-11.102492,0.003729684,-2.0212762,-1.4778563,0.016505977
1,4.0082774,-2.6834755,0.01933338,0.90918887,-1.8403873,0.014156413,-2.51,6.590819,0.007419811,-0.9024157,-1.9433376,0.009075308,-7.7906857,-6.49352,0.0050729173,-2.1164463,-0.7784898,0.020735472
2,5.161354,-12.58117,0.0820249,0.0824769,1.5891025,0.07980689,-7.4314313,-8.661532,0.023574708,-0.13907525,1.9732056,0.02402952,4.9977493,-2.5702121,0.008509034,2.2578785,0.24273026,0.027885351
4,8.573877,-3.2355373,0.027087921,1.1103296,0.19936855,0.03345221,-3.1390567,7.402868,0.012759494,-0.45867515,0.20678303,0.02301069,-9.163979,2.539175,0.008324952,-0.9936182,-0.23092757,0.021505896
8,7.904946,-12.047359,0.033661958,1.2409042,-1.1413447,0.051211655,-9.492354,-0.39694455,0.026845183,-2.2080886,-0.27455446,0.030681955,-7.091648,-5.54444,0.013875755,-0.98048085,-1.1806356,0.030439021
4,12.435797,-3.9961472,0.046262313,1.0279018,-0.055086806,0.04312005,-4.4153566,8.920304,0.022348356,0.3476478,1.6026484,0.025180127,-10.036673,8.591807,0.007025434,-0.63217616,1.3854903,0.026525328
2,1.0866704,-4.5965376,0.06967444,-0.17815626,0.9158318,0.063304864,3.755168,-5.4978695,0.03447661,0.90010273,-0.2541304,0.045844156,7.7001033,-1.6082528,0.026225673,0.997214,0.11577384,0.044368543
9,6.340612,0.8654032,0.04448125,0.19879419,-0.26998588,0.04863721,11.113341,12.913782,0.009865923,1.8053802,-1.8273923,0.029168973,-5.708365,11.476937,0.0060375948,-1.9686867,1.4371682,0.033074673
1,5.1775074,-9.836989,0.05246655,1.1518023,-0.9776544,0.06275461,-4.7956595,-0.7441629,0.04724682,-1.0257072,-0.22177178,0.04668179,-3.6029258,-4.371568,0.014150365,-1.0006927,-0.0907498,0.04852942
4,6.299701,-0.32720694,0.040981244,0.36874068,0.07995083,0.04664366,3.1822023,6.8148007,0.026416633,1.0213805,-1.3287717,0.036644105,-4.189484,5.807779,0.017851144,-0.98709506,0.18933778,0.034022838
9,8.527953,-11.554989,0.033305787,1.966027,0.7535044,0.039231546,-11.803554,0.31014952,0.025561396,-2.0856729,1.0772021,0.02736573,-8.801549,-7.6760106,0.008302223,-0.4477139,-0.92560786,0.028171124
7,11.821589,-4.470771,0.028291048,1.2369897,-0.69774705,0.031235464,-0.95336366,8.552045,0.013639005,-0.17724344,-0.52635133,0.01867921,-8.870803,9.76307,0.008184892,-1.479448,1.2329935,0.022581551
2,-2.9929109,-2.6156776,0.10232397,-0.20812102,1.3366104,0.09818669,-1.468695,-12.284774,0.018125966,1.0136093,1.9873562,0.03219989,14.603535,-1.6122559,0.014385119,3.0924604,0.09965422,0.0415552
7,11.895853,-3.725687,0.048582703,1.1644852,-0.5052342,0.043387312,-1.0079125,13.947573,0.017651433,0.31201702,-0.58441293,0.029319443,-11.7682295,11.652265,0.0137748765,-1.888681,1.9686073,0.02337086
0,-5.8265114,-4.42689,0.03705042,-1.861415,1.559113,0.05836811,3.1586356,-4.5636435,0.010860132,1.4779332,1.7435242,0.026676673,10.100573,3.0830019,0.0063222665,1.9237982,2.0786781,0.028315058
9,10.184763,-5.9876266,0.036798004,1.0799289,-1.0573457,0.032673307,-3.948305,6.461335,0.017978866,-1.5055623,-1.0512543,0.033010688,-8.603184,0.5374022,0.009696639,-1.6569295,-0.75417256,0.030300982
8,5.079283,-7.8103623,0.027655529,0.18139414,-1.5673741,0.04168288,-7.2977753,-0.01133711,0.019367894,-1.4523584,0.008019008,0.025747592,-6.2074313,-9.075714,0.012905273,-1.0706968,-1.4156706,0.026063874
1,4.992021,-7.6761265,0.02309528,-1.279734,-2.6724923,0.0077841203,-9.487155,-1.3225675,0.0032932947,-1.9589907,-0.9669828,0.014799782,-4.9252853,-13.620672,0.0030212414,-1.2322553,-1.7939957,0.0072697056
6,-2.3178346,-5.9817348,0.060443293,-0.36370483,1.5067493,0.062233925,3.2013443,-10.622853,0.02144556,0.95306915,0.77509665,0.03486538,14.527825,-7.6681304,0.0148815755,2.0975375,-1.0072342,0.042922184
2,0.8444862,-3.0660594,0.06818546,0.16899464,0.7910277,0.069474824,-1.8724082,-3.7871573,0.023477687,0.03168262,-0.18244955,0.036472194,1.2522885,-5.5729938,0.015856614,0.46927005,0.31349546,0.037871443
7,8.862476,-9.218809,0.023770707,2.1017578,-1.2760619,0.023325663,-12.139371,7.271408,0.007762589,-1.2636623,0.3128503,0.020140972,-13.483184,-3.6653147,0.004672249,-2.000784,0.2525218,0.014932188
8,4.001441,-6.2439914,0.049449354,-0.6628805,-2.2889009,0.054234855,-7.6385217,0.05353394,0.028676763,-1.1820287,0.828135,0.03728391,-4.60167,-10.892356,0.012285752,-0.17387678,-0.5555092,0.04342858
2,2.127299,-6.719311,0.091605574,-0.116972074,0.93318975,0.07394741,-2.1647086,-2.1791184,0.023920825,0.41506073,1.3961577,0.03378288,1.7212795,4.882718,0.017389331,1.4619759,1.1572679,0.034753017
4,8.726425,-5.573827,0.04470761,1.228805,0.59212714,0.040254794,-4.405256,4.814547,0.022278188,-0.809647,0.27408054,0.031681422,-8.128862,2.0821705,0.014563385,-0.5279657,-0.5905887,0.027345698
7,14.891472,0.37925836,0.022909418,1.000942,-0.4402758,0.03997444,3.780735,10.709005,0.017613623,0.5309509,0.4579131,0.020648604,-7.996844,11.847008,0.0077508804,-0.98187107,1.5041248,0.020454463
2,-1.659488,-4.971881,0.09579927,0.039881334,1.2797965,0.081718504,-3.4817414,-7.590712,0.032427322,0.63370425,1.9113196,0.042350646,7.1803474,-0.57269514,0.015456572,2.3557808,0.13302562,0.034828335
3,2.2177773,-12.264196,0.044598553,-0.5252242,-0.74628985,0.04046094,3.38019,-4.18039,0.019624697,-0.05390631,-0.34860942,0.021913959,3.1493735,5.162061,0.01210944,0.28416765,0.36602247,0.024447277
5,-0.382753,-7.7538714,0.05668176,-0.38045323,-0.12810668,0.055027336,5.0718584,-1.7063818,0.037614707,0.9556586,0.484816,0.044597868,4.274839,6.9807634,0.02626349,0.5558026,0.8232863,0.04431685
9,11.687489,-1.2028501,0.06204777,0.5033003,-0.19261368,0.061506737,3.605236,6.307995,0.021589031,1.2903372,1.9599354,0.02997734,-0.13967577,16.611948,0.0108814,0.7426009,2.049844,0.032326095
5,0.44507003,-3.7172074,0.04716147,-0.42223698,-0.38491258,0.040498614,11.3535185,1.3934574,0.022645662,1.1421885,-1.3571008,0.03295312,5.923412,6.665367,0.011621977,-0.07237114,0.79782677,0.026956812
7,11.285156,-14.533262,0.042456582,3.2730117,-0.31666836,0.048156932,-16.610312,-2.356061,0.021540832,-2.2012298,1.6793109,0.025905179,-9.752805,-10.770759,0.01081011,-0.4198347,-0.5713746,0.02800366
9,16.393724,-11.572011,0.05711975,1.8972157,0.0692407,0.06574622,-10.5326605,6.7463017,0.02071811,-0.7077176,2.8019586,0.032475777,-10.404704,12.9930725,0.0104831895,0.2931826,1.4918158,0.035337735
2,2.126535,-4.514282,0.044839162,0.47143027,0.630283,0.04714762,-4.401026,-0.7560675,0.02702263,-0.13205425,0.8262153,0.0410159,-2.625324,-2.5216901,0.015890738,0.19703524,0.094964705,0.02891871
7,13.988739,-13.264193,0.017517587,2.8983514,-1.13853,0.015068492,-12.904774,6.834591,0.008722839,-1.5148627,1.1075598,0.011649788,-14.245256,1.5744122,0.0040693837,-1.6291896,0.6481545,0.013535786
1,4.189732,-4.7274094,0.023073373,0.07069768,-2.5682304,0.015287599,-6.829345,4.565765,0.004789638,-1.5557815,-2.0148396,0.008721546,-8.222964,-10.522722,0.003575881,-2.48237,-1.3405782,0.014664896
5,2.1012397,-6.7581367,0.045054406,0.23360066,-1.3833355,0.03323457,-0.648585,-0.5535548,0.020236358,-0.9648159,-1.2259161,0.031686526,-1.429741,-3.5351255,0.011611922,-0.6757355,-1.2270869,0.022641601
7,11.057107,-11.105484,0.038654637,2.5783107,-0.97674847,0.032467656,-10.78216,2.8048625,0.014268069,-0.7032517,1.0604178,0.021983003,-10.26135,-1.0055014,0.0085167205,-0.5350406,0.76241976,0.029061133
3,3.2356431,-14.342727,0.049051315,-0.5884686,-0.69299316,0.05699965,5.238949,-3.5222387,0.022087041,0.35263202,-0.037225306,0.025390293,3.765079,9.712711,0.011586311,0.5548308,0.94979143,0.02886723
0,-6.3268394,-4.2324862,0.05350289,-2.0504408,1.4434825,0.062029015,1.9372858,-9.000347,0.028364174,0.7850564,1.9421948,0.035725843,9.990934,0.6729687,0.0158504,1.8427659,1.592075,0.043594502
5,0.043747395,-6.4045243,0.049961865,-0.5651599,0.100178994,0.05579819,6.361244,-4.4509926,0.03875068,1.0184481,-0.46299386,0.042815596,9.919028,-0.51907533,0.013897327,0.8092566,-0.07371787,0.03831251
5,3.3243754,-4.978373,0.0374359,0.2083115,-2.1404817,0.04199538,-7.497902,0.4590487,0.018223986,-1.2830919,0.6128213,0.0323828,-5.2466097,-11.271495,0.016389642,-0.50293463,-0.812204,0.032643687
2,5.5755653,-14.094645,0.07635384,-2.1913009,-1.002665,0.06717436,-1.6208836,-14.251036,0.0143892765,-0.33695546,0.8493436,0.02437232,9.656284,-5.9668455,0.011504442,2.037127,-0.4111657,0.03927459
8,1.794118,-8.48013,0.06132122,-0.15981025,-0.4232297,0.057658974,7.527496,2.1179142,0.040246427,0.723323,-1.1631707,0.04393102,1.5682374,7.7767563,0.028504552,-0.34440008,0.6482299,0.050052725
4,6.6503735,-1.7741367,0.049676213,0.75373524,0.71665114,0.04519917,2.335104,2.5335836,0.021015976,0.22396812,-0.5912021,0.028244756,-0.577737,1.8562828,0.015051671,0.13616045,-0.53099066,0.025865518
9,4.338996,-0.15024462,0.057472367,-0.13092992,-0.08489937,0.055578344,9.703759,8.297764,0.022696836,2.0633624,-1.7828052,0.034545876,-2.7490144,5.1225257,0.012452713,-1.3552394,1.1962304,0.041461643
8,6.847081,-9.254357,0.06176063,0.55726177,-0.47546664,0.04275044,-0.34702724,3.8675737,0.017635474,-0.021382995,0.34055063,0.028267283,-3.5216062,7.705913,0.009594069,-0.57373315,0.9914087,0.037309766
4,7.35179,-1.6466022,0.04926357,1.0870312,0.2508105,0.04754491,-3.0072455,4.928747,0.02141098,0.122550085,1.557442,0.027285768,-5.042847,2.9334276,0.014701548,0.21126959,0.40549156,0.03454286
9,10.100616,-3.5787876,0.032294028,0.922747,-0.60268635,0.041026384,-3.5647066,8.198305,0.011055532,-0.91918254,-0.19192591,0.031009251,-8.67729,-1.0611615,0.0071006496,-1.2583871,-0.758183,0.01989761
2,4.49519,-8.271061,0.06379001,-2.689842,-1.2787607,0.04151886,-0.43317452,-3.8150556,0.024795255,-0.09170601,0.45225152,0.036593255,0.6791666,-6.875331,0.010822741,0.45182225,0.18327297,0.04624608
8,6.574619,-12.517438,0.035687022,1.1440513,0.24604684,0.05591026,-7.042142,-2.2432315,0.01765298,-1.5605484,0.60721636,0.023939008,-4.1531925,-5.5342703,0.013786797,-0.13774921,-1.5585932,0.02395218
4,13.694207,-7.1702785,0.04693494,1.3314929,0.22689813,0.045732908,-4.381706,3.491315,0.016481262,-0.0917435,2.1809173,0.017374633,-3.6752465,8.769296,0.008810437,1.0438131,0.19848241,0.017522704
4,11.307678,-1.8351264,0.031493474,0.80548114,-0.19515301,0.0345967,0.26410678,12.326112,0.016554851,0.54670215,-0.123766795,0.019634532,-8.705999,13.698148,0.0076873787,-1.3148767,1.2486147,0.019806214
1,3.5476873,-2.2460847,0.021975432,0.94163436,-1.8301181,0.019438041,-1.2972165,4.73607,0.012204046,-0.82449394,-1.7610086,0.018672341,-5.671955,-7.4713135,0.007574345,-1.5074518,-1.082356,0.018970136
5,-0.5325301,-7.6354194,0.045293182,-0.8002719,0.030529922,0.048202947,8.699841,-5.495489,0.023150872,1.4673122,-0.267073,0.033703044,11.907505,3.0127895,0.016553985,1.3138055,0.34818867,0.035079464
6,1.2327539,-4.527521,0.044754945,0.62902826,1.2078927,0.040144406,2.6778636,-4.856679,0.016914638,0.13024572,-0.6861668,0.027946798,5.354558,-7.0565286,0.013627504,0.6097231,-1.7603403,0.026254551
1,4.9482336,-6.232437,0.030646803,0.7516477,-2.2631617,0.021108184,-5.646375,2.9278371,0.013787194,-1.9155012,-2.2525878,0.010723332,-6.03894,-9.686597,0.0051956614,-2.1731997,-1.4807076,0.014398491
9,11.678461,-7.302816,0.023798179,1.312997,-0.59612894,0.030016422,-5.030224,6.2535467,0.011266573,-1.2341987,-0.021305485,0.020342102,-9.987291,2.3865247,0.006917222,-1.218529,-0.4280224,0.021168215
9,12.205961,-3.783624,0.04403034,1.1324586,0.053831093,0.04029466,-2.9787138,4.2828083,0.026297616,0.009974711,1.4270723,0.030541824,-6.714354,5.620329,0.015200141,0.1780971,0.39175487,0.040171754
2,1.2565625,-6.00402,0.09523241,-0.4661911,0.30518463,0.098519705,6.0560775,-0.863847,0.018286752,1.1311274,-1.2179471,0.026088914,4.710582,-0.6627622,0.011659014,0.1500856,1.114701,0.024543982
0,0.7743426,-12.937631,0.04573964,-0.03717279,2.2583582,0.04476896,3.9097323,-10.886645,0.013881695,0.5742072,0.7207196,0.016574066,14.166814,2.7793324,0.0074231806,2.7730703,-0.9268546,0.017670035
0,-2.5846696,-9.576557,0.034908615,-1.0181843,1.7411097,0.041970205,3.4382744,-7.9610486,0.02520062,1.0704839,1.6689725,0.040274277,10.777921,3.690609,0.010716394,2.336733,0.7327795,0.035338126
4,2.588484,-6.9448366,0.049649227,0.70243233,0.8104757,0.05120929,0.69036466,2.7789922,0.032536205,-0.14292935,-1.0120873,0.042192947,-1.8573625,0.31155053,0.022485964,-0.6040756,-0.6664814,0.03290538
2,5.3694487,-10.988455,0.041005325,-1.8467953,-1.4826934,0.031026743,-2.7281435,-1.9819573,0.014966457,-0.78045577,-0.08548069,0.019753162,-1.5231832,-2.4565604,0.0059153317,-0.31132373,-0.219814,0.023010023
9,7.274192,1.4365971,0.03512746,0.3814174,0.15978004,0.0404898,5.104625,9.4978,0.025991868,1.4488221,0.4106937,0.02595899,-6.1045976,12.588706,0.011662689,-0.41900876,1.9054812,0.03879329
0,-3.7797484,-6.061406,0.065791756,-1.1368917,2.4703066,0.058296476,-2.7540119,-9.092194,0.008630839,-0.5112193,1.395592,0.017727554,7.2551174,-9.083835,0.006694428,1.1438897,-0.4428483,0.03175101
1,3.6072464,-4.722399,0.018948926,-0.080245376,-2.6372693,0.013681049,-6.4053903,1.6903,0.005657794,-1.4969523,-1.8065301,0.00916907,-5.5167794,-12.456984,0.002613837,-1.9712024,-1.5743486,0.010632047
7,7.180872,-5.091201,0.02925511,1.2058849,-1.1353636,0.027726984,-3.7310274,9.02233,0.012731289,-1.0364033,-0.9524824,0.023968639,-11.129874,-0.3163413,0.0077276193,-2.342861,-0.061453152,0.025156185
1,5.0195026,-7.39227,0.028339608,-1.7571168,-2.1085496,0.024861218,-8.885222,1.8763356,0.007986442,-1.3032475,0.067778386,0.01977217,-8.747487,-8.842854,0.005102371,-1.0780021,-0.63742554,0.011958682
9,13.493786,-8.74608,0.038739942,1.7620531,-0.15486188,0.045610033,-7.1955028,5.516366,0.022545824,-0.6673798,1.2922974,0.034564935,-8.88777,5.9100637,0.012463052,-0.75204057,0.70140046,0.02797276
2,-0.9361344,-1.944194,0.07074827,0.19809723,0.84477156,0.070563674,0.00038289698,0.009416253,0.046681374,0.113072135,-0.039237436,0.06628296,2.644213,-1.8530039,0.029271573,0.2531002,-0.020140471,0.06536974
3,0.212427,-7.7665052,0.06720594,-1.4802027,-0.39453954,0.05359282,11.979001,-9.731518,0.015501551,1.428799,-1.0011028,0.03132523,16.203928,-3.2263792,0.009001436,0.8597641,0.09366705,0.033231623
8,6.6402717,-14.255032,0.037883822,1.3401872,0.66689277,0.06007293,-5.293079,-4.187975,0.02215084,-1.4928387,-0.30912316,0.025469048,-1.1972687,-3.3187099,0.0123437205,0.094759405,-1.694129,0.028435813
4,11.185092,-12.962851,0.038392287,2.7962995,-0.49736166,0.03780014,-12.807747,-1.910885,0.013841863,-1.0757375,1.8342148,0.02623976,-6.93854,-3.7050848,0.00965222,0.1979847,0.3885684,0.025489066
1,3.3524225,-2.4213018,0.02213622,0.93521637,-1.6152332,0.017894424,-0.7659816,4.5844555,0.0100823855,-0.63912964,-1.8742527,0.010632563,-5.43088,-6.093433,0.00529004,-1.5326618,-0.7724734,0.024584278
2,0.58687365,-3.183719,0.070149876,0.21074528,0.817132,0.065562844,-0.9999368,0.6778748,0.024256561,0.66363794,-0.003000369,0.054722663,1.8919119,0.21383087,0.014507119,0.35042536,0.46219525,0.045868844
7,12.207536,-13.741261,0.04499372,3.3130682,-0.21557763,0.037219826,-13.830436,-1.4062837,0.014255229,-1.2092074,2.482349,0.027364828,-7.6059117,-3.6121037,0.009425807,0.203726,0.11297914,0.026220337
9,8.558991,-0.51183623,0.033355687,0.39450544,-0.06347039,0.039820082,5.258216,9.303565,0.029652975,1.1982511,-0.7957161,0.019730236,-5.413461,13.928217,0.01147961,-1.2800337,1.9180034,0.036073893
7,10.121857,-10.657156,0.028048921,2.2426846,-1.0174167,0.026534902,-9.214646,3.8952117,0.015749732,-0.8082104,0.94343233,0.02260271,-10.323187,0.90793943,0.0068865214,-0.98141915,0.6603283,0.02139389
8,5.9422355,-10.082838,0.061044212,1.4714848,0.79553187,0.050293744,-6.0896354,-2.3136444,0.038149018,-0.9367221,1.2138042,0.051262945,-2.5903459,-2.5877388,0.022241306,0.60003185,-0.92480797,0.058767013
9,12.498009,0.37306958,0.027341668,0.48980087,-0.10538549,0.03614938,5.6973195,9.601622,0.015301765,1.4470896,0.5518092,0.023486767,-3.8497412,16.635733,0.00600841,-0.39457685,2.0536828,0.02382202
5,0.89558494,-9.085637,0.060921084,-0.4818681,1.2680049,0.07175922,1.0294929,-4.425685,0.0441975,0.05228654,0.76059914,0.046427723,5.2568054,-0.57511336,0.010822089,0.8724284,-0.17387122,0.040616155
0,-3.831714,-5.0380073,0.06299621,-1.2586216,2.1500769,0.059126087,-3.597308,-7.3684826,0.021076266,-0.2902769,1.8402715,0.032262705,3.7202365,-6.0416627,0.011382623,1.11429,0.23909393,0.040310644
3,1.731457,-8.390923,0.061045617,-0.79074657,-0.9665196,0.055740975,-0.058689468,-8.882322,0.04277236,-0.4731645,-0.037432782,0.0524066,4.9853406,-3.5624945,0.020897858,0.97006875,-0.69453764,0.04770944
3,0.278152,-8.981485,0.07444645,-0.33366835,1.4667135,0.07671016,4.3682666,-15.749294,0.020179087,0.6982073,0.19430165,0.02543106,19.152914,-4.2585173,0.0115605425,2.4450457,-0.6904133,0.027944483
2,6.1848383,-13.551315,0.07320353,1.0428349,1.3128916,0.07824841,-8.654912,-10.038767,0.03147011,-0.7006048,2.0566936,0.042312108,1.3650014,-5.922628,0.016639175,1.99668,-0.82058084,0.045879185
1,3.0153208,-2.2058003,0.019446326,0.8251424,-2.0084352,0.016425446,-1.933123,4.3377514,0.00807571,-0.769018,-1.9272501,0.0091490215,-5.869824,-8.810074,0.0059076287,-1.8349974,-1.0604936,0.013908763
5,2.9862113,-10.851409,0.047867835,1.092057,0.70973974,0.0565283,-1.949621,-3.1431398,0.017265012,-1.0293955,0.5106383,0.0189576,-0.7263635,-0.24147254,0.007993592,0.37479413,-1.4289538,0.024275258
5,1.5043385,-4.926918,0.046223164,0.56002563,0.14802456,0.047286555,2.6504877,0.23078083,0.016212298,-0.094057016,-0.23499241,0.023477454,-1.54506,1.1907473,0.010461751,0.22409922,-1.0122414,0.020406723
6,-2.7586815,-1.3247992,0.058503058,-0.9304381,0.74476266,0.06629792,3.2704701,-0.60541785,0.036732186,1.2997848,-0.08180309,0.043584235,5.664114,-5.6518974,0.015894685,0.1978726,0.8769104,0.038123287
8,9.569949,-18.073952,0.038952347,2.8352873,1.3709024,0.0473482,-11.08199,-5.4582453,0.019202704,-1.6623684,1.8398553,0.023315009,-3.0015852,-5.66105,0.013142312,0.75441325,-0.92173946,0.02168981
3,-0.4868951,-4.8927655,0.05866298,-1.3258232,-0.09284561,0.057863872,10.13527,-5.0338135,0.010499391,1.4013339,-1.0183537,0.036780365,11.181833,-5.8576384,0.011994235,0.64031446,-0.13530366,0.03920539
3,0.16333243,-8.511673,0.062828004,-1.6450874,-0.3679324,0.057676464,5.623727,-9.427578,0.022978624,0.5812986,-0.44735134,0.035021294,10.802028,-6.040961,0.011855454,1.0487876,0.14299628,0.034280762
2,3.4621096,-8.353149,0.045929257,0.6214783,1.1455903,0.05199656,-3.4809928,-3.2979534,0.033060115,-1.1819655,-0.724025,0.030228276,-0.81971216,-5.5587626,0.011239207,0.17177054,-1.5427291,0.036071375
3,2.5655766,-10.687713,0.046063248,-1.0346045,-0.99656945,0.04164343,1.7145681,-9.506104,0.023426907,-0.5191119,-0.47991294,0.030809587,8.474146,-2.2583613,0.01216873,1.132059,-0.95588636,0.027722076
8,3.8489335,-9.473031,0.041373517,-0.35090232,-0.99964595,0.04013978,-0.44465,-0.8457518,0.021204028,-0.7887189,-1.7633243,0.024495935,-0.94217646,-1.4664751,0.0124066025,-0.44736218,-1.4223369,0.024745392
7,12.764053,-15.751528,0.03904344,3.3024015,-0.6557151,0.039309412,-17.38178,1.9864322,0.017609945,-1.4424865,2.001535,0.02738859,-12.140071,-3.2993762,0.006293979,-0.631716,0.8731866,0.017976597
9,13.447635,-9.2538805,0.025391096,1.7196299,0.089919105,0.029643994,-8.044807,4.5189157,0.017441226,-1.4558892,1.1355786,0.021793392,-11.03189,1.7275426,0.009597644,-0.6318691,-0.5143616,0.01870008
1,2.3966408,-3.547711,0.021701653,-0.8254512,-2.3110673,0.019855466,-4.5817804,1.4044724,0.008572928,-0.93028885,-0.78016126,0.010420362,-4.4724216,-10.741436,0.0061343787,-1.3140945,-1.1096117,0.016528113
0,-5.869859,-0.9001532,0.035498716,-3.0990448,0.39550856,0.035214998,8.31688,-1.8004438,0.014425627,1.7561679,0.6239079,0.030490385,9.167718,-0.8508602,0.009936659,0.8344137,1.9262724,0.03668569
0,-0.8257184,-11.139747,0.041019626,-0.45868596,2.0710516,0.047221363,1.9450543,-9.568301,0.02860081,0.13986434,0.66650003,0.035218958,10.543517,-2.7826304,0.009694342,1.7589144,-0.74285644,0.020692637
4,4.1706734,-12.592203,0.07051784,0.20771237,1.6079035,0.05779719,-4.663631,-4.3390894,0.03868073,0.01979392,1.4908074,0.042847183,2.5311558,0.11168157,0.019339982,1.5861659,-0.44284296,0.04104281
5,-0.16997987,-5.158427,0.06125252,-0.6334372,0.052685298,0.053344246,12.77248,-0.42551118,0.045685977,2.1362014,0.11839553,0.036454808,12.846001,10.208148,0.014696949,0.784442,1.3697512,0.03485393
0,2.7232351,-13.613958,0.06639124,-0.029077057,3.0897841,0.04482642,-9.144947,-12.415551,0.009709377,-1.6194175,1.867253,0.017808713,5.8911195,-8.554607,0.005974589,2.30424,-1.3676583,0.023211744
5,1.2251663,-8.413061,0.06302149,-0.3330043,-0.34845024,0.051048107,7.36187,-0.08783872,0.020803085,0.9708174,0.1516188,0.024709206,3.913383,6.2374206,0.01430147,-0.2019581,0.9290944,0.032264516
3,-1.2236657,-2.653491,0.071756795,-0.72610027,0.65817547,0.082640864,5.39305,-1.4824504,0.02954727,0.9628822,-0.31197336,0.04238599,6.490275,-5.7301936,0.01780508,0.1208542,0.25480345,0.055457264
2,2.3758814,-5.52815,0.053321987,-1.4477806,-1.0089462,0.049185183,3.479432,3.025915,0.012725401,-0.023820844,-1.1813821,0.023360433,-2.2868726,1.0744805,0.009357396,-1.0640206,0.91395074,0.023553982
3,0.22306895,-4.9647593,0.049763326,-1.4534619,-0.41159672,0.047434457,11.114486,-4.203644,0.022211546,1.213776,-1.5169197,0.031404085,10.74342,-4.9833217,0.011504709,0.281592,-0.25995222,0.03895053
3,0.6070137,-6.612247,0.054658234,-0.70308524,-0.58858865,0.04233818,7.801048,-1.1387103,0.026177587,0.6604018,-1.0065665,0.033524398,3.235336,2.2548149,0.014787286,-0.2975796,0.5809021,0.033514466
7,17.487186,-2.9054935,0.036775697,1.4144288,-0.5978367,0.03757792,-1.1188326,14.417726,0.012982122,0.092037305,0.3479284,0.015830444,-13.072559,15.492493,0.006852673,-1.5692493,2.1907752,0.0120858075
4,5.6101317,0.9785594,0.03869461,0.33221006,0.17224558,0.03604332,6.295041,5.5514455,0.0148948785,1.4707012,-0.08309075,0.028742496,-2.331384,7.300064,0.011190609,0.21483523,0.8984963,0.022379905
4,3.7346635,0.7802485,0.047903094,0.079371914,-0.02762086,0.059349854,8.332722,9.96129,0.025946125,2.1943777,-1.194648,0.037851457,-2.6840677,6.5020814,0.023049714,-1.0780611,1.3916272,0.04167622
9,12.493244,-3.9172277,0.047203828,1.0090857,0.18242987,0.048329588,-1.9622513,4.857604,0.03315189,-0.22719206,1.2348894,0.030813973,-6.3938184,8.826753,0.014560345,0.25757888,0.33563122,0.040622346
9,6.64295,0.23870894,0.045000598,0.13801003,0.0019036438,0.0452821,11.283746,9.228903,0.015226363,2.5140066,-1.2984321,0.015735758,-0.9793803,13.654494,0.0095578935,-0.6270876,1.8756689,0.022971705
1,6.671285,-10.476459,0.028727904,-1.0151972,-2.3900602,0.027738173,-12.749359,-0.52342635,0.010647095,-2.6256576,-0.7704929,0.016145509,-7.961259,-12.028423,0.0067691025,-1.0607133,-1.8663647,0.012029581
1,4.547963,-6.521108,0.022470592,-1.0397977,-2.1065814,0.020967698,-9.122836,2.7046847,0.009120181,-1.3838652,-0.4418351,0.015928501,-8.0764885,-9.635021,0.0068014264,-1.7167045,-0.53767765,0.0129056005
6,1.2211494,-7.2436504,0.06979709,0.45817703,1.471921,0.055092372,7.4645576,-3.5584097,0.011425781,1.0884349,-1.0908464,0.02097687,8.797725,2.9904706,0.0098176235,1.0376246,-0.91862804,0.01854201
6,-2.3914146,-3.6277778,0.05551511,-0.7603391,0.885844,0.062212,6.5715322,-3.0141866,0.028845992,1.7585998,0.6784049,0.03961008,8.712306,3.1383069,0.016501319,1.1998729,1.0255901,0.044291846
2,3.0652385,-6.9885435,0.054280683,0.25410035,1.038359,0.049871746,-3.1338701,-4.708808,0.02420341,-0.44987848,0.16872652,0.04519614,0.5656804,-5.9373665,0.009904122,0.83491015,-0.4601929,0.03284125
7,7.470616,-4.1875405,0.031987,1.1252161,-0.7211726,0.032986686,-1.2275972,6.252886,0.014973362,-0.10657596,-0.12931049,0.02629543,-8.160631,3.4004722,0.0095722005,-1.3149028,0.8681638,0.021043625
6,-1.8158964,-2.1294277,0.053914115,-0.41752163,0.7075913,0.061560787,6.4385448,-1.1937295,0.030390486,2.1160383,-0.06733257,0.042526543,6.0109158,1.946636,0.010594681,0.22244085,1.4119244,0.027398946
4,3.598952,-6.237925,0.055551175,1.4960831,1.2664559,0.054763094,-8.85987,2.250219,0.03732376,-1.8380084,-0.20222303,0.04247052,-4.288923,-6.744124,0.019494519,-0.61857796,-1.3942897,0.04399025
5,-0.07408556,-5.2047753,0.045260392,-0.8069501,-0.08810346,0.041735016,10.625514,-1.1798449,0.022225335,1.6831086,-0.71831995,0.031200163,8.848391,3.0362735,0.012221043,0.15298094,0.90782285,0.033791903
1,2.8257997,-1.9209421,0.018777829,0.7395691,-1.8557315,0.015290113,-1.5305177,4.7157707,0.0077102766,-0.66761434,-1.8676766,0.011947321,-5.6342835,-7.948356,0.0046809576,-1.8081536,-0.93993187,0.01129676
1,3.8746345,-5.6177983,0.020936396,-0.3042304,-2.6537366,0.014088938,-7.178088,-0.14232592,0.0059548225,-1.7435594,-1.5534403,0.014786984,-4.4951496,-13.545031,0.0029656885,-1.6413635,-1.8783207,0.009653315
1,6.079419,-8.811081,0.03132162,-1.8978076,-2.3421454,0.02382554,-10.175611,-0.029053157,0.0072872434,-1.521397,0.51393926,0.017455652,-8.574741,-10.168978,0.0037973006,-0.6706323,-0.70629954,0.0112055475
9,10.104936,-11.4061985,0.059189092,2.472322,-0.09170527,0.054606516,-9.740422,2.141061,0.03145331,-0.5407588,2.0182471,0.053863235,-5.4161997,0.67185205,0.018650923,0.14911678,1.0707284,0.037349872
4,9.678687,-7.252101,0.04347094,1.7409282,0.2877976,0.031739216,-9.324081,5.129196,0.010601974,-0.8325789,2.0554757,0.020783065,-9.256163,0.9848589,0.009388495,-0.10072673,-0.1282293,0.022515895
8,3.1742349,-8.330635,0.04684059,0.28831497,-0.48260283,0.042693704,0.46245518,1.6778721,0.027279187,0.018452846,0.014938084,0.033922415,-3.7649536,3.646867,0.013736235,-0.31597668,-0.13438244,0.02575733
0,-2.8988667,-9.605387,0.037985425,-1.6065545,1.1311749,0.0414604,6.224693,-8.035523,0.023978427,1.5869844,1.5072364,0.02975722,14.464984,4.5161905,0.009936363,2.0949926,1.4708806,0.034978427
2,2.7724898,-7.2983074,0.086690396,-0.13880357,1.6918143,0.07492913,-8.583921,-7.3946657,0.044781618,-0.938314,2.0513115,0.049989875,-0.53287673,-3.5734293,0.021774301,1.5521592,-0.4111831,0.045085218
8,3.8054488,-8.157413,0.057158172,1.0444874,0.48863608,0.054932654,-4.488691,-0.6111483,0.032332826,-0.81990737,0.91411877,0.041568246,-5.299886,-5.3182006,0.01818274,-0.005594774,-0.7323337,0.04133377
1,3.9518297,-5.7630315,0.021969834,-0.9660994,-2.5198152,0.012723196,-7.33466,0.30177096,0.006211358,-1.6745627,-1.0924569,0.011110867,-4.9772816,-12.932761,0.0038368793,-1.4733025,-1.6138382,0.008095693
3,0.24046904,-8.785025,0.05566421,-1.034223,-0.28043127,0.04802437,10.957078,-5.6167803,0.01875858,0.981251,-0.8935148,0.025070434,13.998306,4.871997,0.006609003,1.0573696,0.8775479,0.026010992
9,3.2433105,2.0739727,0.03746053,0.108146414,0.3531555,0.05937073,9.242204,8.589464,0.027028933,2.1554818,0.5048438,0.034183774,-2.5539422,14.939172,0.015476448,0.5276452,2.4025855,0.031785253
9,9.940536,-1.7311791,0.029718177,0.6650122,-0.18004856,0.03396707,0.12631081,8.005351,0.025357436,0.36946756,0.33989394,0.027930122,-6.5670333,8.944277,0.017338727,-0.90760696,1.4673407,0.0272244
6,1.8140242,-5.3346834,0.043322098,0.76556045,1.4063513,0.03527423,-0.026746318,-5.1477537,0.012853046,-0.8534312,-1.3891543,0.020503925,3.2184873,-6.9948573,0.007732396,0.20385666,-2.4107957,0.018734163
8,4.7892303,-7.2266517,0.04379257,-0.06262621,-2.1233003,0.04321037,-7.670546,3.1210454,0.02975066,-2.0326245,-1.0934056,0.037864797,-7.0284605,-8.088986,0.020286996,-1.2562002,-1.3616982,0.033141267
7,11.349712,-2.518566,0.05045354,0.9849234,-0.27533856,0.051312372,-0.4218095,8.305949,0.02777658,0.6343573,0.48677793,0.03819708,-6.5798464,13.526642,0.022322241,-0.7222365,2.3560388,0.036205266
7,14.047601,0.3076575,0.036526207,1.0136062,-0.5918905,0.039809972,2.9322877,13.892713,0.009441663,0.42517042,-0.5610172,0.019378355,-11.465126,13.484898,0.0071751033,-1.8263812,1.5309826,0.020525334
9,9.943928,0.56949097,0.04500934,0.56738484,0.24826276,0.044332556,3.7882423,3.7291107,0.023715574,0.6639646,0.57567674,0.020676574,-0.85791016,9.35853,0.009435439,0.42211553,0.14728758,0.027891273
1,3.1861281,-4.0170107,0.018621294,-0.21415247,-2.4555154,0.016032862,-5.5811934,2.3459263,0.005194897,-1.2385035,-1.686679,0.007993721,-5.5558615,-11.291728,0.003466108,-1.9107399,-1.4263024,0.011231111
7,8.3856535,-6.2569537,0.034098543,1.5690489,-1.0331299,0.030552903,-4.371427,8.4559,0.012070383,-0.44840705,-0.7207865,0.011099993,-11.403764,3.2339113,0.0053419117,-2.0487614,1.021915,0.020655908
5,4.347506,-7.7635694,0.052083492,0.47026002,-1.352537,0.05953897,-9.060771,0.24041773,0.021265738,-1.7274276,0.9369839,0.029830948,-4.447808,-10.319877,0.0132075865,-0.29584086,-0.93832576,0.037924554
9,10.417419,-1.7272642,0.0504982,1.1340946,-0.5821459,0.046767823,-0.9850679,9.446895,0.032111123,-0.85336083,0.4867728,0.035147946,-8.702687,4.608309,0.01796483,-1.2906514,0.3652108,0.03885055
3,0.39504817,-5.6217976,0.06368715,-1.2263758,-0.10059209,0.051294953,9.330892,1.5007784,0.028604953,1.2957199,-0.6552241,0.03577719,5.1880293,6.229949,0.017665094,-0.5645053,1.7943411,0.03540243
3,0.66231644,-5.1769395,0.03888941,-0.6249433,-0.90164185,0.03891601,5.854626,-3.0166616,0.020218533,0.29685166,-1.5952439,0.022372795,6.1931286,-3.432691,0.012872661,0.0066779484,-0.49325946,0.028273111
5,-0.036575567,-6.3798285,0.06877308,-1.3378847,-0.10531781,0.052393973,14.011833,-3.2176943,0.03285487,1.9772877,-0.6128178,0.04137189,14.102388,1.9722521,0.018643076,0.65462303,1.168701,0.039192576
0,-2.3680687,-10.694826,0.03317363,-0.6219038,2.4777207,0.03862793,3.8285134,-11.709584,0.021257393,0.97887903,1.6306528,0.027427698,16.831406,0.23079516,0.012167665,3.0639536,-0.62927765,0.02070974
7,10.452827,-7.8256383,0.027626917,1.8876122,-0.8659482,0.026766794,-8.255776,9.255657,0.012169305,-1.3657273,-0.0104327,0.021257497,-13.035687,0.9279788,0.0060869358,-2.3267658,0.38557723,0.02220776
2,2.1730702,-3.8289468,0.05688736,0.52084833,-1.2905437,0.06532975,-0.41731206,4.1848497,0.03053556,0.59643555,-0.89183444,0.040178187,-3.654338,-3.4119046,0.017433796,-1.0349402,0.004836231,0.037500553
0,-5.076314,-1.214857,0.027529301,-2.739835,0.6161568,0.03427996,6.469542,-3.9134252,0.017905427,1.4730612,1.0346526,0.023525193,8.895949,-2.914694,0.010902318,0.74384826,1.5577723,0.030374106
9,10.492316,-0.0781656,0.028920397,0.3755185,-0.29961973,0.03393392,9.313282,11.1641655,0.0073552555,1.6398683,-1.3884915,0.012407143,-4.4438787,16.459177,0.0064035472,-1.3211325,1.3408146,0.0110801235
4,11.49237,-11.560628,0.041562054,2.6678257,0.18712683,0.032818273,-11.992298,2.6945765,0.027337011,-1.6278595,1.998281,0.028697738,-8.269433,-3.3351586,0.013298129,-0.43229732,-0.55477184,0.032285597
5,5.4642205,-9.285991,0.05670452,1.4882616,-1.4603578,0.05588628,-9.607926,-1.1278096,0.017600492,-1.6653003,1.1691886,0.028774833,-3.9382472,-11.486021,0.010152541,-0.06069281,-1.195151,0.037909422
9,7.6954083,0.32219216,0.029732773,0.3852917,-0.064829044,0.034999967,6.288709,12.3432045,0.012488751,1.5992945,-0.43591574,0.016872128,-6.0155625,15.81351,0.005989389,-1.2823857,2.3274553,0.021040916
1,3.8408422,-4.793542,0.018694041,-0.41527227,-2.6092856,0.011042197,-7.2982554,5.4637,0.0034454945,-1.325807,-1.4461145,0.008897965,-8.6719055,-9.354509,0.0024300285,-2.4197266,-0.86237365,0.0074919616
2,2.1456807,-5.175545,0.07884926,-2.631114,-1.3350973,0.049301215,2.1343453,-3.6359892,0.01778701,0.1595761,-1.302962,0.038906395,3.9970295,-6.868331,0.012887544,-0.10776425,0.004492578,0.046318028
2,2.3018017,-6.931406,0.054706547,-2.0288599,-1.1765373,0.027257409,3.5073109,-4.575217,0.012579989,-0.13881147,-1.8598757,0.018382102,6.453406,-6.4930534,0.00601368,-0.06546744,-0.67638755,0.018435374
7,17.106844,-0.37162033,0.034088474,1.0215073,-0.4666808,0.044824645,3.0966718,13.318879,0.027597578,0.3626907,-0.009500538,0.030198576,-9.674848,15.770478,0.014896396,-1.1729107,1.7422146,0.032200146
8,8.127736,-15.201862,0.030468311,0.7957268,-1.0698475,0.0673157,-11.962747,-4.3910384,0.015996136,-2.6000097,0.40187737,0.015512256,-7.2004485,-9.814801,0.011595965,-0.32551134,-1.9985031,0.02521215
2,2.4256113,-2.360478,0.049022116,0.6061811,0.6321647,0.055680834,-2.729313,4.556084,0.022919727,0.1939542,-0.684383,0.038173314,-4.9393497,-4.7622643,0.019660821,-0.9459072,-0.24686126,0.047305185
7,13.551669,-10.006289,0.049487475,1.9164809,-0.7439461,0.045877296,-6.2330866,3.1125362,0.011037589,-0.041041933,1.2533294,0.015740141,-8.091456,9.896128,0.0071751815,-0.011010214,1.7210609,0.020193297
7,9.019737,-1.0832926,0.05123593,0.7849365,-0.040320985,0.05483917,2.6838822,6.415346,0.04638214,0.8041739,0.16722623,0.049058713,-5.1232753,11.531638,0.01672867,-0.20740087,1.0814499,0.03745444
3,3.417655,-10.996231,0.088197336,-0.21417366,1.5755327,0.08142558,-10.091475,-9.240211,0.038529962,-1.2265662,1.3897189,0.05097818,2.5463955,-8.807895,0.021711301,1.6168568,-0.7273006,0.052251067
4,10.3592825,-9.808509,0.059313487,1.8465347,0.25239167,0.044995543,-9.633546,5.114687,0.017462278,-0.33488065,2.3051062,0.021880338,-7.6051655,3.5997593,0.011057441,-0.04579065,1.0996358,0.03066213
5,0.6679496,-4.5294986,0.043170813,-0.14258175,-0.83129853,0.039588112,4.881579,0.3808531,0.026440917,0.5823722,-0.6311342,0.03101836,1.7358785,3.2042923,0.012013573,-0.05965809,0.3275864,0.024995182
7,9.563369,-8.402946,0.032510914,2.030552,-0.65651846,0.028546771,-6.715193,4.709913,0.018100152,-0.4295225,0.6986592,0.020995079,-8.544739,3.615731,0.010494205,-0.9920506,1.2674663,0.023465736
2,1.1718832,-2.6455717,0.054004405,-1.3192668,-2.146771,0.058769364,-2.8746352,-3.0061789,0.022863016,-0.08875968,-0.30258974,0.038562663,2.3533409,-9.694458,0.011247883,0.22427417,-0.7000319,0.0298434
1,2.7614393,-3.1890504,0.019113388,0.21485306,-2.2144182,0.0178068,-4.309073,3.2026153,0.0070975013,-1.0521878,-1.6623842,0.008569023,-6.2298145,-10.646908,0.0050043855,-2.0329444,-1.260656,0.014086525
1,5.1274867,-7.565296,0.02429021,-1.4602863,-2.6108243,0.012308861,-10.504883,-0.7687701,0.0046770372,-1.9449214,-0.45353332,0.007831379,-6.1595654,-13.22742,0.0032792033,-1.001777,-1.4795945,0.015076654
6,-2.7211163,-2.2768538,0.043777563,-0.81074804,0.9244931,0.06279377,5.14867,-3.2577126,0.02562453,1.6556289,0.92969763,0.036747694,7.521237,1.5177844,0.011987117,1.2084337,1.4262422,0.032273367
8,2.8686185,-9.095318,0.045159165,-0.030965503,-0.90335226,0.039907828,2.1860194,0.59735113,0.017215071,-0.87780935,-2.1114805,0.015618217,-0.59650606,0.3626512,0.01088158,-1.0519953,-0.87120223,0.023259025
0,-2.4880102,-10.186216,0.024232903,-0.89103556,2.1206825,0.034896642,3.420694,-11.079052,0.007680323,1.040699,1.7404895,0.014908898,15.262819,1.0097308,0.005759953,2.8649054,-0.2209556,0.016461644
6,1.9935541,-8.265388,0.048868645,0.97431207,1.805934,0.034635216,0.68730855,-7.7792506,0.016167393,-0.40921244,-0.5184426,0.022040445,7.0296426,-6.622758,0.008034404,1.1552802,-2.326257,0.024044234
0,-2.9527783,-10.261965,0.02436328,-1.1906912,1.7209905,0.0369213,7.954327,-9.131322,0.008501499,1.8113594,1.5063828,0.016042164,18.227058,4.5180726,0.0057377117,2.4730844,0.49105066,0.015165964
5,2.13974,-11.4252405,0.0552383,-0.23139384,1.6067472,0.06190751,0.4965988,-6.0736175,0.056392167,0.11386096,0.28036058,0.053852018,7.7716436,-0.3802455,0.02351692,1.1683247,-0.28213722,0.041771844
5,3.7274947,-5.9013047,0.04609048,0.013194205,-1.5746676,0.05490697,-6.283477,-0.21844202,0.031333625,-1.3152372,0.6044665,0.03357359,-3.8107708,-9.640817,0.0164564,-0.43593332,-0.79338104,0.037340224
6,4.2886887,-9.262713,0.05163691,-0.058267128,-1.5018449,0.05536742,-7.809986,-5.744218,0.017738737,-2.1623561,-0.029935159,0.029793708,-1.0064565,-12.605826,0.012720777,0.1611003,-2.2303858,0.042865425
9,5.896489,0.18275669,0.026590243,0.35159442,0.042637207,0.030816553,5.758734,8.152483,0.015343703,1.4965131,-0.49878642,0.019523667,-3.5724156,8.803786,0.008002369,-0.77758133,1.3488538,0.020282824
9,11.00377,-3.059686,0.02678749,1.1060159,-0.3346733,0.03185922,-2.3550305,9.751362,0.018781709,-0.89981127,-0.090609066,0.019646542,-11.854705,3.8956118,0.005725372,-1.4375554,-0.3090658,0.023134448
9,9.408435,-3.4256783,0.030213343,0.9804307,-0.15247336,0.039505664,-2.5283937,8.353234,0.017005295,-0.19320726,-0.049340714,0.023142027,-9.366592,4.875723,0.010795244,-1.472336,0.8543703,0.021336634
9,9.192341,-0.56979936,0.024473181,0.64685553,-0.11877529,0.030170983,3.4346366,10.024614,0.018393783,1.0194632,-0.123763874,0.023458695,-4.9691315,10.916523,0.009733329,-0.80848616,1.3151724,0.022179762
3,3.4430175,-7.6754117,0.045671593,0.649521,-1.2323234,0.04712814,-5.0482397,0.373901,0.020912798,-1.1127905,-0.49174878,0.025404634,-5.562229,-6.6173925,0.015864395,-1.0637845,-0.7865846,0.034475002
9,8.820744,-10.056186,0.041761972,2.3340225,0.4061039,0.046031248,-9.972386,1.574588,0.028588114,-1.2692417,1.1829058,0.04273577,-7.1298847,-7.8831964,0.011385177,-0.6258184,-0.68632907,0.042215798
9,10.763618,-4.824496,0.035144266,0.7949882,-0.72217274,0.034019258,-0.70314544,8.844195,0.018932778,-0.7020933,-0.95822275,0.021391338,-7.542907,5.744398,0.006884388,-1.6630589,0.2815229,0.027638668
7,7.7330594,-3.8351014,0.035310835,1.2887937,-0.79404,0.03990134,-1.3026469,5.923376,0.029272987,-0.10267186,-0.17500645,0.037506692,-6.5745583,1.2150633,0.013804056,-0.96306694,0.27453732,0.031519476
7,6.873782,-4.0286603,0.073444314,0.54413784,-0.5633257,0.06886679,3.255034,10.354871,0.028979126,0.69547075,-1.6509359,0.033171594,-6.3138194,9.505818,0.015292724,-1.4842592,1.1867241,0.046495132
9,4.522399,1.3295604,0.04429964,-0.006114237,0.2788267,0.049766816,8.577334,6.5794377,0.02001048,2.2211545,0.5959694,0.029836372,-0.29400134,15.728252,0.01120004,0.21828857,2.689478,0.034143843
7,11.38176,-0.6705548,0.030905057,0.89544106,-0.64046407,0.03234194,2.4913206,10.982994,0.010944856,-0.1259698,-0.5980335,0.017257359,-9.640973,6.482008,0.006130402,-1.8233616,0.5590048,0.021199396
1,3.5625947,-2.2464643,0.019979311,0.8562714,-1.8906915,0.015645854,-0.34246507,5.210085,0.0041268948,-0.6551422,-2.1449053,0.023610981,-5.1548514,-6.408985,0.0031927358,-1.6347225,-0.9627449,0.012265937
2,4.699328,-11.34325,0.066518754,0.12533826,1.0973868,0.08049539,-2.7968953,-3.4231207,0.039572667,-0.32244888,0.6038463,0.058723595,1.9043459,-3.0276468,0.012888836,0.78605527,0.029750392,0.046163287
9,4.6836944,1.294088,0.042799048,0.10942675,0.056779124,0.053100303,7.9210644,8.7125635,0.024147106,1.7160549,-1.0883424,0.038006686,-5.069433,5.270342,0.013523059,-1.1336876,1.5763412,0.031317353
4,7.631188,-0.40050447,0.039347958,0.43711543,-0.1225844,0.045961093,3.9994857,12.583917,0.028831005,1.3518136,-0.4624574,0.029730322,-5.752405,12.986523,0.016979855,-1.3542918,1.7648327,0.0384857
9,9.498048,-2.0138943,0.024625571,0.7009158,-0.44210812,0.027941944,-0.28633678,9.363906,0.013239352,-0.2126102,-0.6555655,0.018263945,-8.475559,5.6885514,0.007812589,-1.4517416,0.41345066,0.020153426
1,4.837594,-5.1866813,0.019207032,0.058426924,-2.4964323,0.015945075,-8.347825,6.4949584,0.003741727,-1.53146,-1.3161933,0.012106726,-10.258782,-8.750474,0.0024049596,-2.54981,-0.7388518,0.011227937
4,10.167537,-10.525119,0.038384847,2.2939725,0.78312474,0.029785726,-11.718801,1.5244263,0.011898981,-1.6666121,1.7399378,0.027100127,-9.722113,-5.1570864,0.009994336,-0.2596627,-0.7828787,0.022299288
5,2.9561472,-11.477804,0.05849121,0.013054866,-0.4832483,0.050975293,3.857002,-1.1066647,0.015966102,0.17063881,0.6322494,0.022391984,1.2109717,9.187143,0.007095696,0.1780718,0.18714581,0.02130754
4,4.531886,-7.6355543,0.05321226,1.0285083,0.85872465,0.051831298,-9.460872,0.92336607,0.023722928,-1.1322999,1.0766615,0.030112615,-6.0889425,-6.74159,0.015255276,-0.015379716,-0.67133373,0.029931476
6,2.758406,-7.9472375,0.046426713,0.87408084,1.4494187,0.038194668,2.0154448,-3.0109756,0.014001659,-0.3985731,-1.6100409,0.018547984,2.1959128,-2.3145485,0.0104350615,0.2464718,-2.1617286,0.015856586
6,2.1370072,-7.6059184,0.04721715,0.914733,1.8397539,0.026191924,0.526253,-5.470707,0.007705935,-0.87542814,-1.2402396,0.014736502,4.0607204,-3.9526224,0.0062890225,0.68043363,-2.3903046,0.015454599
5,2.3905995,-8.804659,0.043193296,-0.17883123,-1.175711,0.041513145,1.008815,-6.923444,0.02540691,-1.0738811,-1.1066908,0.029320937,4.1437964,-6.018007,0.009918534,0.4199492,-1.7746133,0.023370204
5,4.6919103,-9.371055,0.06780921,1.1827062,0.8826024,0.06714008,-8.636108,-3.0403862,0.024260284,-1.3196712,0.9265183,0.03160635,-3.2687068,-7.0865474,0.012579305,0.32620648,-0.7722483,0.038723692
7,5.5582185,8.152208,0.020219723,-0.39404035,0.26181465,0.0724313,11.598548,4.420711,0.018090101,1.8355767,-0.12228617,0.02373644,4.722951,10.214244,0.005812237,0.5094551,1.2599688,0.03792787
4,9.792191,-2.2425354,0.037368305,0.6989449,-0.2509836,0.038822327,0.7934592,4.605053,0.025581617,-0.0014923611,0.1307572,0.027950611,-2.8961058,3.938189,0.011916272,-0.17796344,-0.35070166,0.025266424
0,1.25562,-9.512328,0.043223146,0.006335374,0.9880021,0.066189535,6.106497,-3.90874,0.017572902,0.7264982,-0.049857408,0.01431435,7.630042,5.8582306,0.007448095,1.455405,-0.2045724,0.033230368
4,7.877928,-6.3768034,0.049347546,2.0032856,0.4499662,0.039298873,-9.3771105,3.1513052,0.015526001,-0.9456134,2.0031402,0.024907174,-6.024958,-3.0024884,0.013818713,0.16849838,-0.3804616,0.030591184
1,5.1225176,-8.157244,0.053151373,-1.873938,-1.9167855,0.04541795,-7.804962,-1.694963,0.013803746,-1.5069754,0.6198112,0.034396935,-4.8423767,-11.758258,0.009080916,-0.15749717,-0.9139354,0.037170935
2,2.3150523,-6.794556,0.08898016,0.016682025,1.066274,0.07781754,-0.8203051,-6.6577234,0.032059815,0.4637772,1.0038633,0.038120214,6.564357,2.0127907,0.023897067,1.7504079,0.48103893,0.035882987
3,1.3587234,-9.824868,0.05512341,-0.83777344,-0.55077755,0.042632356,11.777776,-1.9209105,0.01868436,0.69022274,-1.8884683,0.021162516,6.79313,7.983843,0.013927436,-0.2734681,0.5154447,0.031094387
7,14.73884,8.722415,0.020849075,0.5735524,-0.24787395,0.06192288,9.807231,11.385173,0.005707312,1.2405235,-0.05169264,0.015270895,-5.998519,17.880062,0.0042812433,-0.6197781,1.6356465,0.02534805
7,7.9772162,-2.7444654,0.03127374,0.6675941,-0.5770864,0.030541088,1.0060747,9.554675,0.016410282,0.19503164,-1.0943727,0.02058181,-8.105426,7.0557323,0.009070627,-1.7857858,1.0617495,0.023569383
8,10.959487,-17.625666,0.038243134,3.223494,1.6674683,0.030653836,-16.889732,-8.060254,0.01952712,-2.3754928,2.1134222,0.030804578,-4.990584,-9.04276,0.014329892,0.876754,-1.265568,0.033850506
5,2.5221198,-8.592391,0.070186414,0.79438865,0.2539605,0.06503038,0.0036192362,-0.85288906,0.020837618,-0.3040531,1.0985287,0.023810562,-1.1543819,2.599805,0.016038204,0.31166783,-0.42400587,0.023752714
4,7.993676,-1.8163774,0.030885393,0.6203407,-0.5940435,0.033593856,2.026768,9.269403,0.022593627,0.35241434,-1.211749,0.01835135,-6.47398,5.09842,0.009711322,-1.4951172,0.42183837,0.019495826
0,-1.410601,-7.7983932,0.039603412,-0.63071084,1.6810137,0.046715837,2.0524235,-7.383721,0.015659535,0.68975043,0.9350076,0.030472463,9.915353,-4.038455,0.00853896,1.8813161,-0.6782976,0.02094326
0,-4.792167,1.1312771,0.032087766,-2.7177386,0.32692885,0.06307708,5.887445,-1.3448282,0.021463055,1.4868317,0.05824891,0.04352347,4.8031306,-5.7591558,0.013666959,0.16994594,1.3537017,0.05370388
8,4.19261,-7.967895,0.0435078,0.69622326,-1.0079789,0.048934735,-6.220037,0.32818463,0.038580548,-1.3076104,0.34152383,0.028912889,-4.3215437,-7.586046,0.02021963,-0.13634133,-1.0694445,0.044413894
2,1.4959757,-4.6060343,0.057643432,-1.8814327,-0.9978047,0.043784544,5.6639338,-4.1963305,0.014726588,0.26067314,-2.1696327,0.018733192,8.248826,-8.68953,0.008779724,-0.020130428,-0.71576655,0.026442632
1,3.731296,-4.210651,0.018112151,0.35604006,-2.456649,0.011789168,-5.95752,4.013059,0.0033241622,-1.3726252,-1.8680483,0.006902983,-7.443703,-11.032515,0.0019803513,-2.2852545,-1.2547833,0.007984526
6,-1.9393245,-2.8029387,0.06614125,-0.062796354,1.0175611,0.069526784,1.4725403,-1.5781121,0.03725801,1.0191034,1.0319074,0.04845235,5.3575177,2.4412272,0.01256746,1.4547218,0.19607666,0.044029426
0,-2.4622955,-6.20274,0.04548475,-1.201191,1.165226,0.049765587,4.7768707,-5.427328,0.01738829,1.0415778,0.9286454,0.029331755,10.568874,-2.3128648,0.0116400495,1.0871402,0.21470149,0.043249253
3,1.8333707,-8.846343,0.040116467,-0.5950067,-0.91868377,0.034388293,2.6158588,-4.495931,0.02467021,-0.08149524,-1.1077807,0.03151566,4.5863996,-0.7606358,0.0146924285,-0.04441319,-0.6115212,0.03459141
4,13.685012,-6.1473794,0.021654679,1.3058977,-0.6112545,0.030158577,-3.651699,7.8625026,0.015348865,-0.84483665,-0.21655318,0.014466057,-9.78106,5.982198,0.008231397,-1.0933261,-0.14044589,0.020130472
4,6.9003067,-0.41659325,0.030939652,0.3875429,-0.10748744,0.03761256,3.7707608,11.020043,0.014762681,1.1433607,-1.4111893,0.0150916735,-7.311498,7.501482,0.008078782,-1.9046155,1.1309677,0.03027237
6,1.4081086,-6.0426936,0.057847057,0.44347,1.7199099,0.03812115,-1.5830506,-8.177992,0.025301958,-0.26304987,0.18135412,0.04102698,6.115841,-9.080433,0.019739171,1.2142882,-1.7306567,0.039563764
6,2.3200762,-5.229404,0.043943644,0.6992933,1.6209849,0.03071832,-0.079307936,-5.0985956,0.019121272,-0.19167303,-0.50694263,0.024244746,2.8804455,-8.032974,0.013245625,0.6171582,-2.035181,0.02896994
8,4.082148,-6.963267,0.031720992,-1.0222083,-1.5578309,0.030721568,-6.659825,-1.6538767,0.02370976,-1.6897581,-0.6201621,0.029370109,-4.317007,-10.082045,0.019541057,-0.89624274,-1.8116972,0.031346228
4,4.3877015,0.74675953,0.029710636,0.27768746,0.023219427,0.040670272,4.6152263,9.014919,0.018858686,1.445923,-0.99823433,0.022810493,-6.5449963,3.4765403,0.010652674,-1.5464911,1.3889927,0.022008011
2,1.0936143,-3.2745411,0.06393297,-1.8710475,-1.0387977,0.051933866,2.2933667,-0.030792851,0.0136366915,0.30377555,-1.7535454,0.026062854,1.3296165,-7.054341,0.010445231,-0.77209073,0.51334023,0.03267646
9,5.059134,0.26079893,0.037528563,0.20504937,-0.2606893,0.04761518,7.975401,11.285392,0.015989056,1.6214463,-1.6764524,0.023684384,-5.3620234,7.5000806,0.0090260515,-1.714292,1.1000801,0.025884246
8,6.0971975,-14.084002,0.048692524,-1.4841022,-1.3415817,0.06447355,-3.8919368,-8.2362385,0.026672402,-0.96115816,0.07079716,0.028138086,2.7233598,-4.021095,0.019744297,1.2336729,-1.0271965,0.034271017
6,-2.4144752,-1.7176965,0.06633085,-0.34920588,0.9132324,0.089004695,0.9367241,-2.6524687,0.016157962,1.0654484,0.0585357,0.032040674,5.1969905,-7.142956,0.009538494,0.26866415,0.82078093,0.034929834
8,3.9461958,-13.578426,0.04259963,0.24184902,1.6467378,0.055154987,-0.9217799,-8.777851,0.03348862,-0.6227788,0.7111069,0.03668183,6.2998376,-4.1533065,0.020295495,1.6478627,-1.4236003,0.026916424
4,6.3261976,0.73817956,0.03240697,0.53151405,0.12519802,0.03372875,2.3521755,8.181166,0.016426008,1.0730182,-0.38954854,0.02164858,-5.581742,5.5067463,0.011006595,-0.9565532,0.87873876,0.022009753
3,0.117192134,-6.0986137,0.0672096,-0.9051175,-0.29416677,0.05836434,15.0482235,2.7662237,0.022867354,1.766999,-1.9224472,0.039126776,5.6875463,3.6981122,0.0124175325,-0.67323637,0.87831295,0.036692385
1,3.2547367,-2.3998466,0.02094722,0.9357456,-2.0333939,0.013797585,-1.8078666,4.733172,0.006670287,-0.93846834,-2.1198978,0.015991848,-5.9142065,-8.018175,0.0033917606,-1.8926919,-1.0904634,0.012829982
8,8.808391,-12.4527025,0.055162806,1.7747456,0.057361968,0.060149077,-6.8545103,-0.039585344,0.027130347,-0.9332753,0.75055677,0.034963302,-4.9957385,0.87086135,0.020959156,-0.22437815,-0.28697908,0.029060267
9,4.0373173,1.1712794,0.034890775,0.07085967,0.01760385,0.045165937,10.644589,8.742796,0.015019867,2.1624372,-0.8110728,0.024390435,-2.841371,12.3640585,0.0077821785,-0.82503974,2.1470542,0.024926648
0,0.8216631,-5.331304,0.046433304,0.54892725,0.7773909,0.05083098,4.549774,-0.2949603,0.03360136,0.4967443,-0.70285285,0.04204119,1.0078032,-1.4153854,0.016094217,0.06197259,-0.3934583,0.03715929
0,-3.6899037,-0.8373365,0.04584824,-2.1913922,0.23792952,0.056333736,4.9516535,-1.5525715,0.028545894,0.8630934,0.54923624,0.040600058,5.1794834,-1.3967025,0.019213397,0.48430312,1.5194389,0.045045063
1,4.2954173,-2.5796807,0.026995761,0.9273231,-1.7127161,0.019234814,0.521012,5.4313564,0.0049059205,-0.65675086,-2.6025233,0.007820465,-4.7889037,-5.449306,0.002211238,-1.665391,-1.0821085,0.020526879
1,3.6514595,-2.431822,0.020598358,0.88610756,-2.0152128,0.012660745,-1.2719226,4.764714,0.0033391046,-0.8849584,-2.3322458,0.00684134,-5.3733172,-7.8480997,0.0024163318,-1.8109539,-1.2172308,0.005349924
3,3.4413898,-10.893797,0.048252106,-0.48652917,-1.1964605,0.05295976,-4.851136,-5.9878216,0.0256172,-1.0210942,0.26662266,0.032637477,-0.93635166,-4.319437,0.012084154,0.69924736,-0.823364,0.031013122
4,5.738219,-6.3570046,0.038531955,1.4250646,0.45012304,0.03979686,-8.701081,4.393036,0.013053242,-0.9047991,0.6933652,0.021648118,-10.431269,-5.0086904,0.010140478,-0.9820457,-0.39153552,0.024547344
2,1.2904333,-5.8365197,0.0836655,-0.15287931,0.7428484,0.07349832,-3.453076,-2.4803941,0.04551016,0.4147948,1.5751952,0.04625535,1.2774849,1.8743607,0.022698753,1.163898,0.8930278,0.051485926
8,3.3685648,-7.9984646,0.041344106,0.020263422,-1.3184167,0.038566004,-2.0327394,-0.88605773,0.038087174,-1.2315776,-0.98012376,0.044026915,-1.9508668,-6.5412006,0.021865387,-0.34376812,-1.1844575,0.036166016
3,0.1964563,-7.370251,0.056130905,-0.82065034,-0.28026736,0.047182422,13.566776,0.7711588,0.021610862,1.6758416,-1.2592021,0.02895326,9.307661,9.410465,0.010694215,-0.17991842,1.1949263,0.027888637
7,18.684916,7.7465444,0.019391825,0.8279508,-0.39119074,0.0721924,8.285001,12.035802,0.011080039,0.9921652,0.4145255,0.016603397,-7.7731814,20.009008,0.0063793994,-0.37315124,1.7040014,0.019604992
7,8.941359,-7.357436,0.023892729,1.5062366,-0.94465387,0.022600772,-6.045191,6.9208655,0.009966124,-0.98204535,-0.10940841,0.015452123,-11.153406,0.7771012,0.0054557635,-1.8517638,0.23238371,0.016848685
4,7.1774397,-5.6324077,0.04139587,1.1833122,0.5788777,0.039534308,-6.932635,3.5332396,0.01805646,-0.7391944,0.83878994,0.033925522,-8.066767,-4.0082564,0.014564903,-0.54104793,-0.5436656,0.0307047
2,7.5851555,-13.924633,0.069639504,1.7667762,0.82255155,0.066297345,-10.253592,-7.1602063,0.044755507,-1.0707334,1.747063,0.050991684,-3.5381927,-2.2561595,0.021580886,1.431041,-0.42435116,0.036756057
5,0.19378708,-2.8797364,0.060640648,-0.11055452,0.15245008,0.07096339,8.004048,1.8086689,0.017232426,1.0694251,-0.05139883,0.037005875,1.0437881,2.9047496,0.013142352,-0.38544834,1.1627573,0.0454582
9,-0.71519774,-2.0491087,0.06636574,-0.279365,0.33713531,0.06794186,3.5068166,5.843106,0.03180915,1.8077774,-0.02803275,0.048350416,1.1010442,4.2169704,0.012941151,-0.033155493,1.3923049,0.04054841
3,0.48212403,-8.117679,0.05730128,-0.95885843,-0.6916848,0.046574414,6.162514,-10.72271,0.01834968,0.2591725,-0.6758876,0.027374757,10.98147,-1.73663,0.013693725,1.0289912,-0.52801967,0.032968413
2,-1.9523683,-5.2208834,0.09541557,-0.19872111,1.2671725,0.0843769,-3.9296105,-6.77879,0.02793026,0.41942436,2.0358224,0.03798361,5.5798993,0.91381973,0.019118587,2.258482,0.71229196,0.038163982
4,11.105025,-2.0602367,0.030610036,0.7272959,-0.29805538,0.034276776,1.0634081,7.01373,0.022137359,0.373163,-0.21686415,0.02502904,-6.0788126,8.131837,0.0124756135,-0.69841546,0.32040676,0.02797009
9,11.404456,0.054602254,0.041367833,0.5475639,0.0373746,0.046626855,2.3662422,4.840514,0.020323783,0.9781377,1.1172501,0.033649497,-0.22525255,12.440282,0.013845067,0.5556933,1.7783246,0.02288534
5,3.306545,-6.448565,0.05789011,-0.044978302,-1.5957735,0.058621246,-8.04434,-1.9927738,0.029179221,-1.3552654,0.87984824,0.038182367,-1.6275647,-11.993991,0.020071883,0.14626147,-0.79419327,0.03908597
0,-3.9600432,-11.629345,0.04256214,-1.3838847,2.79737,0.037979655,-1.7348995,-15.227205,0.018707149,0.25028163,2.5231657,0.029181605,13.981344,-2.0296485,0.008069713,3.1349678,-0.09135396,0.025417844
8,0.36113027,-9.44714,0.065966226,-1.0167363,-0.21189702,0.054937094,14.467898,-2.8383875,0.042698227,1.9792818,-1.2566029,0.036167856,12.577055,5.8564844,0.013750883,0.42038438,0.9989517,0.02880071
5,2.2948003,-9.455456,0.054162785,0.15646136,-0.6293548,0.04946478,1.058964,-2.0839741,0.018640243,-0.3737489,0.49909353,0.02308387,-0.61947346,3.2466123,0.008621295,0.45387766,-0.7671435,0.02431264
5,1.3903095,-9.761018,0.039121743,-0.57885283,-0.7053153,0.042306267,6.168617,-8.069369,0.01933682,0.24602267,-0.79061186,0.030207112,9.865977,0.27203983,0.0056920215,1.2858555,-1.2117656,0.015471597
0,-1.7145765,-8.898207,0.039327014,-0.7958053,1.4046409,0.059158802,7.761509,-4.987188,0.017813472,1.6857791,0.67949736,0.025641887,11.13466,3.6752744,0.007700558,1.3580849,0.42531988,0.028842669
6,1.8810337,-5.8910513,0.057232253,0.76904184,1.449786,0.043823857,3.8130608,-3.3421123,0.022505578,0.4826469,-1.2846044,0.025373481,3.7226908,-1.5145055,0.00969623,0.56523347,-1.4969944,0.028833741
2,1.9050623,-4.078089,0.039853495,0.07439885,-1.5738945,0.045882873,-0.97079325,1.0238484,0.03006618,-0.33047935,-1.217937,0.04720782,-2.7490275,-5.5206003,0.026645178,-0.99341047,-0.31006953,0.03920522
2,2.7933776,-6.1677427,0.085058846,0.20143913,1.0682049,0.06971746,-4.5197096,-0.38576916,0.02289154,0.08717941,0.92925155,0.036851186,-3.0048494,-2.7942624,0.013264649,0.31852326,0.28894976,0.037075236
8,8.108776,-9.814101,0.06834485,1.0491443,-0.36132306,0.059570387,-2.0357728,3.7433302,0.034491878,0.013897153,0.42748445,0.038173735,-3.5122476,9.084631,0.014507104,-0.53132665,0.96023583,0.03634383
4,13.841617,-10.290438,0.032471664,2.2927504,0.50215364,0.032126054,-9.993796,4.538188,0.016558312,-1.8810682,1.783904,0.014109392,-9.682847,0.58500934,0.007915285,-0.44269875,-0.8540236,0.02050814
1,4.333115,-4.6573405,0.02067653,0.20047699,-2.3626962,0.016115354,-6.786221,5.5530987,0.007086146,-1.391136,-1.7447141,0.008161955,-9.096232,-9.530709,0.0036188066,-2.3958259,-0.97047967,0.015915887
2,0.9700577,-5.2827005,0.0827304,0.025032781,0.6636127,0.08245577,5.3183627,0.29448867,0.043019354,1.2583821,-0.95262676,0.04141174,3.628244,3.44812,0.019303799,0.16281539,1.0029829,0.048479132
6,1.6361232,-5.507451,0.06342825,0.6975218,1.630234,0.037740827,0.96036786,-3.1777601,0.012297123,0.12541428,0.16042776,0.01908463,4.4173756,-0.85788345,0.009024688,1.2214825,-1.193547,0.017617196
7,7.872419,3.7967792,0.036461677,0.19956401,-0.10882238,0.062146787,11.391521,9.595692,0.016367106,1.9038072,-1.0008825,0.024834307,-1.9282231,13.884069,0.007354973,-0.720697,1.773342,0.021158557
4,-0.61230034,0.7509145,0.073817216,-0.19207235,0.59546936,0.11496464,2.4805908,6.383179,0.016434759,2.2026486,1.190342,0.05342874,2.527744,4.160804,0.011979586,1.3363394,1.8294413,0.053610418
6,0.47466388,-4.791384,0.053959496,0.17711926,0.9279649,0.049880374,7.1870995,-2.821242,0.014058741,1.4848628,-0.7893269,0.023081165,8.404932,2.4838567,0.0089288885,0.8945325,-0.36894715,0.021497034
3,-0.50803864,-5.702323,0.07036799,-1.1275551,0.0069822297,0.06649632,12.644695,-5.7922125,0.025829729,1.8274323,-1.1771564,0.036410663,16.68261,-3.6339514,0.015563782,1.2979088,0.035865273,0.03413545
2,3.2007918,-7.1049075,0.055300042,0.09829274,0.96112776,0.060654722,-2.5671425,-6.90227,0.016124314,-0.5387628,0.09020718,0.043442514,1.2276165,-7.121642,0.011018645,0.6390712,-0.5038684,0.033114444
0,-5.1656456,-0.29186967,0.028036155,-2.6762078,0.55398554,0.04056835,3.2694032,-5.5530243,0.017845664,1.1347525,0.7794981,0.04164087,7.9321995,-4.2415886,0.01240398,0.8136218,1.2737491,0.031077331
2,1.9769,-5.917634,0.07402977,-0.7914562,-1.2991071,0.08438224,-1.2282647,-1.5369012,0.0310656,0.10570568,-0.3155252,0.06315242,4.4092817,-4.9357667,0.015534602,0.26161233,-0.12520145,0.047469392
4,4.733401,2.371337,0.06925197,-0.19016029,0.47567752,0.083182774,10.000602,8.595301,0.021582875,3.2946928,0.13161755,0.0308185,2.0917807,13.511482,0.010442814,0.6127,2.8410008,0.021964468
0,1.0572593,-5.6765833,0.041488435,0.2714154,0.4731605,0.051673863,4.406792,-3.0598037,0.018446868,0.46095,-0.72223806,0.03158912,5.22284,-2.3219938,0.015176487,0.82760984,-1.0368038,0.027770631
0,-3.7149017,-7.0271153,0.05448368,-1.7198836,0.8918775,0.043711487,12.418279,-8.87764,0.01393512,2.5128062,1.1098135,0.025109604,20.106081,5.806019,0.0070334687,2.2751956,2.0266192,0.020867858
7,10.504994,-1.841543,0.032630775,1.0260477,-0.49496529,0.028553812,0.33414558,8.149685,0.010191695,0.15300737,-0.028808622,0.022453371,-8.059729,8.87653,0.0069795386,-1.2263606,1.5664461,0.018604796
4,9.234437,-8.71777,0.04466103,1.5598475,0.2452777,0.03654906,-9.853896,6.2105236,0.016565368,-0.7205731,1.3701583,0.024499996,-10.917046,-0.14994018,0.010738981,-0.90521026,0.5038541,0.030430665
6,1.8270681,-8.213349,0.07480408,0.82192236,1.9289489,0.044628233,2.2013268,-7.3599453,0.03328301,-0.055007085,-0.17793047,0.029007647,9.135597,-1.7796656,0.009451783,1.354398,-1.5101397,0.02246547
0,-4.169987,-5.1488805,0.04981839,-1.1606439,2.1007075,0.056626864,-2.4796317,-8.267328,0.014075513,-0.2744368,1.6927798,0.029018465,5.352792,-7.887535,0.00962795,1.3209226,-0.021557115,0.04428261
0,-3.4418666,-1.027651,0.036604494,-1.5670413,0.42394093,0.06680786,5.5227904,-1.1323315,0.022070052,1.2467208,0.47966924,0.036572427,5.9424343,-2.080492,0.016696168,0.09285759,1.3506813,0.033653263
8,1.032833,-3.2755444,0.044982992,-0.21312319,-1.0814275,0.055865746,4.9400992,3.4288843,0.028144397,0.4597485,-0.8827106,0.035663366,-2.5295064,-0.25936636,0.025625518,-1.0583043,0.6967884,0.040448874
3,0.107986465,-3.5878015,0.059887722,-0.6223725,-0.09502699,0.059101123,8.774359,4.5079403,0.022651006,0.9950373,-1.4259626,0.032562047,1.2750287,5.297968,0.020397156,-1.2121236,1.2048157,0.042994883
2,2.8058856,-6.664001,0.042632654,-1.6638021,-1.3566011,0.03343779,0.6622008,-0.84005904,0.019175123,-0.32125854,-0.9099686,0.026053108,1.0314825,-3.649301,0.008523618,-0.4863296,-0.31519875,0.025183393
4,6.4491453,1.669426,0.040584113,0.2655768,0.33515665,0.042218696,3.9086998,6.340273,0.028569944,1.5555781,0.08183826,0.03491358,-3.6327925,7.582349,0.013247453,-0.18473613,1.7393082,0.036013275
0,-2.8861856,-7.059447,0.046932336,-1.6325513,0.7719104,0.036850996,9.583327,-6.877539,0.012255518,2.2728484,1.1438793,0.02223919,16.316736,4.7467523,0.010875992,1.870822,1.8066792,0.020265287
6,1.7310919,-7.63168,0.042948306,0.7652467,1.8357437,0.03058857,1.4086485,-7.8425317,0.0077820215,-0.77503294,-1.1041982,0.010336251,7.4731274,-6.384979,0.005183651,0.91119367,-2.6263442,0.008713225
0,1.0726343,-8.406399,0.052797657,0.23267531,2.4234767,0.036041517,-2.3134847,-7.637989,0.017121164,-0.8188212,0.5654796,0.025874482,5.9964957,-5.064491,0.008303471,1.4461249,-1.4618989,0.026143868
2,1.6303505,-5.259952,0.04290306,-1.5869648,-1.0853167,0.026711427,2.8234906,-3.5809808,0.016382208,-0.30814633,-1.4717548,0.017494172,4.684928,-4.598927,0.009560458,-0.17464225,-0.71579975,0.018577648
2,2.6671095,-7.091597,0.05875015,-1.7026061,-1.2219172,0.049362518,0.028182987,-3.8070326,0.028405048,-0.41894928,0.3367416,0.03704181,1.0909191,-5.152637,0.017640768,0.19996715,-0.00073263724,0.03597393
5,0.18030766,-8.277295,0.088915646,-0.36957356,-0.16412842,0.07354477,9.961957,2.732697,0.021885976,1.7202247,0.7953809,0.034676205,5.949155,16.632961,0.012735853,0.4706956,2.1451108,0.034978528
8,4.540578,-12.721134,0.06671973,0.33187413,-0.4975121,0.070994705,-3.2447975,-3.6678321,0.033366684,-0.59283507,1.13757,0.041378587,-3.7647665,-0.81993216,0.01993988,0.7235453,-0.30308643,0.039589
0,-1.9094844,-5.5662103,0.0833867,-1.2835935,0.4353581,0.058211513,18.254147,-1.3235934,0.028437052,3.27943,-0.07909337,0.028680721,15.5093975,11.794615,0.010562505,0.83652186,2.9196992,0.04092363
3,0.18777929,-8.005625,0.093190074,-1.6515783,-0.13582824,0.06450508,10.56139,-3.0137534,0.027024182,1.6801741,0.009958821,0.038481,8.188197,6.656563,0.013269866,0.701577,1.9670835,0.053534683
1,4.6175222,-6.7234683,0.021669062,-0.70138526,-2.771051,0.011198354,-8.50199,-0.1846044,0.0050099287,-1.9722914,-1.466728,0.008480228,-5.140648,-13.784542,0.0032497991,-1.6603796,-1.871593,0.01510348
1,3.8556437,-5.2395906,0.018564532,-0.7924931,-2.6327503,0.009470255,-8.130714,3.1293013,0.003949555,-1.2903883,-0.9740693,0.008769767,-7.627707,-10.326182,0.0026403535,-1.9876165,-0.9568946,0.008288126
8,5.0315595,-10.131162,0.05588174,-0.6192273,-1.5147365,0.06258162,-6.739114,-5.4857903,0.038599834,-1.3940861,0.56598693,0.032700956,-2.3220878,-10.338645,0.021038914,0.4461514,-1.5661062,0.03855063
5,2.4340796,-10.76506,0.049445793,0.46400264,1.3517411,0.072750404,-3.7231503,-6.3916373,0.03222168,-1.0034134,0.690998,0.02585899,1.2977272,-4.016859,0.010759771,0.7522856,-1.4852562,0.026006216
3,0.16626553,-6.4226522,0.06971034,-1.3078464,-0.30435675,0.06457409,13.603773,0.44411537,0.04077816,1.4677119,-1.8762155,0.045342688,8.859597,0.08363236,0.018098088,-0.17152928,0.3998067,0.0430992
1,4.8640285,-6.532256,0.025995562,0.13381772,-2.652653,0.01733847,-8.702451,2.9982414,0.005812083,-2.0868547,-1.9838395,0.009502454,-8.492058,-11.625419,0.0044621937,-2.23621,-1.7424672,0.008500859
0,-5.586544,-11.547889,0.04216067,-1.6199,3.4848645,0.032406833,-5.1865153,-14.048597,0.01988059,0.10374163,3.0997944,0.026682964,11.634082,-2.4710474,0.0100563215,2.9160726,0.14986992,0.023261923
8,6.177004,-13.862236,0.054078262,0.411408,-0.63076943,0.05694847,-0.38021272,2.0320222,0.032338154,-0.5682901,-0.25526667,0.032116175,-3.3681586,5.523615,0.014578526,-0.30850607,0.047230743,0.02638885
9,11.75374,-12.672112,0.024716392,2.7471008,0.409886,0.025185583,-12.098449,1.7476635,0.0151999565,-1.6792285,1.4729912,0.023433795,-9.871346,-3.6058047,0.006396453,-0.4763222,-0.55743957,0.0155745
0,-2.813889,-5.904192,0.06889341,-0.89134604,2.0643535,0.058636203,-4.5786705,-7.3435044,0.020010564,-0.41186762,1.660515,0.035936225,2.3723443,-5.99613,0.010058268,1.2304314,-0.26136425,0.04119782
1,5.0996723,-3.7393126,0.035358038,0.8417524,-1.759972,0.022113752,-0.07061921,5.539888,0.0069865985,-0.979657,-2.9479,0.009507908,-4.9400425,-5.719017,0.0050931154,-1.8843986,-1.2605798,0.014083843
3,3.5330942,-11.928161,0.052268535,-0.7751219,-0.9688408,0.046731446,-2.365708,-8.443413,0.016275128,-1.1120049,-0.29378623,0.018907847,1.8438842,-2.5245504,0.007998173,0.52303934,-0.96220726,0.026873112
7,8.722042,3.3524806,0.07546148,-0.72324413,0.67370856,0.090834685,9.441298,5.9317417,0.02581993,1.9366164,1.3130032,0.039356034,4.7646823,16.026533,0.008125701,0.74027544,2.1529725,0.030296072
1,3.3982997,-2.9801164,0.019146368,0.61986506,-2.1339982,0.014987724,-3.5886657,3.7654932,0.0068825656,-1.3253286,-1.8335314,0.011293793,-6.3034396,-9.895696,0.0036822152,-2.0894186,-1.232588,0.01261367
7,13.960006,-12.860004,0.024097253,2.5975537,-1.0255483,0.018785786,-11.95083,6.223652,0.008088214,-0.91666603,1.0383272,0.010096204,-13.5347805,4.221407,0.00559692,-1.0419192,1.1148963,0.009453892
0,-2.5619705,-13.703302,0.033394385,-1.1658391,2.6854646,0.04678288,5.388112,-15.843208,0.025581408,0.92588544,1.7452557,0.036710337,22.110235,-0.7998354,0.008602853,3.0209134,-0.09061998,0.027091432
0,-1.9370914,-7.206037,0.035630103,-1.0077176,0.91226125,0.053461265,7.7051234,-7.2149806,0.0106931925,1.7958502,0.9235923,0.028249815,14.794711,3.1445816,0.0053946134,2.1085823,0.36248326,0.013490404
3,1.8086724,-10.051064,0.047865488,-0.6493554,-0.9640214,0.046921495,0.17760853,-8.455271,0.017133787,-0.68161607,-0.35153845,0.029439664,5.4815993,-3.3982437,0.012338611,1.092117,-1.1509659,0.034530327
7,8.257244,-10.083879,0.06423188,1.4835172,-0.67245704,0.05469928,-7.074938,1.9113114,0.04294488,-0.3019868,0.30715021,0.046619926,-7.35773,1.7429571,0.022732653,-0.373476,0.4983264,0.04340622
6,1.0222654,-5.9406924,0.055009782,0.4239979,1.250744,0.036736354,2.2218084,-4.320189,0.015271422,0.38396847,0.1947978,0.021374915,5.2091956,-2.0483408,0.010143356,1.1808738,-1.1802664,0.032566678
3,0.2869965,-4.473403,0.050143413,-0.6955423,-0.38074952,0.044682886,10.620062,2.5854092,0.020249456,0.9857669,-1.9772795,0.021562109,4.766921,3.2478945,0.010452135,-0.96361804,0.7444325,0.029607926
2,1.9112478,-5.7816677,0.08578215,0.28460923,1.0366762,0.07457486,-4.8065753,-10.793821,0.017607642,-0.030257875,1.6403751,0.038362015,4.253303,-4.2080355,0.011501379,2.2791946,-0.3699383,0.026230948
3,0.7479448,-5.3213863,0.05762699,-0.5978122,-0.6493874,0.051640145,5.719714,1.366892,0.029433658,0.6090425,-0.7602881,0.038869604,0.3308057,3.6119845,0.020521596,-0.47347087,0.77426773,0.037674922
1,2.564189,-3.7906861,0.026582291,-0.7198129,-2.2151816,0.026151633,-4.993129,-1.1814632,0.008962755,-1.1920531,-0.6610789,0.011870225,-2.1805167,-12.5158205,0.004919482,-0.8043948,-1.5437889,0.018658832
6,-2.4888275,-3.8445814,0.050081145,-0.6575993,0.95507073,0.055736173,7.3109484,-4.7923493,0.020096399,1.8606368,1.3104119,0.023994146,11.609105,7.052742,0.012869643,2.0540447,1.0918041,0.028009102
7,13.633374,-2.1416512,0.036471564,0.98148054,-0.11569875,0.03666184,-1.2049801,4.3611627,0.018683383,-0.14389722,0.34763774,0.025614513,-5.071401,6.3756413,0.015674816,-0.016816821,-0.02155866,0.022239462
6,-1.1981703,-7.321643,0.09983489,0.60280246,1.8623174,0.0653434,3.5373423,-9.771986,0.015244535,0.78583765,0.35422778,0.03613532,14.499793,-3.7392528,0.00800804,2.1793697,-0.9968343,0.02183149
1,4.0055766,-5.6668754,0.021198345,-1.0818924,-2.354051,0.015046776,-8.506795,2.53279,0.005872748,-1.2796161,-0.65297765,0.010868283,-7.682387,-10.038998,0.0030436963,-1.7458119,-0.83447456,0.015640603
5,2.4241302,-11.032413,0.057445593,-0.17783973,-0.59033394,0.053501334,4.41892,-4.296137,0.030571654,0.26813838,0.3624084,0.030227201,3.794055,7.554962,0.013550275,0.75940615,-0.06744015,0.028188752
9,10.759176,-11.604297,0.031111887,1.9239652,-0.84524506,0.0348649,-9.440481,5.38026,0.0114738615,-1.7732246,0.11266977,0.016519679,-10.353461,-0.68093693,0.0056649153,-1.7960515,-0.19669959,0.019596824
8,3.8900065,-11.90346,0.039990608,-0.26838428,-0.9694886,0.044207823,0.7138664,-2.6268027,0.023012422,-0.9665834,-1.0074646,0.021717442,0.15416579,0.5351664,0.013038063,0.0426981,-1.2110307,0.021058694
3,3.8790033,-11.496575,0.0436015,-0.008445736,-0.8767322,0.04260739,-3.6953633,-1.4351616,0.016418798,-1.2119536,-0.19738093,0.019355768,-5.3047485,-0.073170014,0.006819284,-0.48327428,-0.7018425,0.023373572
1,4.8130593,-7.43933,0.02654608,-1.2607683,-2.3985121,0.012092716,-8.745629,-2.6886108,0.0054709236,-2.011309,-0.8880809,0.008237439,-3.3964515,-14.142492,0.004106435,-1.0450761,-1.8710409,0.011547545
4,13.474256,-7.4998174,0.042779427,1.5221682,0.20345329,0.040037844,-5.998469,6.406498,0.021198526,-0.25264475,1.3647019,0.022940896,-9.558255,8.8428335,0.010624045,0.0038258166,0.9196435,0.02611584
0,-5.2678885,0.3933354,0.034599677,-2.4659657,0.6294727,0.057591323,5.354689,-4.1679864,0.015582097,1.651927,0.6065261,0.035275057,8.953075,-3.929011,0.014425864,0.7281582,1.543665,0.03680026
6,0.3534228,-4.453277,0.04764587,0.22448118,0.7776895,0.04949138,6.1383743,-3.019221,0.015767194,0.7588097,-0.960258,0.027058,6.5106974,-1.2417015,0.012205608,0.7828887,-1.0890763,0.031517774
8,3.1293411,-8.352796,0.049833085,0.30100435,-0.9393124,0.05911946,0.8205498,-1.6242883,0.044197354,-0.36237878,-0.70107657,0.044733815,2.0912292,-2.10926,0.021802586,0.2924076,-0.806783,0.034243345
3,1.8238673,-6.2314577,0.062233992,-0.24230683,-0.37702775,0.049609803,5.5256724,4.016914,0.0349487,0.5664264,-0.77521014,0.046725605,-1.5029265,11.943731,0.015861439,-0.6727135,1.3340812,0.04099277
8,3.136086,-9.092176,0.041543446,0.39771834,-0.58322275,0.041645672,-0.027643457,-0.036604613,0.03118553,-0.26938522,-0.062971614,0.03465919,-2.4288864,0.42639452,0.014820004,-0.17205006,-0.51900166,0.024893977
7,4.0349326,6.7166204,0.017523836,0.0631069,0.16486739,0.06828636,9.030738,6.3267636,0.01756254,1.6074373,-0.20813583,0.036447894,-1.2406183,7.6632476,0.009256755,-0.10973041,1.1140959,0.03551165
0,-3.7427578,-8.873427,0.038650032,-1.5299344,1.177716,0.04115844,10.846119,-9.358663,0.007966992,2.364994,1.6393553,0.016872693,20.254873,9.427436,0.0056465133,2.767097,1.9116786,0.015976956
7,13.275119,4.6470346,0.026916146,0.77312565,-0.4485806,0.063660935,5.2128515,8.998172,0.009394668,0.8866269,0.39096716,0.017988075,-6.4553814,14.477034,0.0051904977,-0.39255327,1.8386962,0.024009766
7,10.477027,2.4618115,0.052289475,0.25729057,-0.0685403,0.06825281,12.0852375,13.156462,0.02887585,1.8307939,-1.3747625,0.03577587,-7.7870913,15.097261,0.013449569,-1.2835205,1.7954028,0.030800683
6,-0.58017784,-2.3727653,0.046845987,-0.051262658,0.7155318,0.046896473,6.162737,1.0789442,0.021301674,1.4971567,-0.39670455,0.033051305,3.0546324,3.3167446,0.011152829,0.24456969,0.6425609,0.0329546
0,-1.477326,-8.370202,0.038094204,-0.5165472,2.3006546,0.039522294,2.0448704,-9.236591,0.018559875,0.32335255,0.75422907,0.025508132,11.777959,-5.9196386,0.010692898,1.8787404,-1.1095426,0.02547705
6,1.9828651,-6.178367,0.056634713,0.868656,1.9935842,0.028838372,-3.193329,-7.375724,0.010807976,-0.7248661,-0.21875095,0.017738149,4.6751904,-7.739941,0.0054606455,0.9483316,-2.0602841,0.014292526
2,1.5087551,-3.8747575,0.06880513,0.16581541,0.73017365,0.05934661,-2.692412,1.6233859,0.03186846,0.30392277,0.4658407,0.056695122,-1.9623764,0.12610859,0.016894907,0.12022456,0.75333315,0.046710614
7,7.6607466,5.2268977,0.028649312,-0.13198662,0.2204829,0.07739643,14.972631,10.055762,0.0110406345,2.8339837,0.53657657,0.018085912,1.1769693,19.347958,0.00739585,0.22497319,2.9129505,0.024966575
0,2.626988,-14.705344,0.04257285,0.042146824,2.485026,0.044404004,-4.734213,-12.5061035,0.022072164,-1.0153238,0.9784404,0.02841817,7.0848,-4.834574,0.007693794,2.0496416,-1.1845059,0.02606822
5,-0.2997269,-9.179212,0.08637332,-0.3978442,0.080147624,0.09080406,7.4242973,-1.8687196,0.061799698,1.1941396,0.25307298,0.08358981,8.083409,6.4838576,0.019600596,0.7099269,0.74807775,0.05699733
8,6.3796854,-12.503875,0.051930044,2.0589004,1.8133947,0.040380027,-10.55731,-6.114836,0.034822106,-1.9103528,1.0483878,0.03657626,-1.2208213,-10.545587,0.0184298,0.5820226,-1.7914891,0.039810542
7,7.367677,-0.22760378,0.043045025,0.7693686,-0.49821714,0.042238303,0.34412032,9.612446,0.02967747,0.16885345,-0.2060552,0.033983495,-8.044436,2.9663272,0.01620188,-1.4105407,0.4337853,0.05473821
7,14.633566,-2.1245544,0.037365988,0.96679646,-0.39680445,0.046607874,1.9252908,6.0630827,0.0126075875,0.5189842,0.9148238,0.021554874,-5.318351,14.174345,0.007724709,0.0010811165,1.4137154,0.018958516
1,3.84784,-2.6942298,0.021601655,0.8742676,-2.1447968,0.0119791655,-0.81212044,4.3871794,0.0053066374,-0.84049803,-2.4225402,0.016558303,-4.9361777,-7.920982,0.0031162112,-1.8282034,-1.2374871,0.009202614
7,3.6781259,3.6987643,0.03442005,0.1753547,0.19174327,0.053278904,6.907688,5.341543,0.023703689,1.7755749,0.25463244,0.03103055,-1.8425843,5.980769,0.013456896,-0.11784364,1.4819357,0.0373313
9,10.89662,-1.7418458,0.027224973,0.77433515,-0.24671625,0.031919874,2.8278074,12.222279,0.015880013,0.5576486,-0.5399123,0.02240397,-8.512953,12.626803,0.008196826,-1.4969536,1.3276705,0.017485647
1,4.848806,-2.9437127,0.024123238,1.0972049,-2.0184457,0.019198094,-0.7579893,6.8786306,0.005362077,-0.74134004,-2.427028,0.007873541,-6.617436,-5.020868,0.0036033483,-1.9583226,-0.9230679,0.007463383
9,10.58955,-0.60936475,0.025946124,0.6941506,-0.18482031,0.033611484,4.9616795,13.630173,0.011470685,0.9011517,-0.6414325,0.016075414,-8.656646,12.815952,0.0058268826,-1.644935,1.0964782,0.015798194
5,3.0001285,-6.5009694,0.03992422,-0.03743471,-1.5937327,0.038991895,-5.0966835,-1.2245228,0.027449232,-1.4768673,-0.5227155,0.03052659,-4.4381185,-7.8801594,0.017979309,-0.6997718,-1.4716492,0.024665412
9,7.528545,-6.0069532,0.028645223,1.2251159,-0.31762043,0.03822948,-6.1133413,6.739284,0.016459523,-1.2167108,0.066049315,0.028594567,-10.70183,-2.3904502,0.010149612,-1.6432111,-0.44828576,0.024831017
6,-1.5393765,-2.3660583,0.04326355,-0.32043573,0.88064706,0.04933027,6.1552343,-0.039279055,0.021001019,1.4549437,0.2884144,0.028677689,4.863725,3.2582595,0.009868871,0.88110095,0.91608226,0.06485757
5,2.4221356,-8.823462,0.06120235,0.61754775,1.5933313,0.055485487,-6.334989,-2.333459,0.035846725,-1.2502111,1.1215559,0.04708996,0.21887065,-5.391522,0.025019828,0.58647937,-1.1808976,0.044438764
6,3.8189142,-8.09124,0.044816367,-0.3369037,-1.7455835,0.052670274,-5.8223133,-5.6327453,0.01876486,-2.0082123,-0.5602154,0.031771123,-0.77518487,-10.650392,0.008055458,0.035192214,-2.336544,0.031462286
9,14.531642,-10.097827,0.02816372,1.4753357,-0.4537498,0.035586506,-5.9571033,6.469086,0.017538302,-0.99975187,0.5150745,0.020429127,-9.230858,8.327261,0.0064425184,-1.030172,0.6898892,0.025683874
6,-0.42732066,-6.7048135,0.07979266,0.6823627,1.9433681,0.037124485,-0.16623119,-9.290235,0.009867781,-0.003662938,0.7736263,0.013733996,10.403359,-5.2702484,0.009143203,2.0174246,-1.5268356,0.019233245
9,10.777752,-12.320655,0.026347004,1.7232883,-1.4576898,0.037920587,-13.450192,2.6698344,0.0144217815,-2.7372081,0.3953171,0.019919937,-10.743549,-6.3040338,0.006393667,-1.4437768,-0.8958008,0.02527855
7,13.115824,1.8311334,0.049405973,0.79864204,-0.14240748,0.06815119,2.3901334,5.4246693,0.012743569,0.79504436,1.837815,0.024850395,-1.7455757,13.206111,0.009133296,0.8794459,1.7878253,0.028983284
8,6.7555075,-3.2981493,0.1213618,-1.0175413,0.048838787,0.081594,15.235755,3.772884,0.049521446,2.127044,-1.1252872,0.056435287,3.7126756,7.7331066,0.028130963,-0.41937882,1.7382538,0.04612463
0,-4.3091836,-4.9649053,0.08525723,-1.7497313,1.5326353,0.07942742,-2.1233237,-4.906778,0.026273511,0.6820431,1.7741729,0.06974837,4.297262,-2.4682302,0.009222485,1.0111476,0.9397336,0.060888223
6,2.1443398,-6.043902,0.037858367,0.63306785,0.9710863,0.046207994,-2.0287797,-4.91843,0.013734206,-1.1977823,-0.8284527,0.024834733,1.2057637,-8.982357,0.010712491,0.27785832,-2.56484,0.030474331
4,1.0611962,-4.529243,0.050109748,0.1484703,0.43351367,0.050944768,4.105521,1.7994453,0.05001532,0.57423526,-0.71423644,0.04897257,1.9131787,-0.13447164,0.023299713,-0.451717,0.07370419,0.041013587
7,10.7304125,-10.039905,0.037257433,1.8471802,-0.25942826,0.039618496,-8.893531,6.4165235,0.029227465,-0.6897965,0.40939963,0.030333128,-11.978255,3.266851,0.011785169,-1.2251596,0.51876885,0.028549355
3,2.6769876,-0.12202369,0.03730825,0.37029418,-0.4785332,0.04894071,5.453171,9.138094,0.021083323,0.73936856,-1.7362287,0.031978298,-6.1220813,4.1943636,0.014868279,-2.0167737,1.0818307,0.030189373
9,10.299966,-1.2733024,0.024631072,0.45960778,-0.4085462,0.027537163,4.4859967,8.07508,0.0123911705,0.57535315,-1.0009916,0.016824082,-5.2171135,9.578904,0.0074400767,-1.0625341,0.20934436,0.017378133
1,6.291968,-6.653838,0.03739923,1.003887,-1.2866479,0.02615939,-5.148479,4.3227177,0.016252683,-1.4557781,-0.7712779,0.030511357,-8.094786,-4.0026493,0.010525813,-1.7466391,-0.95242685,0.021811424
4,5.77701,1.5184299,0.053395163,0.65786487,0.37953642,0.051911443,-0.70318395,6.467922,0.032720435,0.82609576,0.91095996,0.036103938,-5.6077075,3.3388534,0.012355204,0.29474288,0.81300867,0.033344217
9,6.6364036,0.6144762,0.03350405,0.28128743,-0.10512122,0.038430106,9.338223,9.702895,0.016796222,1.9791028,-1.4696791,0.021986146,-5.7786713,11.399923,0.0099569755,-1.3199509,1.4947621,0.023956055
1,3.0163233,-3.0231159,0.016027767,-0.21458827,-2.2665493,0.020904357,-5.0058107,6.003624,0.0044884295,-0.8456804,-1.4420741,0.008131908,-8.234003,-8.8306265,0.003857793,-2.3097458,-0.637635,0.013532595
2,1.5617003,-5.1182075,0.046076573,0.319258,0.821171,0.05007051,-0.21643412,-0.5501606,0.03293853,-0.14546818,-0.5890207,0.035898983,-0.22033013,-2.289911,0.01885138,-0.086365655,-0.011251061,0.036372744
2,0.49341342,-2.5451748,0.083055995,0.15926,0.56739277,0.08328774,1.980925,5.670745,0.03245807,1.1301079,-0.6480586,0.04658601,-3.144431,1.1481671,0.01724853,-0.56017554,0.6693164,0.05537507
3,3.1156526,-12.036552,0.059390333,-1.3088979,-0.8376043,0.07117177,-3.5618494,-12.813403,0.026204858,-0.938612,0.46280146,0.029810322,7.396083,-6.950976,0.017709183,1.6444495,-1.1314319,0.032143354
5,3.0783143,-10.664219,0.049376663,0.36529997,-0.57776606,0.047562435,-0.94729567,-0.15876919,0.035376966,-0.5956897,0.1529927,0.04212496,-3.149314,3.7245445,0.0123976935,-0.053949546,-0.44541317,0.03562832
5,0.87839246,-7.7479362,0.04744413,-0.6319295,-0.7500118,0.051693678,4.1490626,-5.7174506,0.025900245,0.35046637,-0.36199114,0.035259787,8.216312,-0.52676255,0.0147718415,1.0041599,-0.49682632,0.030863604
0,-0.92805904,-10.725838,0.050172165,-0.23495531,2.9147065,0.024401926,-3.570436,-12.625328,0.012076787,-0.38645104,1.6156629,0.022920147,11.004453,-5.441611,0.007983748,2.5994267,-1.3824481,0.020281285
9,12.367631,-1.9214853,0.023135005,0.68132466,-0.40955964,0.028476285,2.688077,11.601263,0.010549843,0.38007113,-0.87378836,0.013209541,-7.2491117,11.687419,0.007845243,-1.6091462,1.0126867,0.015082642
3,4.345331,-14.822593,0.042705186,-0.69554704,-0.83978206,0.061597157,-1.2875463,-9.037,0.020715669,-1.2777969,-0.44081813,0.026754564,3.145955,-0.3603675,0.010618718,0.80781066,-1.1513877,0.02369329
7,9.828281,-13.335523,0.060591694,2.3744385,-0.5942803,0.05859005,-6.6586037,-1.9261304,0.035470173,-0.4368406,0.7470807,0.033583097,-4.7699347,0.43234095,0.01232046,0.22346489,0.9752606,0.035178002
9,9.7890415,-2.307374,0.045805395,0.71106666,0.041417688,0.044073198,1.3532853,4.7735214,0.02998138,0.61166227,0.657632,0.03314938,-1.5541168,7.3499823,0.014726399,0.26137152,0.6997203,0.04031036
4,6.3228946,-10.183557,0.04680325,0.7714997,-0.9217622,0.058595296,-7.035353,0.08742442,0.025633376,-1.1110772,0.76914644,0.03412619,-3.5423477,-7.204421,0.01277783,-0.19056535,-0.7077145,0.031215033
4,13.213319,-11.698588,0.04690922,2.6780398,0.616987,0.03135102,-10.8942995,2.3482785,0.023487885,-1.6098154,2.2682621,0.025765738,-7.212312,-0.45179373,0.008428072,0.19352941,-0.5980683,0.02891098
2,0.9307594,-3.528377,0.07251008,0.44467053,0.85339063,0.065351605,-4.0075045,-1.8002558,0.018358318,0.42889476,1.4829469,0.03509695,1.4480065,-3.8328133,0.021786684,1.3532726,-0.13743092,0.04233162
9,8.570901,-0.62436616,0.027156942,0.507062,-0.3294957,0.028861882,5.394751,10.095538,0.0132686645,0.64811164,-1.0796036,0.018838383,-5.6411166,8.090316,0.009403129,-1.5796397,0.42453098,0.017204404
8,5.410826,-15.299762,0.053982638,0.34617093,-0.5896626,0.08324317,-4.387774,-5.755026,0.026464025,-0.8341486,1.4833097,0.03172107,1.4351743,-1.0246099,0.012117953,1.1126921,-0.32411385,0.026026947
6,-3.4536986,-3.6344225,0.07149804,-0.8193106,0.9460683,0.07645598,3.8284655,-4.0944138,0.04927001,1.2566146,1.0407805,0.056502204,6.9006076,0.95717305,0.019810962,0.94801027,1.6196748,0.052750114
5,4.013016,-11.897257,0.060264334,0.9308738,0.8846331,0.072920114,-5.7855196,-4.4780564,0.03663771,-1.7779448,0.7255713,0.0423217,-2.2242253,-4.64096,0.012294424,0.30665624,-1.2166101,0.030578397
4,10.716761,-4.6007814,0.048367713,1.4106348,0.07146063,0.043365892,-6.1792984,7.883348,0.01875405,0.13033484,1.6744955,0.027343351,-8.586304,5.7601776,0.013835004,-0.12165195,1.0928397,0.025218343
2,2.642405,-6.9747086,0.046382163,0.38590583,0.83626413,0.04882092,-0.023100536,-1.4600086,0.027756102,0.0004919028,0.18833955,0.039722674,0.86879075,-2.8319266,0.023909284,0.72538143,-0.3601012,0.037345033
8,3.0884292,-9.525877,0.08328897,-0.38998485,0.04975935,0.08034356,3.943447,-1.727819,0.034742292,0.94670284,1.1889905,0.043174207,3.0524175,7.4367113,0.019220443,0.54005516,1.6052651,0.041126523
2,4.492501,-8.405644,0.07118782,-0.13358565,-0.8482796,0.078901954,-0.28028426,1.8685732,0.02316737,0.2083488,0.7801182,0.03334052,-4.1662855,1.7276332,0.015882079,-0.5478864,1.3473198,0.035800245
1,3.957126,-3.028507,0.023107996,0.8215566,-2.0512269,0.01498315,-0.20145458,4.5513816,0.0062723737,-0.7347507,-2.6310363,0.007724736,-4.495769,-6.7118807,0.0043346463,-1.6829233,-1.1843817,0.014148113
1,3.8943717,-3.5545216,0.024096066,0.7663474,-2.0997038,0.014147407,-2.013891,4.6749177,0.0071423664,-1.1987591,-2.6102624,0.011315315,-5.5956273,-8.062807,0.004798371,-2.1209047,-1.3185445,0.011085693
3,0.24930502,-5.0445724,0.061533812,-0.94761246,-0.3838955,0.0499735,10.349227,2.469239,0.012076187,0.84159374,-1.9261949,0.018484302,3.2444575,0.8625629,0.007927429,-1.0564318,0.851046,0.037534934
9,10.643227,-1.3975769,0.028073566,0.5969222,-0.40041843,0.028433608,2.3616102,6.609004,0.021881474,0.33052123,-0.3438999,0.018838584,-4.404953,9.734996,0.009357446,-0.90966433,1.038252,0.025194451
2,5.0063443,-11.129135,0.08540373,1.2032645,1.2480408,0.079298206,-10.574382,-10.326401,0.027439427,-0.6700197,2.1053772,0.038659256,1.0637951,-7.475202,0.015813107,2.2514515,-1.0653461,0.042482644
3,0.835872,-10.935036,0.03993707,-1.0328804,-0.47888672,0.05100603,4.233308,-11.289355,0.018512525,0.30322164,-0.047994155,0.02458582,14.251321,0.22762844,0.014022323,1.9794914,-0.5393587,0.029185122
8,6.421687,-20.062786,0.029782144,0.32133174,2.1430225,0.089383096,-6.51569,-10.015991,0.017718598,-1.213551,1.8851292,0.03243973,3.572821,1.0253799,0.013131082,2.0457892,-0.6706702,0.021878878
8,1.90393,-5.340018,0.042480156,-0.79704356,-1.0411966,0.044059455,3.7859507,2.427118,0.021892311,-0.14550817,-2.2612145,0.025667598,-0.9833094,-0.05563054,0.013913132,-1.2729192,-0.3503355,0.027046487
3,0.20803984,-3.930705,0.055204425,-0.8999103,-0.3664484,0.052703526,11.399808,5.353224,0.017433658,1.1741401,-1.5021993,0.027574997,0.45286694,6.2325864,0.012454064,-1.1649803,1.5016357,0.041606072
3,0.6837809,-9.304455,0.040478863,-0.58199674,-0.52112854,0.041910622,8.796035,-2.2934668,0.023290917,0.94851476,-1.01514,0.026432952,7.6492414,4.4711967,0.011935986,0.33134165,-0.073601566,0.028381793
4,-1.8390367,0.13048166,0.047310263,-0.04839587,0.50498813,0.074643806,1.0297294,3.287819,0.02632926,1.2964711,1.271815,0.043680742,-0.4039581,2.168351,0.0173447,0.9840029,1.6500117,0.039154414
6,2.0531826,-5.771313,0.048448924,0.74573547,1.2833387,0.03727501,-3.6634662,-4.759161,0.020982908,-0.3422798,-0.12815051,0.036386233,0.9782952,-5.871898,0.011435515,0.64596504,-1.605144,0.027174667
3,3.2354987,-10.726218,0.061878916,-0.1907888,-0.9254381,0.06528733,-3.7264135,-5.6918297,0.027705688,-0.7562813,0.57464045,0.03441915,-1.3651549,-0.90292794,0.012483038,0.5901694,0.1296579,0.0382938
2,2.9204564,-6.6684713,0.056626055,-1.7021668,-1.0209328,0.041919056,1.3424263,-0.97564226,0.016097292,-0.38893473,-0.8356753,0.02999492,-1.5408069,-1.2921624,0.011973803,-0.65828085,0.24566843,0.024537817
7,12.952123,2.5278945,0.019310419,0.585836,-0.24828084,0.048845116,6.6969686,8.48696,0.011993518,1.1465358,0.3018796,0.022951428,-4.3600116,14.141896,0.0071349344,-0.40574905,1.7500594,0.016519474
7,8.899355,-4.905302,0.05655312,1.674471,-0.46259323,0.05467038,-4.922608,5.433095,0.024064144,-0.09511072,1.1681063,0.032379106,-7.13219,0.04007351,0.014335196,-0.2849846,0.8740125,0.03636685
7,12.084187,-8.15818,0.039927613,2.026373,-0.88184166,0.034075383,-5.881694,8.766157,0.022769716,-0.38951817,0.35059977,0.022908654,-12.92241,5.317907,0.011438306,-1.2998593,1.2785378,0.031021787
4,-1.4885628,-0.06210932,0.06271577,-0.010822803,0.58247983,0.085704505,-0.32631952,3.8480003,0.03776142,1.6819555,0.5636702,0.05555158,-1.8451016,1.3017728,0.019260783,0.24938454,1.8928583,0.05565848
7,11.830784,2.4173548,0.03443948,0.8402393,-0.3360116,0.055444427,3.1269476,7.649002,0.013094563,0.82739407,1.008013,0.022391604,-5.132883,13.608514,0.0066594244,-0.08959778,1.7809494,0.018961994
4,4.939995,1.1984876,0.064472735,0.06982462,0.34028357,0.06732876,5.9867277,9.598272,0.035897315,2.182244,-0.5465586,0.04666111,-1.2315972,11.773287,0.010335176,-0.6196429,1.9668125,0.039158206
9,10.623688,-9.869477,0.032487858,1.7835091,-1.1891009,0.037718534,-10.774893,4.915973,0.024659267,-1.9893904,0.2141783,0.028488599,-11.597936,-3.2928295,0.011354585,-1.4164788,-0.7335777,0.030274063
3,0.28784624,-9.134335,0.06230403,-0.8274509,-0.32029057,0.04935405,16.816347,0.6855153,0.018292902,1.9440603,-1.7477179,0.025982756,10.2107935,10.491136,0.0060911896,-0.03585811,1.0039917,0.02053162
8,-0.1975524,-7.19048,0.116847,-0.7577369,0.23521468,0.08974069,12.860933,-0.12590049,0.034585703,2.740493,0.016207667,0.047761597,7.939413,11.246058,0.020427495,0.78834677,2.4665904,0.049314883
3,2.6068375,-9.393624,0.05852505,-0.22225347,-0.8618255,0.04857206,0.22735576,-1.2629814,0.025973082,-0.59787977,-0.7842549,0.036391754,-1.1985146,2.3036315,0.014625739,-0.34745845,0.012160962,0.040187266
5,2.3047214,-8.883305,0.079569586,0.128078,1.7881227,0.06559301,-5.8837337,-10.06765,0.046033002,-0.7040166,0.8073578,0.06075686,4.533992,-6.1734,0.027081078,1.8373265,-1.1718339,0.050370727
6,3.1241045,-7.17788,0.045082938,-0.20259848,-1.4172436,0.05999246,-3.9342394,-4.7844186,0.015047431,-1.8086381,-0.7697733,0.02777341,0.050542917,-9.742522,0.012577197,-0.1507991,-2.398055,0.02852835
2,4.5287104,-9.715065,0.07326755,-2.307117,-1.0184591,0.043966465,0.91817194,-3.9132593,0.032776415,0.012477125,0.25833476,0.032803897,1.7802486,-2.3466833,0.011506173,0.26973233,0.72493523,0.028331786
0,-2.640029,-2.1247163,0.068701655,-0.4365856,0.7813481,0.081003115,6.866659,4.243154,0.039461825,2.0124216,-0.10672934,0.041729826,1.1146096,4.945006,0.022854943,-0.35683972,1.7864312,0.051688243
8,4.7033596,-11.562031,0.03649619,0.5193318,-0.5888419,0.057944216,-2.558337,-3.012005,0.029633328,-1.4780325,-0.5654047,0.029624948,-0.90061134,-3.273996,0.016141484,0.06328201,-1.6877265,0.027663738
4,10.081328,-0.92614573,0.031222178,0.6235363,-0.044744216,0.0346941,1.7168462,7.298506,0.014059763,0.56000566,-0.24426147,0.026182,-5.098356,8.385342,0.007817121,-0.6253701,0.053347647,0.029579598
2,-1.0325451,-5.142882,0.0662138,-0.3999076,0.96842057,0.07225945,0.4590285,-6.8146024,0.037446238,0.30708155,1.1055937,0.041305974,7.038941,-2.2539825,0.025917437,1.7076304,0.036917686,0.048314042
2,0.3644247,-2.2119012,0.07832748,0.03271544,-1.5767279,0.101319686,-1.1097052,0.4662792,0.025900954,0.5376957,-0.70942944,0.0532145,0.99807745,-7.056739,0.009054732,0.010373681,-0.117515676,0.056553997
5,-1.0215801,-7.7830534,0.06460066,-0.93776464,0.24870592,0.06324763,7.773397,-5.2656693,0.035262037,1.6650836,0.35820308,0.043147814,11.503431,1.566704,0.018065192,0.8286657,0.45225888,0.04365651
7,6.548283,-8.134777,0.024758123,-0.30683625,-2.3216183,0.027702028,-10.1487465,3.4337823,0.012343273,-1.8492881,-0.46329385,0.017523164,-9.726012,-7.412007,0.0063530947,-2.110374,-0.5906113,0.019809095
6,-0.8324978,-5.5211806,0.06059567,0.15290399,1.3929846,0.042064242,3.0220864,-5.072832,0.014776939,0.6681031,0.5716546,0.025748651,8.647977,0.9858339,0.008339477,1.6972666,-0.71494335,0.018505063
1,3.7282326,-5.068734,0.019197827,-0.9431121,-2.6185107,0.015039248,-7.8792543,2.541671,0.011031564,-1.2418036,-0.68601596,0.019077202,-6.762881,-11.450586,0.007461143,-1.3610444,-1.0644438,0.012304871
5,1.2171234,-8.603145,0.05610936,-1.1298618,-0.8826671,0.05433498,3.4778116,-7.936894,0.039015677,0.18267468,-0.15073006,0.03830093,10.175186,-4.1172233,0.018423716,1.2749077,-0.70652825,0.041804463
2,3.4876447,-8.496007,0.06624825,0.4767235,0.51203924,0.059825838,-4.8751755,-0.2480722,0.034077045,0.05361968,1.0626619,0.052021135,-3.0972586,1.2813526,0.02131051,0.5120311,0.6405288,0.049649265
8,5.618296,-9.743725,0.034828097,-0.6241122,-1.6685038,0.04278512,-7.7863564,-3.0099726,0.01971994,-2.0349522,0.04002128,0.030317863,-5.423123,-9.890923,0.01111071,-0.56883717,-1.9258267,0.024855426
1,5.899021,-8.55275,0.023946611,-1.0514404,-2.6707764,0.017308787,-11.921248,1.7726828,0.010795813,-2.0342913,-0.7269597,0.010814802,-9.522377,-10.363751,0.006871939,-1.6253928,-1.1225287,0.017983193
0,-0.33420336,-12.627391,0.040430527,-0.12239903,3.227747,0.014239081,-2.8581889,-14.5352745,0.008474719,-0.5129374,1.4292877,0.012130936,11.870987,-5.9232445,0.0062551014,2.7684577,-1.663993,0.015769979
1,3.8997326,-5.385811,0.01824257,-0.65042496,-2.7349155,0.009145248,-7.6346374,2.3815773,0.003491255,-1.430892,-1.4295274,0.009557581,-6.4665875,-11.892629,0.0028504126,-2.021661,-1.2891848,0.013894152
0,-5.891552,-3.9987245,0.04349657,-2.2194166,1.3736875,0.052029334,3.465852,-4.899562,0.024679279,0.7449059,1.1612649,0.043285206,10.226564,-2.3178954,0.010650551,1.458594,1.2077742,0.03982003
9,16.168108,-12.905189,0.038808975,1.9914037,0.2757528,0.044091366,-10.807368,6.8492684,0.013923359,-1.85865,1.5603021,0.026967542,-12.288531,6.70216,0.0073368493,-0.6064122,0.2117271,0.026084978
3,4.0616317,-8.9287195,0.06549208,0.21194349,-0.9384433,0.05597624,-2.4166203,1.3790956,0.032178067,-0.48752937,0.0021369266,0.04613986,-5.064627,2.3172255,0.02393079,-0.53995913,0.6810588,0.043567948
2,5.7226624,0.9804503,0.05940294,0.102816895,-0.21794206,0.06032114,9.945657,9.000273,0.022786418,1.127599,-1.2277237,0.03894156,-3.3037477,9.694056,0.011830382,-1.4482324,2.1441221,0.035944793
8,4.581892,0.027474467,0.0643896,-0.2851522,0.10451461,0.055530533,10.132706,4.0844803,0.04695902,1.5060084,0.19425887,0.050757904,2.499615,10.834611,0.028309345,-0.17360213,1.7999206,0.04300168
6,1.957097,-4.9151897,0.038674925,0.4192142,-1.2296928,0.038458213,-2.1072688,-1.7587935,0.014597965,-1.315094,-1.6613857,0.020262152,-1.7657053,-8.019338,0.011017269,-0.6232916,-2.3949232,0.02587402
6,5.1601253,-11.156304,0.062014967,1.8618078,2.1408935,0.034097888,-10.156346,-7.2935467,0.029329505,-1.6737342,1.0901788,0.026685355,0.81510955,-9.472645,0.013089886,1.3467599,-2.0456457,0.032142494
8,7.0900283,-13.813806,0.03825359,0.3832279,-0.8502839,0.055711936,-7.606437,-2.3029466,0.027952185,-1.9885216,0.04686424,0.032832675,-6.050562,-4.690194,0.0178936,-0.2846108,-1.850704,0.029556483
1,3.8772354,-5.664682,0.023346148,-0.8110867,-2.4634848,0.020810837,-7.670697,2.82633,0.006412214,-1.5011386,-1.171533,0.0074815564,-7.144367,-9.720009,0.0029384769,-2.050702,-1.0672184,0.009323072
3,0.2941613,-8.441877,0.06744135,-1.241683,-0.121930815,0.058242492,11.005934,-5.9741035,0.020643296,1.5189512,-0.7040974,0.034634713,14.363948,0.9018667,0.014974165,0.8721713,0.64996433,0.04146827
1,3.4922054,-4.155795,0.017823936,0.26527566,-2.4152153,0.012352967,-5.757542,3.205236,0.0063048867,-1.3029274,-1.8747233,0.0142163765,-6.712136,-11.4056,0.0038511762,-2.1619217,-1.2424109,0.010201471
1,2.9031243,-3.3768096,0.018009635,-0.21915638,-2.5004625,0.015313263,-4.9453807,5.0820456,0.00603332,-0.9955709,-1.3822837,0.016633492,-7.4599543,-9.0584,0.0041053905,-2.26829,-0.8023894,0.013581561
0,-0.40433803,-6.8539734,0.04841081,-0.4163622,0.5293145,0.05897443,10.7361765,-2.8811743,0.020749092,1.6652112,-0.6026042,0.032512855,9.871541,6.017437,0.010431769,1.2609303,0.28922182,0.032201428
8,4.5957913,-10.059443,0.065240204,0.06495201,-0.5794038,0.067357644,-1.0401648,0.20362037,0.041937254,-0.06886601,0.43371952,0.042770725,-0.73968524,2.9974174,0.022948887,-0.061785612,0.74161667,0.041657638
1,4.0604644,-5.7983866,0.022849098,-1.3065476,-2.410504,0.008745024,-7.556601,0.28352162,0.0058189486,-1.4484596,-0.80682963,0.009856055,-5.2588263,-12.6777,0.003799014,-1.3450304,-1.4311924,0.015056234
4,13.534156,-8.368411,0.032973208,1.8916105,0.34078163,0.031895738,-8.304808,6.0698915,0.015997998,-0.9094784,1.9745305,0.015536869,-9.247421,4.751776,0.008653868,0.009891303,-0.12770325,0.016268987
1,4.1921744,-5.4771285,0.025556812,0.4247103,-2.4785876,0.01793833,-6.591913,1.8127425,0.004653767,-1.9653726,-2.1544654,0.017745001,-5.8199134,-12.2755785,0.0028956258,-2.0219636,-1.7881236,0.015753698
6,-2.2259803,-3.877986,0.05915001,-0.40564394,0.8449102,0.06288728,4.922335,-2.9875975,0.03360069,1.5825981,1.0492386,0.041544687,7.1490197,4.9455566,0.024909649,1.3987976,1.1938229,0.047540493
3,0.9166516,-11.092606,0.078870274,-0.79924667,-0.537953,0.06750543,7.2367735,-7.0145464,0.044018872,0.37185332,-0.16241486,0.04369722,4.862134,7.3344717,0.019978238,0.53047335,1.0142177,0.049705632
7,10.443563,-7.701665,0.02630535,1.6885958,-0.9770128,0.021773953,-6.2307425,10.104363,0.004839998,-0.97986156,-0.4223272,0.01681029,-13.705309,3.5053363,0.004291079,-2.3378828,0.7130966,0.016137274
9,14.174935,-0.8143379,0.039433632,0.87155104,-0.06460222,0.042385243,5.044759,9.875407,0.023490416,0.9803808,1.1265396,0.023299998,-7.3452744,17.003004,0.01764126,-0.2209079,1.6440425,0.023440728
1,4.187244,-2.7484727,0.025673773,0.9507996,-1.9080722,0.020257335,-0.14524065,4.4052644,0.009997196,-0.7774732,-2.179332,0.015935296,-4.669284,-6.230938,0.005658952,-1.4243941,-1.1004431,0.011474048
3,0.9298585,-10.88078,0.050589547,-0.78244025,-0.59709966,0.04780994,6.9594173,-6.4938927,0.014075127,0.3039123,-0.55542856,0.023994777,7.553809,4.422309,0.0055441875,0.7545753,0.58508754,0.017954828
6,-1.7272375,-1.2400093,0.07707862,-0.29582694,0.6048069,0.09950367,9.530013,3.492463,0.01456616,3.0988326,0.10595677,0.04723412,6.870021,9.202366,0.011315028,0.8488045,1.9902823,0.03683791
8,2.138996,-9.894416,0.064064056,-0.48858845,-0.42863354,0.05193281,11.080005,0.029211786,0.01464463,1.0370778,-2.3554096,0.012693854,5.9269485,9.148661,0.009357023,-0.38176405,0.041127417,0.02223517
2,1.5306318,-3.1379576,0.045937955,0.3363121,-1.6588254,0.057267606,0.33716163,1.3724532,0.030030066,0.21588129,-0.9940314,0.032120164,0.6708372,-6.2324214,0.016816646,-0.5906572,-0.45568034,0.036214735
7,12.872056,-4.498682,0.042264894,1.5386469,-0.6677049,0.037606124,-3.5706055,7.443207,0.007556115,-0.36176157,0.7720695,0.01912384,-10.645974,5.577827,0.005612993,-0.75453424,0.98508143,0.023626123
9,10.895951,-6.259757,0.024302652,1.161024,-0.4496853,0.029042434,-3.8334208,9.40896,0.014964762,-0.86204636,0.08944052,0.017402284,-11.981113,5.968716,0.009983722,-1.7003359,0.59953076,0.020938715
0,-0.65645254,-6.915099,0.07514036,-0.41781825,2.0349526,0.06500674,-3.3949525,-9.696521,0.018418293,-0.7531009,0.95948964,0.034744933,6.7357373,-11.751004,0.010971345,1.277658,-1.114038,0.049971655
3,1.921072,-9.0291195,0.049787287,-0.90425706,-0.8798445,0.042232264,3.3405359,-7.6571975,0.016710805,-0.065958284,-0.21242891,0.017255234,5.78151,2.2303646,0.008741958,1.0086396,-0.10619877,0.019406334
3,2.5254953,-9.86672,0.062082693,-0.9065884,-1.161117,0.06678129,-3.3478923,-12.871039,0.017399587,-1.2968469,-0.15252872,0.028213365,6.7918653,-8.550434,0.008331482,1.3138852,-1.8968194,0.0329964
0,-4.3219643,-5.2502713,0.05537234,-1.1585711,2.4666328,0.053572048,-4.7638717,-9.35149,0.024292668,-0.2465984,2.1471243,0.03765598,7.682032,-8.638233,0.0110793505,1.8880048,-0.29035178,0.030136805
0,-1.3398045,-9.327784,0.038761154,-0.37653273,2.279604,0.028847734,0.12378742,-10.542001,0.0151686445,0.2104084,1.1353855,0.02922956,10.444592,-3.3205588,0.007971945,2.3388782,-0.952671,0.026844766
0,-8.068683,-7.402336,0.030936383,-2.704917,1.7927806,0.02805265,7.14656,-11.517122,0.014767114,1.7267847,2.0234172,0.025741687,15.954511,4.1565137,0.00663941,2.2775369,1.8704867,0.038030494
0,-0.36480942,-8.954289,0.07215996,0.03451939,2.6444569,0.053557154,-5.049073,-8.372188,0.025512205,-0.83238643,1.4231116,0.04164072,4.1925154,-7.168792,0.010536975,1.5527956,-1.1518496,0.03706638
4,9.519572,-8.007874,0.04799412,1.7450473,0.039646864,0.04170227,-8.321235,6.0698876,0.017491395,-0.4600081,1.9182261,0.024772603,-8.100068,0.7428175,0.013481804,-0.74077076,1.0618879,0.031442113
3,0.6800925,-7.831299,0.046664365,-0.6252749,-0.7081884,0.039704252,7.8967867,-3.2533817,0.02127476,0.22939914,-1.3581185,0.030025715,6.1522484,1.2837731,0.0142766675,-0.034052826,0.0027536715,0.036691234
6,-0.7208536,-9.642998,0.064182244,0.16042754,2.224756,0.0445667,1.9824166,-10.47412,0.022944849,0.18315744,0.9061298,0.030531224,12.651375,-3.8729143,0.011260176,2.3719127,-1.4255571,0.022583809
9,9.204996,-0.6424889,0.03841934,0.6189562,0.15172857,0.041540667,3.9014413,7.379488,0.02173594,0.4101316,-0.7412593,0.015563559,-6.345723,6.9003015,0.009879685,-0.876201,-0.28315496,0.019907868
6,1.2379166,-5.467182,0.054149,0.4824222,1.6055002,0.03616205,-2.8917348,-7.0229607,0.012783783,-0.90858024,0.15866962,0.033891987,4.0317206,-7.421303,0.0065869805,0.94008327,-2.0617313,0.03154205
6,1.0177238,-6.3514214,0.03833951,0.4339643,1.5591938,0.04008882,2.3838704,-6.5435395,0.0124154575,-0.3988984,-0.93689686,0.019391978,6.845449,-7.0297146,0.008177236,0.77708375,-2.1092486,0.017632073
7,13.168555,-14.8358555,0.02693646,3.0362482,-0.18467355,0.025796412,-14.240654,2.004412,0.019069428,-1.5942687,1.9975815,0.022826025,-10.871361,-1.2268018,0.011796328,-0.35423362,0.19592594,0.0261189
0,-0.8783287,-12.295511,0.03935858,-0.1774813,3.1289613,0.02643616,0.57035077,-13.758473,0.015988583,0.018411493,1.1204937,0.017747387,14.573757,-3.811565,0.009288685,2.7824042,-1.3546041,0.018228043
5,1.3774731,-4.8504505,0.041550703,0.008945553,-1.2232735,0.03679844,1.0328263,-2.172459,0.0141913295,-0.61821276,-1.1300697,0.021114172,-0.093533166,-5.6300697,0.011561398,-0.32305732,-1.3566841,0.023649229
4,-0.5775393,-2.0157049,0.06911496,-0.07072465,0.42724416,0.07139279,2.3249223,5.685457,0.022350075,1.8149285,0.08497512,0.047218867,1.4149987,0.40815917,0.01577819,0.17066884,1.230322,0.041027516
9,7.073085,-1.2443326,0.031750962,0.586992,-0.60352874,0.03322076,3.0126946,10.336853,0.016421136,0.4145944,-1.2212644,0.019510712,-6.1027837,4.6150956,0.011000207,-1.913773,0.59567446,0.026850576
3,-1.520532,-5.899339,0.08848519,-0.7226932,1.4065375,0.086645596,-0.8198556,-13.949173,0.03834816,-0.052281793,0.6591174,0.061373435,12.624337,-7.593472,0.019904083,2.2755165,-0.22340886,0.059149437
1,3.5486212,-4.543446,0.017188622,-0.12125437,-2.5625172,0.012479203,-6.512204,3.283605,0.0054229083,-1.3802757,-1.7196529,0.0095300125,-6.6801815,-11.635474,0.0031495285,-2.1931558,-1.2311287,0.012652291
3,5.341129,-17.822392,0.040063173,0.42599803,0.5317659,0.09915155,-3.1448658,-8.292633,0.025303181,-0.78615475,1.4517877,0.027902396,2.5086489,5.097949,0.013393361,1.6136317,0.19229807,0.03699993
8,6.1227603,-0.2363777,0.056813125,-0.10322504,0.17562236,0.05487272,10.5459795,5.2751155,0.03383523,1.86448,-1.0476894,0.047642194,0.53588593,7.736237,0.02820958,-1.097374,1.4890968,0.04447536
5,1.0458436,-8.266306,0.06924125,0.13343497,-0.37410218,0.067792945,4.5184083,-0.91607064,0.054907206,0.38383037,0.14551416,0.05219434,2.0175107,-0.26540133,0.029625796,0.086778805,-0.033849377,0.047764275
5,4.243191,-2.10573,0.06343286,0.32492164,0.0010094792,0.061064374,4.881181,3.6694708,0.029720219,0.14352536,-0.025640415,0.045609646,-2.4743469,1.6546466,0.01765324,-0.71946645,-0.103253074,0.04069353
9,7.7675853,-0.013784718,0.027371097,0.39105827,-0.13964564,0.037575442,5.774566,11.788956,0.010458486,1.2869638,-1.4273719,0.02202215,-6.673955,10.75798,0.006241847,-1.8806355,1.2326823,0.01871925
2,2.5681994,-7.633288,0.074107945,-2.4186482,-0.892286,0.028993927,4.8771114,-5.506025,0.011404959,0.25552154,-0.2981286,0.017009534,5.89823,-3.0405777,0.008075353,0.4976402,0.48165604,0.022708796
7,12.003783,-10.632155,0.05120478,2.390368,-0.4249562,0.05259,-11.215285,3.1488519,0.01751408,-1.2101969,1.8193488,0.030021738,-9.713058,-0.23030181,0.010289785,-0.2825379,0.28795972,0.037238274
4,5.8570356,0.16630737,0.03231832,0.5668693,0.07080673,0.034614194,2.0989358,7.8142095,0.016949872,0.9006267,-0.40949598,0.02845655,-6.3328347,4.4042926,0.008927518,-1.0943398,1.0504483,0.02895908
7,8.14059,7.142863,0.022280592,-0.011907678,0.2022262,0.070657015,12.994742,7.7612567,0.024190292,1.8492614,-0.08822902,0.037917584,-0.18348236,11.752615,0.008153211,0.12686668,2.108338,0.028480284
8,6.471765,-9.797646,0.07918294,1.6292299,0.69737786,0.06839904,-8.177121,-1.5776038,0.028992686,-0.9081831,1.6249238,0.041772384,-5.0234,-5.7136254,0.016804503,0.42898235,-0.50967234,0.056093886
6,-2.9214718,-2.0291085,0.07002335,-0.60666525,1.0212104,0.09721868,-0.31002733,-1.2258177,0.031264495,0.94057304,0.4539395,0.053146996,2.1269798,-5.295414,0.018590434,0.12786232,1.1158623,0.04333517
5,3.7187543,-8.177732,0.05062367,0.6801699,-1.077191,0.047422823,-6.1875663,-1.1277534,0.018636378,-1.7587588,0.44376165,0.024105743,-2.5273685,-8.924683,0.008813413,-0.3393003,-1.5067482,0.032181904
6,1.9412497,-6.866966,0.043369405,0.8503192,1.403086,0.035274018,1.906598,-5.4917183,0.010030018,-0.6079402,-1.535935,0.01280057,5.1726637,-5.820234,0.007055002,0.3955614,-2.437957,0.025742665
2,3.015331,-7.0589175,0.055682447,0.14732671,0.8498101,0.05623226,-2.0192208,-4.565548,0.024165414,-0.27951357,-0.23863421,0.024494285,0.25954986,-4.4702735,0.015326901,0.45151475,-0.28487834,0.025272982
1,3.4697216,-2.2046208,0.021400983,0.8422879,-1.8472189,0.014909756,0.19541325,5.29057,0.004103041,-0.5909759,-2.3404188,0.009140244,-4.9204893,-6.147806,0.0024415443,-1.6760285,-0.98512137,0.012825342
9,7.6326485,-5.1321936,0.062632926,1.3360463,-0.20060188,0.06880064,-3.581559,3.2153332,0.040393457,0.12474861,0.9306473,0.039408024,-4.1261086,3.7170987,0.022212185,-0.00399505,0.95475465,0.038176123
7,16.446615,-6.76079,0.036079273,1.7192522,-0.76969326,0.034716133,-3.8550828,11.833107,0.012014221,-0.15953253,0.09944548,0.0099855075,-13.446113,12.350035,0.007248565,-1.3700954,1.7253293,0.022021193
0,-6.075554,-5.5672474,0.06687698,-2.2612464,1.3589171,0.0675832,13.320157,-5.2044845,0.02502942,2.649689,0.8043854,0.03451591,14.786127,5.4466777,0.011036019,1.308143,2.0557992,0.029218301
8,6.268032,-9.214678,0.04290339,0.92083806,-1.1494381,0.041055854,-5.219012,5.5626826,0.020481633,-1.4952917,-1.7043351,0.023363302,-7.3171597,-2.0196378,0.010274759,-1.9845852,-0.66609925,0.021707017
0,-3.2326365,-14.741307,0.0505206,-1.228269,2.4581542,0.050254103,-2.4242294,-13.655892,0.031176552,0.49137747,2.737029,0.033229277,13.558022,3.7805252,0.011437574,3.1454794,0.7052602,0.026786337
0,-5.777649,-2.325826,0.065720186,-2.0654192,0.59169203,0.075566,4.624152,-4.3397284,0.026331998,1.3075894,1.5877156,0.04644155,10.887616,6.117905,0.00874871,2.0828907,2.0219715,0.033922117
9,8.24839,-9.908244,0.048516322,1.7152331,0.5627786,0.041233446,-6.189104,0.56174856,0.035829227,-1.0908172,0.63900673,0.039369717,-6.573307,-2.8230586,0.015866494,-0.15830606,-0.860015,0.032692038
7,6.4872484,-7.2254577,0.038378213,1.5776855,-1.2988411,0.04267712,-7.38283,7.796564,0.029727729,-1.2049551,-0.38055798,0.02401983,-9.176091,-3.4504278,0.010034929,-2.3583505,0.29824966,0.023182986
3,0.44168562,-11.108183,0.041265793,-0.9432932,-0.46364045,0.04469817,13.180164,-7.1928515,0.029029017,1.358033,-1.2285334,0.033570144,16.424955,4.3618245,0.016717548,0.9434953,-0.1384459,0.022540532
5,-1.907,-5.1549554,0.08074984,-1.4801015,0.48491675,0.06250059,10.521838,-4.257141,0.027683988,2.0345197,-0.057401914,0.05053727,12.320947,1.0769455,0.015073241,0.6520179,1.4791069,0.054371558
5,4.634564,-11.453745,0.063334204,1.189299,0.21784309,0.07541661,-8.325082,-1.2486181,0.024266038,-1.6833348,1.5103114,0.036685154,-2.0987816,-7.7531486,0.014375373,0.22804606,-1.1885654,0.031165332
8,6.656849,-11.7322855,0.056251194,2.222845,1.3225231,0.05284711,-11.7778225,-6.7117105,0.03860839,-1.6167693,1.5268699,0.048651636,-4.0239577,-12.489792,0.016181914,0.42488995,-1.4701798,0.045106485
1,3.2059898,-4.3872776,0.024083728,-1.1763855,-2.1373312,0.024479423,-6.1284,2.7919173,0.008289468,-0.99634176,-0.40237314,0.021423554,-7.235648,-9.091515,0.0071044937,-1.3936348,-0.598029,0.015341032
4,-0.83734316,-2.7194717,0.07570608,-0.008052655,1.1729398,0.06969532,-5.069419,-4.2067757,0.04619883,-0.3565165,0.94131345,0.05871151,4.3878393,-6.055375,0.021268215,1.3301471,-0.26241827,0.042939425
1,3.7858713,-5.449582,0.020881282,-1.1183858,-2.5996523,0.009464708,-6.9471364,0.6981582,0.005169268,-1.4129294,-0.9888681,0.011068675,-4.942494,-12.143315,0.0039173304,-1.5343015,-1.4095321,0.011001579
4,4.968297,-0.2593829,0.033049256,0.45332736,-0.012040873,0.042423107,2.5163498,7.9608254,0.015819656,1.078381,-1.0576285,0.02710494,-4.3806305,4.4864173,0.014733208,-1.0724951,0.26156834,0.03480263
3,0.3171385,-8.271627,0.0558326,-1.2734362,-0.49856955,0.04380139,8.650604,-9.6828985,0.014736701,0.9082504,-0.5906493,0.02199374,13.616161,-1.6900047,0.009032433,1.1833504,-0.098105624,0.030324865
4,1.7284429,-4.778511,0.07466425,0.66570204,0.60973614,0.06155416,-5.31846,3.9140794,0.03656002,0.08261911,0.90649575,0.046526335,-4.6044097,-1.724794,0.026658861,0.049174987,0.108367346,0.045287494
2,5.310447,-13.551496,0.055326782,1.010117,2.1702466,0.056973442,-7.260168,-12.382063,0.017962804,-1.0046252,1.1253921,0.036497116,5.2066007,-6.088013,0.010393319,2.1251626,-1.4367003,0.026746675
1,4.1796145,-6.446235,0.032624688,-1.4074295,-2.1857674,0.023549374,-6.3811526,0.40344936,0.013771478,-1.5432016,-0.4638989,0.022530245,-5.569372,-9.749373,0.0072310045,-1.0585456,-0.9961302,0.019276053
4,5.592063,-2.7829766,0.03539613,0.7388109,-0.26144502,0.046773408,-1.8336099,4.9911866,0.029274605,-0.54791486,-0.32456326,0.030836565,-4.6592994,-1.4797336,0.016312646,-0.9198214,-0.7823942,0.05130296
1,5.0329614,-7.698333,0.025760612,-0.734562,-2.5138574,0.017133046,-9.664002,-0.90231603,0.008369936,-2.3220475,-0.9710416,0.017811917,-5.1335063,-12.875353,0.003546314,-1.4744449,-1.7807974,0.022456532
6,0.7860367,-10.342152,0.09369311,0.54896086,2.0406609,0.059513025,0.06770806,-13.403391,0.017806945,-0.17705347,0.7420686,0.033936765,15.007466,-7.0052013,0.008750096,2.265779,-1.8140948,0.03730291
3,2.0900762,0.612825,0.057060096,-0.21000724,-0.12498209,0.071307786,10.471241,8.615519,0.027096488,1.9211705,-2.0875156,0.055227783,0.85207754,2.0859222,0.025283743,-0.95271945,0.575767,0.044180185
6,1.6965629,-7.7805586,0.046146914,0.6819769,1.7618188,0.046121966,2.193509,-8.415161,0.008673437,-0.9063544,-1.3125994,0.015933877,8.947853,-6.563565,0.005588237,0.85565764,-2.5456252,0.02878998
5,0.6659551,-6.46536,0.0460405,-0.42001972,-0.6804539,0.050431214,5.48383,-2.0152757,0.031722635,0.6858308,-0.74105376,0.040141042,4.7032485,-0.7176573,0.019566962,-0.011936298,-0.015636137,0.034471292
5,1.0220623,-6.4011645,0.046680715,-0.27420235,-0.8344231,0.041940387,4.676316,-0.93700385,0.034332447,0.25138205,-0.9640671,0.044755828,0.90426505,-0.543975,0.023923278,-0.1993118,-0.45809782,0.043084845
4,8.372161,-3.104575,0.031856436,0.9895525,0.070811644,0.03499138,-1.8913696,6.541996,0.019037904,-0.39889196,0.025927687,0.02649216,-8.419063,3.8547533,0.01323757,-0.88421166,-0.34269467,0.024667019
0,-6.146278,-6.4181123,0.059745643,-2.0901432,1.9962463,0.063850455,5.385637,-10.2426815,0.021278093,1.2817494,1.3677833,0.053125266,17.604057,-2.1817508,0.0133300265,1.9252189,0.4731869,0.031817168
5,-0.32519025,-10.396074,0.05140718,-0.916684,0.8741971,0.06810649,5.548302,-7.6469054,0.033715077,0.9968889,0.14700025,0.039553933,11.913845,0.08919668,0.020834168,1.2848146,0.13706528,0.044382446
0,-1.2473145,-11.962454,0.046383556,-0.48801404,2.8066175,0.034059793,-1.7785158,-13.429176,0.026805922,-0.012935749,1.856496,0.028025197,11.948202,-3.9971561,0.015676117,2.8541572,-1.125951,0.04298132
0,-5.761582,-10.270552,0.026968708,-2.0163486,2.5620008,0.026710242,1.7886606,-14.6792755,0.011741599,0.82096606,2.5606673,0.022031847,17.265848,1.0329026,0.007201643,3.2737517,0.4785449,0.013331671
0,-2.014203,-7.2296405,0.03426029,-0.44804704,1.9695783,0.0408,2.4012518,-7.9883504,0.0125341015,0.71342194,0.97902125,0.023755433,10.883722,-4.2580957,0.007391411,1.9983873,-0.9523489,0.020819701
9,14.356881,-4.6248326,0.03612476,1.1511133,0.030021457,0.041094385,-2.3092926,6.2750497,0.014440985,0.35045406,1.7170098,0.025238603,-5.877702,12.272247,0.009793118,0.28940928,1.2820685,0.028217245
4,4.8010135,2.543447,0.044146184,0.3410806,0.3994285,0.06063695,4.987877,8.075736,0.019110382,1.8162596,0.8474637,0.035973974,-3.8137546,8.225262,0.008935469,0.39524788,1.7506816,0.030927183
3,0.3515297,-9.125198,0.07216168,-1.28171,0.057435513,0.0567221,9.263867,-6.83632,0.03887558,1.0441768,0.16896608,0.04993627,10.5071945,4.8921494,0.021037668,0.96102524,1.2823976,0.046873063
9,8.935685,-8.860466,0.025624076,1.9277655,-0.33249953,0.03553639,-11.804388,4.107956,0.016278818,-1.9343364,0.6975881,0.019741101,-11.653217,-5.402875,0.009326099,-1.2354585,-0.7832299,0.022743206
7,6.259135,-1.855505,0.038852263,0.88079137,-1.0113481,0.051411416,2.1015792,10.036682,0.022645006,0.69837743,-1.5588295,0.026265828,-7.75341,3.8314528,0.012165756,-1.878796,0.72850466,0.027152866
1,3.7486134,-2.1790178,0.034563437,0.6688791,-1.535769,0.033983245,3.7299752,5.4030137,0.01550273,-0.17328186,-2.2966201,0.022897044,-3.3294103,-2.7610707,0.012077716,-1.4847589,-0.71963596,0.036383733
2,2.141896,-4.0824227,0.059910454,1.2371327,-1.443165,0.063879624,-1.7103549,3.9892879,0.043919228,0.3040295,-0.75353146,0.05936738,-4.0789194,-3.9972842,0.026852502,-0.9034965,0.45638314,0.055676393
0,-6.0159116,-6.6132803,0.025927728,-1.893936,2.1935809,0.030551804,3.1892295,-10.80869,0.011223973,1.2717836,1.9179409,0.029393896,14.275003,-0.76635164,0.008074163,2.3965485,0.49785185,0.023085004
9,15.39995,-10.06913,0.021698752,1.6824098,-0.2467552,0.034055293,-7.3397846,8.210343,0.013419013,-1.3964117,1.140729,0.015093438,-12.950203,6.083248,0.005788745,-0.8942023,-0.09411358,0.025010092
4,8.279203,-8.042335,0.056659035,1.5181887,0.19605476,0.049594086,-10.103813,8.653342,0.017854571,-0.9745311,0.8712796,0.039888926,-10.168775,2.280052,0.009799116,-0.9830223,0.4836327,0.029012933
4,6.5732346,-3.4168444,0.030695142,1.0473397,0.42685556,0.036186483,-2.17013,4.060474,0.02446205,-0.877916,-0.15941028,0.028814921,-4.8621945,-2.0952084,0.015397539,-0.6113099,-0.69520164,0.03480699
0,-1.5956751,-6.728719,0.035541043,-0.9032038,0.8280266,0.044604667,8.170165,-4.189046,0.013323245,1.982951,0.5479234,0.03737168,11.904958,3.4614458,0.009517539,1.3873785,0.8827252,0.029438829
4,6.29139,0.0594056,0.04666486,0.37642354,0.3355991,0.044219095,0.8384756,4.1735024,0.024305947,1.3334,0.45641106,0.030416287,-2.7137148,5.7248135,0.014869615,0.3361776,0.6551696,0.03647303
1,5.6715794,-8.371309,0.026095796,-0.8564166,-2.2826161,0.016456217,-10.455969,0.7501353,0.007792631,-2.3652856,-1.0502961,0.009219547,-6.916978,-11.548374,0.003797377,-1.716156,-1.5615214,0.011794443
1,4.4415584,-6.135714,0.022226954,-1.1549911,-2.8008668,0.0076783895,-8.809125,2.0127962,0.005353198,-1.622645,-1.0382483,0.017758999,-7.4786987,-10.961868,0.0035207656,-1.659107,-1.3084266,0.0115068825
7,12.109135,-13.039297,0.014477297,2.7752244,-0.89362884,0.014254669,-12.325969,3.6318972,0.0057184077,-1.359632,0.98025393,0.011245157,-11.45509,-0.8546448,0.0041949903,-0.8794039,0.29615808,0.009995094
3,7.8104873,-4.153573,0.083565995,0.28331682,-0.003516527,0.06488408,1.8917627,4.153664,0.027248321,0.85574746,1.100638,0.041247927,-3.9469898,11.072622,0.015698098,0.01812334,1.8688607,0.038245916
1,3.450464,-2.4327483,0.020458207,0.8771453,-2.0501635,0.01497479,-1.3860787,4.590966,0.007456928,-0.80820155,-2.2275064,0.008722368,-5.772563,-7.9447427,0.005107753,-1.9673254,-1.0461905,0.010700491
5,3.5313468,-8.755303,0.06689055,0.31684515,-0.85817856,0.049335957,0.6876018,-0.031016225,0.01736493,-0.57701266,-0.1379542,0.025080925,-3.615713,0.82826215,0.014502713,-0.5194748,-0.48388296,0.042301152
2,-1.4814066,-2.646472,0.09315087,-0.19752686,1.4056284,0.08983725,-2.0460365,-12.472177,0.016646748,0.49855226,1.2986217,0.0304629,10.766022,-6.726072,0.013191037,2.2695458,-0.28231555,0.031550307
7,8.839413,-10.2730665,0.03323021,2.2843845,-0.85652673,0.040288262,-10.194658,1.9421573,0.00935717,-0.62416637,1.1341043,0.020732313,-8.286739,-2.811519,0.008548315,-0.5488094,0.59198374,0.02637882
3,5.9511194,-1.2549263,0.045051955,0.1738775,-0.35746026,0.04035607,4.182564,7.1019883,0.024344405,0.642236,-1.5591812,0.026273238,-4.3782187,8.212501,0.01816547,-1.216585,0.30110237,0.027576882
9,15.458713,-4.2184105,0.028261185,1.2292964,-0.103447996,0.036527365,-2.0004306,9.434702,0.021471307,-0.21325822,0.21851604,0.02979529,-9.642292,9.203602,0.008195371,-0.87162286,0.66630185,0.029128185
6,-1.6768377,-1.9637446,0.059328303,-0.10579607,0.7057512,0.06989646,6.063221,2.4995377,0.031084027,1.4157653,0.107592605,0.05815385,1.5244769,1.0891553,0.021622008,0.15863487,1.1584792,0.05347629
0,-6.6972256,-8.228721,0.037975077,-2.164564,2.265567,0.043867093,3.033296,-9.899425,0.026698314,0.9820567,1.401261,0.03870508,12.326017,-1.3677833,0.017740931,1.7745497,0.75985634,0.034913924
8,3.5843036,-13.666767,0.051325418,-0.7627913,-0.55386484,0.05837695,5.2390046,-7.001162,0.021353684,0.35885602,-0.18484133,0.01898271,9.868677,6.09244,0.013303972,1.5473676,-0.2378154,0.022475831
1,5.5572457,-8.411053,0.025308639,-1.0955755,-2.419211,0.015514653,-9.71593,-1.2526859,0.008450028,-2.1518793,-1.1054379,0.011913795,-5.4838514,-13.722683,0.004471509,-1.2470679,-1.9110765,0.018156726
6,1.6509486,-5.037345,0.050029628,0.7808903,1.1944112,0.047671124,0.6139171,-3.092215,0.021049665,-0.6288711,-1.0973984,0.02898514,0.34583825,-5.601122,0.016071882,0.19849288,-2.0267942,0.029214747
7,7.122679,10.13028,0.017691376,-0.026086118,0.14281811,0.07536295,10.691176,6.4346204,0.012321517,1.3106328,0.30829197,0.030402679,0.03902936,12.671865,0.006455497,0.4171658,1.364494,0.04341321
2,5.3416595,-11.945203,0.062175382,0.93968844,1.3448825,0.070372954,-7.974153,-8.620246,0.038384642,-1.1873392,1.2023861,0.036457527,1.1189903,-9.494433,0.017165303,1.413897,-0.8962225,0.039217617
9,10.963549,-6.9167147,0.030425493,1.2108533,-0.93545264,0.0385328,-5.3561783,9.93205,0.011427577,-1.5369409,-0.78357106,0.0152674755,-12.008941,1.1750937,0.0061935172,-2.159601,-0.4867712,0.021523787
5,2.8294177,-3.4712868,0.029955698,0.21702826,-2.0224192,0.039212782,-6.66721,3.918015,0.022561166,-0.54675907,0.04584951,0.028402781,-6.9677396,-8.604108,0.0152527755,-1.1364098,-0.27295974,0.02393175
8,6.181033,-13.68221,0.033412475,1.351617,1.261307,0.05201274,-5.493653,-4.836081,0.016805219,-1.5365802,0.23089364,0.018123478,-0.7414881,-5.357894,0.010264747,0.5031843,-2.117491,0.022043912
8,3.570288,-11.245268,0.0651556,-0.11220166,-0.26272047,0.05857911,4.0026393,0.6747127,0.020688048,0.5905515,0.48231223,0.025488432,1.3792567,12.346823,0.016677482,0.25006425,1.4624628,0.03466748
6,-0.44813836,-7.347484,0.070247464,0.25822163,1.5174206,0.055717546,7.620037,-6.738102,0.011885149,1.5896919,-0.082649745,0.02178784,13.909819,1.8402377,0.007830791,1.9516932,-0.62833935,0.020425193
7,11.795644,-11.643596,0.027327394,2.9208467,-0.5604666,0.026938312,-13.846965,3.0411887,0.010757046,-1.6258674,1.7134753,0.017129077,-11.901085,-4.238483,0.0074984417,-0.7829232,-0.22099312,0.025923632
5,2.4238331,-12.143378,0.044403788,-0.043026526,-0.8399078,0.054028578,-0.7256624,-4.5247927,0.032996185,-0.42480046,0.7798214,0.047261972,2.7483897,-0.036583588,0.01581216,0.6467218,-0.38246965,0.034334973
0,0.18788433,-12.369945,0.06736284,-0.33559468,2.5179582,0.06349046,-0.9625673,-12.266463,0.04187163,-0.5235012,1.1619753,0.048934415,8.975887,-7.939725,0.01783263,2.1895175,-0.8892913,0.03989468
6,0.59536994,-6.50329,0.063897416,0.0376007,1.5771867,0.058181144,-1.6382369,-7.208498,0.029012999,-0.8370974,0.21786706,0.04399581,7.096747,-11.152121,0.02704671,0.7584496,-1.3194414,0.047604166
2,2.562093,-1.6317588,0.041811597,0.9350112,-1.613091,0.046886664,6.2175345,7.6600623,0.014738269,0.5708331,-1.9811717,0.035597324,-4.0947504,-2.7142158,0.0167712,-1.5021504,0.12448135,0.038923703
9,6.7198243,-0.18748316,0.026521374,0.2981629,-0.22203907,0.033299904,6.683893,9.011143,0.011600954,1.4033117,-1.0805447,0.021273237,-5.732526,10.19429,0.004947799,-1.257218,1.2108146,0.034258284
2,1.4197062,-4.277354,0.07157548,-3.0568106,-1.3600985,0.02937542,3.7665389,-4.970236,0.015022365,0.2592374,-1.1942446,0.024564346,6.586805,-9.786462,0.007864387,0.054486215,-0.13803951,0.034903035
6,1.3824799,-4.934993,0.044257656,0.52714956,1.318206,0.035551894,1.2405874,-6.1369348,0.015821379,0.12611039,-0.3571719,0.016848179,5.101523,-7.0548043,0.011328451,0.80615926,-1.7435739,0.02198299
5,0.093671545,-6.7880845,0.052580122,-0.8056178,-0.29401064,0.055545174,11.068404,-5.1093903,0.022765184,1.5411072,-0.81703776,0.046950027,12.161122,-0.21740416,0.014869028,0.72838885,-0.14048402,0.03864509
4,6.2991486,1.8536716,0.06850836,0.054294303,0.43885803,0.0634974,1.531658,4.02751,0.03231929,1.2801491,1.5482012,0.042761363,-0.28851604,10.502516,0.014591002,1.0349771,2.0293953,0.042088285
3,9.572911,-13.524521,0.044232983,1.8614596,-1.2506746,0.059602883,-11.86292,-1.4746008,0.039122876,-1.6328886,1.1801893,0.046145312,-9.761978,-6.8467517,0.017695902,-0.3465225,-0.6640055,0.052104715
7,-1.2112967,-2.7161293,0.07758231,-0.5804991,1.2097301,0.072616756,2.9696236,2.5622277,0.030321456,1.0606527,1.4320794,0.03492973,4.834432,2.8501186,0.008620708,1.3420467,0.8877795,0.033927474
5,5.7052517,-5.460188,0.04485979,0.8553298,-1.3527427,0.04588582,-4.1109686,1.2427518,0.031583536,-0.9536005,0.45127007,0.03466556,-5.2733645,-6.495247,0.01872499,-0.56035674,-0.42174828,0.034827434
5,1.2135689,-8.618625,0.040609602,0.05392199,1.4341351,0.055789948,0.7074129,-6.731609,0.033340365,-0.14697993,-0.16298722,0.0334208,6.140001,-4.447039,0.013765581,1.1657554,-1.3406588,0.025106119
9,14.035936,-13.158852,0.055050384,2.2887418,0.045312993,0.056529082,-10.018944,2.8039925,0.01633168,-1.3137319,2.268715,0.023648478,-6.31865,6.389706,0.0058739847,0.40789118,0.42215034,0.02648271
9,9.585162,-6.813996,0.027867207,1.55633,-0.04643605,0.032075,-6.4391403,6.158807,0.021001099,-1.3574725,0.5175769,0.026117755,-10.938967,-1.3654703,0.012696492,-1.2957503,-0.50280374,0.02687667
1,4.5338025,-3.2506394,0.029698389,0.85631835,-1.9106799,0.016803918,-0.050878104,4.661245,0.002884251,-0.9217082,-2.8649573,0.005642072,-4.304524,-6.546482,0.0027415808,-1.6810287,-1.3039362,0.013489301
4,6.641588,-1.8418849,0.034017663,0.50298417,-0.6119101,0.041721024,0.90856344,7.865993,0.024013875,0.12969393,-1.0976232,0.028583152,-4.1639986,3.5554333,0.016598053,-1.3182408,-0.12030401,0.030830685
9,11.428459,0.8844054,0.0364253,0.58518624,-0.009446427,0.044494417,3.8266804,7.150374,0.023449969,1.218856,0.59536386,0.032776788,-2.4033015,12.927987,0.015408014,0.076452196,1.7885672,0.030653033
8,10.809544,-15.904281,0.062037833,1.3188875,-0.64703584,0.07047019,-5.293713,1.0009117,0.022863163,-1.1842648,-0.16194296,0.03433225,-5.2479944,6.7170224,0.006935336,-0.40162513,-0.012505846,0.01830495
2,0.75476015,-3.6931345,0.07361947,-0.009704616,0.90663666,0.065744236,0.31694895,-4.6399517,0.029068533,0.46427238,0.24088772,0.038166616,5.459262,-2.9891577,0.020059666,1.1147622,0.51494706,0.041341558
8,9.045591,-15.569212,0.04157886,2.7442303,1.5803185,0.04989301,-13.001538,-6.6718874,0.02558404,-1.919575,1.7239124,0.034888543,-3.6399996,-12.649782,0.012401406,0.7568769,-1.1115458,0.035694443
4,3.9772484,0.7573936,0.038816415,0.31253505,0.29733396,0.039758813,3.1989014,7.5113816,0.019339504,1.4052267,0.18696399,0.028085971,-5.182026,4.876607,0.014362904,-0.7982794,1.7628324,0.027558286
6,1.2932267,-9.584112,0.055595767,0.30188355,1.6858352,0.052064516,4.6217027,-7.8346972,0.022403786,0.37374052,-0.27007088,0.02716764,10.371469,-2.124023,0.008008406,1.7419865,-1.4912975,0.022218619
0,-1.1845232,-13.1076,0.036138568,-0.58081216,2.6315815,0.03161055,0.4105364,-14.652615,0.01713282,0.35237953,1.5053558,0.0278759,15.233906,-0.9310908,0.01154093,3.0095634,-0.50554734,0.027842838
5,6.1190033,-1.8363061,0.04126592,0.27806574,-0.7806589,0.03198089,3.7290182,2.8998973,0.024965271,-0.058249697,-1.1536351,0.028990332,-1.7113134,4.9253674,0.012475172,-0.7049574,-0.13513243,0.039850514
7,14.556859,-11.562458,0.025590722,2.3100383,-0.9548062,0.019792777,-9.289687,9.121346,0.007705935,-0.868684,0.5176878,0.012032353,-14.556924,6.771784,0.0035522382,-1.618774,1.3851175,0.007194353
5,7.193474,-5.428203,0.039843004,0.9478307,-1.5366197,0.031018957,-5.1028767,2.5838115,0.022605432,-1.7227772,-0.7398234,0.021070287,-6.5855265,-4.5552073,0.014588469,-1.3289199,-0.8560946,0.02241449
4,7.65619,-4.407918,0.042916443,1.181251,0.8237862,0.04496024,-4.8882556,6.269947,0.022712212,-1.2546977,-0.4329882,0.034851175,-8.539497,-2.4754052,0.015181986,-1.1007607,-1.191001,0.027365224
0,4.6795907,-15.034301,0.05241639,0.7251359,2.5522025,0.05263469,-9.667559,-10.255495,0.018902328,-1.6949736,1.1436483,0.035175797,2.360266,-6.61812,0.010986105,1.800613,-1.8445288,0.024587104
5,2.0667858,-8.97308,0.038267888,-0.3747735,-0.87702316,0.038910918,4.0731044,-5.089275,0.024271147,-0.113804534,-0.7072798,0.028311387,5.06462,1.2345169,0.012368976,0.417442,-0.82534516,0.022551872
8,8.21031,-11.688613,0.046671994,1.4055926,-0.81541014,0.06485906,-8.328232,-1.1185442,0.03436107,-1.6678381,0.38136864,0.034928422,-3.617743,-6.2391543,0.011396397,-0.50204414,-1.0791752,0.032322556
6,0.6335984,-4.6583247,0.05871056,0.27136323,1.0038854,0.048120257,7.875702,-0.8366016,0.00876012,1.2605077,-0.8919979,0.018895775,5.9674006,5.4903502,0.006115515,0.737682,-0.32710797,0.024294104
4,2.0609245,1.8064312,0.0452433,0.048100665,0.58119404,0.07230181,4.7357287,5.7915792,0.02108535,2.131748,1.1226438,0.038851995,-0.7587545,5.281062,0.012789101,0.88230217,1.7545702,0.027983513
8,9.835231,-16.426292,0.046747237,2.5174775,1.0104942,0.055472672,-11.742073,-3.6245165,0.034539767,-1.4645896,2.265454,0.039085425,-4.595361,-5.98612,0.010427852,0.5396459,-0.32686952,0.045480542
4,-2.2744467,-0.25705823,0.05006814,-0.3911562,0.7895013,0.065869965,1.5813354,-0.11436053,0.035983447,1.323663,1.1755685,0.05806192,2.9896924,-1.9078999,0.026234569,0.8344214,1.3041439,0.043930735
5,1.5164825,-4.5907745,0.040298652,0.22465846,-1.1939368,0.03725412,0.90677977,-0.9774124,0.017210374,-0.27686754,-0.74893713,0.02530744,-0.67819417,-4.802438,0.014532891,-0.29871324,-0.90177876,0.02152291
3,0.19176093,-10.677783,0.07999736,-1.8441175,-0.36406252,0.067531675,5.972393,-16.542809,0.027246619,0.78730434,0.024370598,0.03405896,18.48598,-6.463508,0.011792675,2.2254305,-0.0969816,0.058696646
3,0.18664081,-11.742608,0.040626194,-0.8920219,-0.20883985,0.047571838,12.994704,-7.3858967,0.014276237,1.6998374,-0.7005597,0.021253072,15.856692,5.737451,0.009444511,1.1929771,0.25461882,0.016214719
3,4.6409626,-15.259914,0.050664414,-0.13167965,1.5775458,0.0849541,-5.5390797,-9.459835,0.03083757,-0.7335203,1.6057175,0.039293397,4.4543347,-0.30441475,0.016493982,1.8803508,-0.28803182,0.032848526
4,9.979668,-1.234559,0.06349104,0.6795459,0.42652676,0.053184897,1.0673107,0.7284019,0.019837353,0.61617655,1.64199,0.030676937,0.90483785,9.045196,0.014074083,1.7298214,0.08962473,0.026872208
5,8.530369,-18.030964,0.062463317,2.574833,1.0102298,0.06844502,-9.970036,-3.5662856,0.016171768,-2.0512161,1.7129785,0.02901953,-3.6661613,-3.2704377,0.008018428,0.2769933,-0.75876635,0.024823144
7,13.063458,3.2508135,0.025827283,0.50868905,-0.004548952,0.051950518,8.707407,10.427253,0.022490716,1.6084318,0.6323956,0.027681587,-3.9020636,17.964506,0.013431201,-0.18990351,2.0610344,0.034699477
2,-1.1345415,-5.171264,0.104343124,-0.054447223,1.4174014,0.08527727,-5.32165,-11.786802,0.023138871,0.27461758,1.9382471,0.03401976,7.9455485,-4.1389046,0.009505289,2.8999345,0.014598689,0.03357434
9,6.310731,1.5578765,0.034880072,0.24675971,0.09803967,0.03883984,7.328865,7.4302,0.022821536,1.7333773,-0.002751367,0.025109906,-2.6297393,10.610311,0.0077386214,-0.21036974,1.536799,0.038713224
2,2.0273345,-5.058454,0.0734449,0.10862084,0.6855399,0.07036956,2.683055,3.7088706,0.026214346,1.1133672,-0.8001103,0.03445528,-1.4436444,0.29119948,0.012657,-0.5647787,0.84807897,0.035923366
5,-0.018084157,-6.8061104,0.04730495,-0.8760348,-0.22227083,0.04410479,11.967109,-1.3212295,0.02421014,1.8425595,-0.83399993,0.032277774,8.9408865,6.079358,0.014119435,-0.033791143,1.0569696,0.027982362
2,0.37474617,-3.9552553,0.061533943,-0.5233298,0.13511539,0.075261556,0.6398725,-0.60636044,0.053707775,0.5925457,-0.62186545,0.045716114,1.8436929,-6.158057,0.015430641,-0.26349333,0.26076913,0.047961675
6,-2.2875743,-2.8480077,0.055342898,-0.59145904,0.8318469,0.06735581,7.5229692,-1.7747307,0.026991544,2.0394816,0.69941825,0.044726647,7.0670643,4.118411,0.013386002,0.74152446,1.6322974,0.041126046
9,-1.3623248,-2.628349,0.06543422,-0.34902337,0.58455867,0.056427285,10.279073,3.1051478,0.01961189,2.2556129,0.41568515,0.03869369,4.9056773,12.091012,0.016361527,0.84703434,2.5803301,0.041262638
6,1.0813724,-4.2630544,0.04184877,0.57873946,1.3633034,0.036869902,2.3287966,-3.200408,0.015041475,0.29492548,-0.72797376,0.025911052,4.0670586,-4.439987,0.010662412,0.50201464,-1.3648062,0.020784548
9,9.319673,0.35879707,0.03328654,0.3548071,-0.24319461,0.035268076,9.583363,9.874558,0.0076731187,1.695518,-1.3129938,0.018175399,-3.9006934,14.39951,0.004480956,-0.9376203,0.9198383,0.012621499
3,0.15102576,-5.6921897,0.058105156,-1.3673162,-0.3482603,0.043877214,14.73334,-1.3421067,0.020490903,1.8619946,-2.1703649,0.025143784,11.63187,-0.13896692,0.010699483,0.12461476,0.6045173,0.04570506
0,-1.548874,-6.5385528,0.042971738,-1.1193651,0.5600947,0.04556292,11.302011,-5.2883525,0.012910852,2.3255653,0.5079061,0.02938874,15.070689,5.407264,0.007095682,1.4515735,1.4013444,0.021182746
5,-0.64101905,-2.9657323,0.090213895,-1.2154548,0.22635226,0.07198441,13.183331,2.905164,0.025316596,2.2769012,-0.5107192,0.05030337,5.356957,4.1041303,0.015777439,-0.46017852,1.9173322,0.051372368
9,14.06289,-14.588149,0.035650514,3.134803,0.48656166,0.02766584,-12.758878,0.0730639,0.015326647,-2.0848267,2.0110445,0.03380564,-9.392239,-3.2256248,0.0105497595,0.042473927,-0.74396163,0.027176049
5,2.3432038,-8.203426,0.049080566,0.12101939,-0.81912935,0.04702315,2.4314973,0.14362375,0.016419545,-0.48696887,-0.6987812,0.02302169,-1.3982579,2.4463925,0.011146898,-0.42469838,-0.5160706,0.016769245
2,-0.18400042,-2.4362783,0.062721655,-0.043147143,0.53276044,0.058911942,3.6262603,2.8473423,0.027371718,0.9960137,-0.01640635,0.03978168,1.0206525,4.3122315,0.018913219,0.3041077,1.461556,0.041584805
5,5.046185,-14.7556095,0.036343355,0.29964727,-0.82987833,0.059050698,-6.2249184,-5.6228924,0.022196421,-1.683952,0.25967404,0.026355794,-1.8471553,-3.2639399,0.013737511,0.2886796,-1.4151845,0.035195842
5,3.723613,-13.167762,0.06895265,0.7649647,-0.44677463,0.07808014,-5.633036,-1.2107303,0.028895145,-0.5967857,1.7942371,0.03736844,0.24777833,-0.58964646,0.019183598,0.4077455,0.3195722,0.038949918
2,2.546758,-0.69888854,0.06785354,0.5361318,0.6843961,0.07075575,-2.9510326,3.9019308,0.034584757,0.31943974,-0.2548546,0.05156244,-5.4477935,-2.1409774,0.018423254,-0.6647389,0.023702871,0.049843457
6,1.0364324,-3.8808515,0.035959966,0.16228227,-0.7413039,0.0476502,4.2342043,0.4902547,0.017554356,0.33555767,-1.2618328,0.02997175,1.0753933,-3.998901,0.013459243,-0.2693685,-0.8953593,0.025040291
5,-0.27574995,-3.1948237,0.07270797,-0.4122273,0.04118792,0.07545187,6.805955,-0.0035004262,0.019500626,1.0747538,0.060771227,0.049008705,1.6302234,0.7974718,0.018284837,-0.3079924,1.1075263,0.054324947
5,-0.39236552,-4.0624456,0.05056357,-0.56410414,-0.03590189,0.052381966,8.582752,-0.9327425,0.039599925,1.3392396,-0.43380943,0.038401417,8.601175,2.3119576,0.017468266,0.6054272,0.46115798,0.03505719
8,3.0200837,-8.840621,0.048761416,0.1292812,-0.6709945,0.042987153,0.74825805,2.02823,0.022772813,-0.41518232,-0.58433867,0.021925297,-2.628535,3.9524477,0.009266782,-0.54587847,0.016061379,0.019949272
0,2.293011,-10.698592,0.052832894,-0.07424012,1.9082017,0.062228397,-5.2561555,-6.443283,0.024161348,-1.2082644,0.7254604,0.030710103,3.2790942,-5.911632,0.0123615535,1.1045556,-1.1598563,0.026607813
2,7.842796,-14.04477,0.062788166,2.11593,1.4451535,0.065230764,-12.675542,-8.535806,0.02537849,-1.0568888,2.2668128,0.030345462,-1.0333337,-8.741151,0.014120844,1.5297041,-0.46993533,0.029374147
8,-0.4155746,-10.346699,0.07032735,-1.0061024,0.18351284,0.06472175,9.237229,-7.7702503,0.022846745,2.1297688,0.8455055,0.028722087,15.186127,5.8531127,0.017210308,1.9684746,0.8453859,0.03754547
2,6.8552623,-10.932918,0.036472052,-1.6104914,-2.0673373,0.035975758,-11.8594055,-3.0559602,0.014379652,-1.591544,0.6191695,0.021906644,-6.2983384,-9.956328,0.013864157,0.090770744,-1.0662563,0.021082861
7,14.070985,-5.5845456,0.029867807,1.6000078,-0.7125215,0.025085248,-4.456892,11.672641,0.01226323,-0.7191915,0.16317673,0.016782433,-13.191247,8.044269,0.0055400417,-1.8967355,1.2493405,0.020643257
1,4.349121,-5.747875,0.019884787,-0.4045028,-2.6245265,0.010353312,-8.1083,3.818617,0.0039402777,-1.6827384,-1.5288672,0.0099810455,-7.781175,-10.622773,0.002661618,-2.3203003,-1.2124344,0.006918935
5,2.5653372,-3.7647128,0.036391996,-0.8844324,-2.20138,0.04110934,-6.299637,1.3958594,0.018735575,-0.6813145,0.14571111,0.022718439,-4.4373603,-10.094582,0.011539064,-0.5885312,-0.3209823,0.026236525
3,3.454903,-12.736042,0.047979113,-0.19420972,-0.70720565,0.05306648,2.8805976,-4.5629334,0.02839091,0.023347937,0.414942,0.031499766,3.4405553,6.2823386,0.012238593,1.0543762,0.65742654,0.035801407
3,1.822746,-5.0469847,0.041467298,-0.12550275,-1.0938203,0.027742991,2.4916596,5.522579,0.012023112,-0.41647074,-1.6367542,0.018809149,-3.6684363,2.5309353,0.008649788,-1.6548915,0.47754997,0.011462585
1,5.1501517,-7.122284,0.021991158,-0.7521119,-2.633978,0.011300727,-10.055109,3.1944337,0.0052763834,-2.0028627,-1.2591608,0.013337556,-8.821278,-9.988201,0.0038883209,-2.0372233,-1.1837462,0.014670101
4,12.520262,-7.3386335,0.03964271,1.4315511,0.16839539,0.037020475,-7.159292,7.461735,0.0139681585,-0.93321276,0.60041815,0.023277264,-10.971596,5.769979,0.011022867,-0.7801035,-0.078507274,0.019529719
8,4.364882,-11.423372,0.06382456,0.28906348,-0.31127968,0.054793507,6.12741,4.1781425,0.03286777,0.5274244,-0.17943414,0.030626548,-2.1452649,11.402496,0.019737236,-0.2703413,0.9975038,0.04620592
5,3.1039736,-5.261271,0.042100027,0.5557743,-1.3367683,0.035887625,-2.781831,2.0625138,0.02055935,-0.9411469,-0.67629844,0.02419727,-4.54653,-4.228691,0.01500142,-1.1009753,-0.61355966,0.03619092
8,1.9109236,-6.329739,0.04048298,-0.20067011,-1.1028758,0.034267586,2.814351,0.4245007,0.023398297,-0.5218759,-1.4384978,0.03162607,0.7014783,-2.043674,0.01666053,-0.5361521,-0.8511173,0.029548429
5,-0.22863151,-5.473567,0.054457903,-0.9964688,-0.03469545,0.038168,17.521349,-0.69590616,0.018508364,2.8162506,-1.2447942,0.025874697,13.296622,6.67918,0.01296002,0.5988358,1.2004218,0.020946378
4,4.743564,-0.5432547,0.061158985,0.61272436,0.43837544,0.066039406,4.669603,4.4726105,0.049662974,0.42690346,-0.4067116,0.06448667,1.2471577,3.2696772,0.012664103,-0.34033123,-0.32805207,0.036928836
6,-0.75951266,-2.627082,0.05177789,-0.21328342,0.5870649,0.057217535,7.9376836,-1.1403679,0.027786683,1.287797,-0.022828348,0.049543094,6.667074,0.5271915,0.02643585,0.4667704,0.48022383,0.053708367
9,2.6530306,-0.06653088,0.0496987,-0.103032485,0.24223909,0.051998552,6.5048323,4.2204046,0.033487864,1.5104594,0.18317017,0.036367487,2.0147116,5.595194,0.016953744,0.12379399,1.1465325,0.045803685
7,-1.7940543,-5.2103677,0.10167144,-0.977435,0.36248687,0.08739491,11.740553,-1.19039,0.027087323,1.8120276,0.046043836,0.04220315,9.201121,6.6138554,0.012945565,0.61949855,1.5354218,0.03858227
7,4.251242,3.5772736,0.04512497,-0.13246524,0.55517393,0.078062125,6.83854,7.4423847,0.037050154,1.8985124,0.059618913,0.046187002,-1.6564245,8.1265,0.013347558,0.09380506,1.989344,0.055616304
4,4.11148,-11.108374,0.07024594,0.50386506,1.7392782,0.057165794,-7.6781726,-5.443922,0.04360123,-0.668309,1.1806133,0.04691882,1.007566,-2.9487166,0.022652501,1.4873095,-0.95537585,0.05931527
7,12.132235,-12.376797,0.04236446,2.7415433,-0.6597859,0.03415781,-12.89232,2.9298072,0.008300011,-0.9100159,1.8290839,0.018941926,-11.484965,-0.68706214,0.009086614,-0.3148934,0.8994064,0.019864915
8,12.663668,-6.1677866,0.07230716,0.28320664,-0.33550563,0.05874263,4.7795672,7.5892596,0.047847353,0.31108955,-0.71468073,0.048331447,-5.086237,14.638781,0.02027859,-0.7470545,0.6659236,0.035954602
7,11.483209,-13.220668,0.02591881,2.7518215,-0.90612024,0.027347645,-13.694388,4.2806597,0.0083207125,-1.2114446,1.4056449,0.01428928,-12.738085,-2.2244546,0.003569727,-1.0780114,0.5792175,0.0230376
6,1.7913839,-7.707538,0.051956404,0.7645942,1.6018772,0.04003908,2.6571875,-8.605148,0.012165756,-0.67925024,-1.5763497,0.015972808,9.863505,-7.486405,0.006868046,0.8493235,-2.4702878,0.023775913
8,3.386266,-14.333011,0.030133154,0.11668123,1.173964,0.072587185,-1.6585406,-6.935972,0.01888361,-0.69114804,0.29294822,0.0203311,4.0609627,-0.29184735,0.008544041,1.3187488,-1.3855647,0.021443158
6,1.6065646,-6.811081,0.055188287,0.68100274,1.8734956,0.028595228,-1.734785,-7.3910465,0.008427074,-0.47331795,0.10086539,0.014988942,5.3628635,-6.224942,0.0077751987,1.1565617,-1.9957813,0.019271435
6,2.2263627,-6.5896144,0.054438308,0.90883625,1.8938009,0.02735037,-1.5076846,-6.496528,0.009904819,-0.781438,-0.65709627,0.012091022,4.2019386,-6.6283665,0.0056500714,0.8338358,-2.265022,0.014143392
9,11.066454,-14.223679,0.044863425,2.375485,0.0007021576,0.042215273,-13.617961,2.444931,0.030485509,-1.3439165,1.8232591,0.038473815,-7.642385,-1.9396172,0.021249859,-0.4593751,0.5825659,0.034890715
9,4.71385,0.21189001,0.06730186,-0.18226106,0.24234927,0.056760762,7.9743137,1.844952,0.04057883,1.8410984,1.0861434,0.053985044,5.5559635,11.1671,0.025211876,0.8805892,1.5771375,0.050393153
0,1.4501578,-7.1109023,0.09224961,-0.2729162,2.0311759,0.067918226,-8.389233,-8.423428,0.026226165,-0.85545254,2.0035753,0.04112706,1.6899432,-5.0837593,0.011606876,1.878367,-0.68564916,0.029586604
0,-5.4551067,-5.4880347,0.033441965,-1.5835683,1.8343738,0.04211593,0.37549135,-6.509407,0.01865234,0.7545671,1.988491,0.034131024,9.288393,0.7601649,0.013243238,1.7385105,1.4404182,0.031505894
1,5.4544525,-7.894463,0.024020974,-0.6529165,-2.6056535,0.016187089,-10.502116,2.503172,0.009370645,-1.9409478,-1.2801232,0.012014631,-8.893682,-10.698294,0.0057769604,-1.8784919,-1.3257414,0.01374512
3,1.4495329,-7.9173117,0.040000793,-0.71808547,-0.9624809,0.03446059,3.9477606,-5.811518,0.022179352,-0.2688828,-1.0219051,0.028275784,5.51888,-1.5816927,0.01030652,0.35574523,-0.98922616,0.023421828
1,4.6636195,-2.8344467,0.044673793,0.6162384,-1.4433581,0.03755241,6.065147,4.9228005,0.007852983,-0.0072157374,-2.8541427,0.024963602,-2.1013088,-0.50008667,0.0063525075,-1.5862067,-0.5395045,0.027197981
3,1.5908773,-8.178003,0.043189798,-0.67657,-1.0132947,0.039181743,0.92449254,-7.179089,0.016317831,-0.7683684,-0.6924272,0.020453466,4.4700394,-5.1215043,0.009681532,0.41616228,-1.1305541,0.02240347
8,6.4028506,-11.543572,0.045986377,0.09453134,-1.5464207,0.061879013,-10.087771,-5.29128,0.021755973,-2.0482166,0.9908788,0.040489532,-5.5105367,-12.885139,0.014029519,0.026641972,-1.7856916,0.031123223
9,10.315935,-0.13627975,0.04195241,0.42712343,-0.03567616,0.042886935,7.343827,9.013301,0.023740223,1.7353991,-0.20885372,0.027769202,-6.131618,13.843295,0.009013922,-0.2992419,1.4029489,0.024782814
8,1.7335055,-7.3594365,0.05178029,-0.89659524,-0.8910815,0.042336594,7.816588,-2.5779307,0.01915369,0.609488,-1.6843468,0.020396296,7.0936913,1.0703086,0.014717878,-0.0323469,-0.34946123,0.03462114
7,11.084984,4.2495546,0.028428994,0.2911765,-0.14538856,0.06214646,12.980223,12.0660515,0.019058842,2.0845077,-0.5131361,0.026415903,-3.6369178,18.84261,0.013162819,-0.71128595,2.3338642,0.024291692
8,1.9018111,-4.9695334,0.037320856,0.11958705,-1.3564829,0.037382822,0.19527064,-0.8954175,0.024544438,-0.4488149,-0.70574486,0.03200059,0.6601575,-5.8709483,0.012240335,-0.1696549,-0.9366606,0.032538593
5,4.5999174,-9.605595,0.069006436,1.295909,0.28160405,0.062897556,-7.5505075,1.3168757,0.027112007,-1.3859231,1.8409035,0.03782182,-3.668941,-3.944902,0.0094890995,-0.13111176,-0.14693494,0.03428276
5,2.4159672,-11.898133,0.050300132,-0.011786398,2.0132937,0.054256294,-3.6963742,-7.7696233,0.025715897,-1.0156267,0.7941079,0.039181363,3.9171832,-5.60976,0.015665028,0.9538786,-1.2038552,0.04349481
6,1.3687972,-3.9060593,0.050755166,-0.11948526,-0.17921002,0.054827835,6.2780695,1.615254,0.032297734,0.9218384,-1.3683385,0.04653681,0.55738264,3.3445668,0.018333545,-0.34039316,-0.23732561,0.03884145
7,5.76625,-5.9124107,0.044126704,1.4719425,-0.5897523,0.04257635,-5.2891192,4.458045,0.036418006,-0.37988928,0.4343503,0.03576039,-6.9757752,-1.1774254,0.028093487,-0.96244085,0.39309078,0.0434926
0,-6.0679755,-0.3629618,0.02594996,-3.2872767,0.532876,0.03141269,5.572436,-3.8530967,0.016936114,1.1495914,0.7723717,0.032214835,6.158325,-3.9529867,0.011474831,0.47189954,1.6126976,0.044417053
3,1.9138308,-4.987047,0.041405443,0.098649696,-1.292934,0.03196805,-0.47652406,-2.922812,0.015535458,-1.1946857,-1.2299455,0.024849724,-0.6725105,-6.767795,0.011964326,-0.52950627,-2.003686,0.024924034
5,0.14970186,-7.3093247,0.057367973,-0.77327883,-0.1887961,0.054797508,10.503352,-1.7799187,0.04128579,1.5019658,-1.1248536,0.051631644,9.032759,2.0570073,0.027921783,0.33811164,0.14323884,0.04572118
5,1.0174541,-10.95748,0.10129786,-0.22610062,-0.28790295,0.08539428,8.4983425,2.0484996,0.018862203,0.99962103,0.75400084,0.038200457,0.37748972,14.498441,0.010770951,-0.019698415,1.6101729,0.042408977
2,2.9642868,-8.860073,0.07770925,-0.40887886,0.5510599,0.078957185,1.3921481,0.12719691,0.03237585,0.4093197,0.15061119,0.042807437,1.3675,6.269259,0.030912843,0.14439808,1.3594034,0.036597166
4,12.233747,-4.5179534,0.039560214,1.3985095,0.32538676,0.03390811,-6.0182395,6.6228714,0.012719062,-0.2886205,1.4543037,0.022274788,-8.956951,5.660835,0.007880616,0.1024526,0.2992141,0.02260675
1,3.9179626,-3.001421,0.0190501,0.8928506,-2.2407882,0.011795154,-3.2754622,4.591725,0.003818781,-1.2143505,-2.3731341,0.0060401578,-6.408399,-9.416555,0.0027074378,-2.0798779,-1.3358366,0.011029745
4,4.070346,1.4950861,0.053368993,-0.1326024,0.27591613,0.058060195,8.228045,5.6148415,0.043743264,2.2337909,-0.26828185,0.047818217,2.893298,7.8353686,0.016792504,0.25441998,1.5998821,0.042772915
1,3.5603461,-2.1700485,0.02473254,0.8697782,-1.6420985,0.020478915,1.3279042,5.6583085,0.006760655,-0.32118353,-2.1876657,0.010593565,-4.568722,-4.5203805,0.0033177126,-1.6099995,-0.677351,0.014301089
3,5.6323147,-11.576123,0.0484791,0.48601806,-0.8240281,0.052100256,-3.0545907,1.0023763,0.029467609,-0.98095775,-0.19317669,0.031143276,-6.493689,2.1623583,0.012979852,-0.6154533,0.08724726,0.0407653
2,2.1337974,-2.3075058,0.06302203,0.8440386,-1.8714181,0.06691182,5.9565077,9.501713,0.021044185,1.1468017,-2.5862691,0.03164353,-3.389144,-0.18453261,0.008114275,-1.9922271,0.86390424,0.032209598
2,2.897223,-12.283695,0.07858057,-0.013029978,1.1793318,0.08112686,-1.9142878,-10.120504,0.043095224,0.23813334,1.1807466,0.043231584,7.8571243,2.878582,0.024816591,2.3434618,0.30713272,0.044821512
1,3.499029,-4.931974,0.019632252,-0.72250223,-2.4024568,0.013118989,-7.5930257,4.0988994,0.005563924,-1.1237823,-0.7805743,0.012588548,-8.034443,-9.38744,0.0048257266,-2.1133895,-0.6145648,0.013500631
6,3.1360426,-7.924815,0.053676397,0.7891124,1.3887479,0.056807216,-4.372277,-7.086384,0.026073787,-1.1970161,-0.10289987,0.03553975,2.8899634,-9.578451,0.019504966,0.72005534,-2.0480752,0.038632452
9,13.604016,-8.425466,0.026219906,1.6614062,-0.15237382,0.03516044,-5.1978145,3.9061725,0.013542172,-0.70281196,0.824353,0.025574988,-7.787584,6.7386594,0.008547126,-0.20239384,0.12869309,0.021424614
0,-2.2612197,-8.016133,0.033163164,-1.1612214,1.0423329,0.040172826,8.21869,-7.7126718,0.013248025,1.9622213,1.1238601,0.023448732,15.9718075,4.3415637,0.0068772533,2.1496217,1.0393393,0.016322402
3,0.4303819,-6.5378423,0.0456908,-1.0802174,-0.69518274,0.032047857,10.088203,-2.6848366,0.019023364,0.6666375,-1.4930798,0.027508117,8.704295,3.363638,0.011741177,0.0870334,0.5622085,0.022777032
0,-3.8295121,-3.4482071,0.055110894,-1.0174208,1.2332276,0.075328365,0.54991484,-3.8253434,0.04854627,0.80412805,0.9572245,0.05503449,8.450412,-2.395915,0.023970459,0.9181276,1.0505613,0.050644062
0,-1.8355821,-3.8104494,0.05984245,-1.2492065,0.57410717,0.060426727,5.554929,-3.5685737,0.01712283,1.1621494,0.47897294,0.027256357,8.464132,-4.171,0.011562009,0.44819734,0.35757384,0.026487358
3,2.7286615,-9.391646,0.045839194,-0.27782446,-1.3284461,0.04222679,-2.9989142,-6.905501,0.010271856,-1.7881609,-1.1480321,0.013159371,1.1541282,-8.745837,0.007582055,-0.14448544,-2.1456847,0.009695007
2,2.6868806,-6.161442,0.038846076,0.6257726,0.7136947,0.046201784,-3.3407354,0.18172781,0.035222083,-0.623364,-0.18173714,0.043525897,-4.3577504,-5.564544,0.023941508,-0.6018322,-0.7532984,0.042619567
7,2.1060011,-4.0680647,0.040701922,-0.36176807,-1.6977708,0.047171976,-1.2988304,2.6423388,0.029849945,0.016119631,-0.9556729,0.044438045,-2.65976,-4.8575945,0.024213547,-1.1252005,-0.11183422,0.041951373
7,12.3844795,-1.12057,0.05286261,0.9507999,-0.28471464,0.05705728,-0.9811733,6.298236,0.014262202,0.3412984,1.7036732,0.025530884,-5.8045506,11.312814,0.006510303,0.42120877,1.436291,0.03031508
1,7.948479,-13.247105,0.04293297,-1.839007,-1.9005797,0.05265733,-13.348729,-3.3563035,0.011478,-2.288157,0.9513307,0.024845505,-6.3050995,-11.792939,0.0070608025,0.060381234,-0.9303385,0.017965889
4,7.715659,-8.016028,0.057135284,2.0431604,0.5186581,0.046318036,-9.390369,2.9262123,0.022102281,-0.9548529,2.2850726,0.030426957,-4.7229953,-3.968403,0.011345097,0.21995577,-0.25112092,0.040436365
1,5.674431,-3.015057,0.051013406,0.45008796,-1.2228277,0.044655688,6.3151255,5.1128206,0.010173879,0.027611034,-3.1214414,0.02006979,-1.7560416,0.7549593,0.007236075,-1.4713861,-0.67714745,0.022832058
9,10.581021,-0.44724005,0.026131272,0.50065124,-0.28031912,0.029921643,4.814719,7.3826127,0.016764015,0.9373095,-0.3214386,0.022017732,-3.054229,9.413448,0.011397899,-0.58303064,0.6961401,0.019661503
5,0.89906025,-7.6341853,0.054385453,-0.06381196,1.6483786,0.05766265,-1.5731081,-4.0183835,0.024958206,-0.72565186,0.7195139,0.034601234,2.3904123,-3.8840294,0.0205422,0.480666,-0.7233732,0.031647455
6,0.47392607,-3.9787831,0.04681697,0.48263675,1.1224046,0.04882072,5.6999364,-3.1206937,0.013955336,0.55925125,-1.2973495,0.018508691,5.480751,-1.6505255,0.008994384,0.55480236,-1.4204844,0.02528198
1,3.899577,-5.389156,0.03421656,0.44342571,-2.2255464,0.024331365,-5.3559523,2.0327559,0.007016559,-2.0413384,-2.3578272,0.012228887,-5.4570503,-11.524036,0.0053696223,-1.6429645,-2.21853,0.024538204
5,1.0164633,-7.6279464,0.046984196,-0.1051669,-0.54711473,0.04838669,2.767643,-3.1159556,0.03440949,0.4034863,0.088487,0.026583806,4.1427445,2.0382621,0.011671318,0.5594441,-0.4844559,0.025869552
0,-5.065413,-4.9024096,0.037025783,-1.5736388,1.7095915,0.057346866,0.91048896,-3.72992,0.021558303,1.112234,1.4474834,0.0181553,4.53535,-0.11841029,0.008855738,0.9629201,1.5064224,0.027800044
2,1.5231031,-3.8270297,0.052676808,-1.6731606,-0.89210856,0.047941647,5.9251294,3.1335006,0.013299613,0.17859682,-1.7681009,0.023938674,-1.2405704,-0.14589687,0.0062215086,-1.2517245,0.8283158,0.022565728
4,6.289836,-3.212946,0.089697994,0.39572203,0.5339485,0.07851029,-2.5603242,1.1367439,0.035724606,0.88942504,1.9525237,0.054070473,0.74384093,6.7114825,0.017046891,1.0036914,1.60492,0.056456644
0,-5.4359956,-2.8424397,0.040613163,-2.4915996,0.83545727,0.0420346,7.1857905,-8.211559,0.02462101,1.28357,1.3004211,0.042686783,14.426199,-1.9685218,0.00806103,1.3826474,1.1891245,0.035670884
5,0.060888022,-12.025573,0.077308714,-1.0949405,0.16558143,0.075262144,12.835462,-3.7629704,0.028101245,2.0403385,0.63104945,0.037806813,13.523106,11.906992,0.016604485,0.9757024,1.6824175,0.03277195
7,12.679256,-9.396113,0.02540873,1.9615947,-0.8386185,0.02316229,-7.2504425,7.0257163,0.009583093,-0.93164486,0.81129277,0.016226497,-11.820321,3.4528954,0.00682534,-1.1250817,0.6789921,0.013895591
0,-5.4753976,-6.5014663,0.054935947,-2.2135816,1.3969597,0.03265421,6.504391,-6.430046,0.009431423,1.6813656,1.7516149,0.021875892,12.183155,1.8158469,0.0047831316,1.3288019,1.6217809,0.014713526
6,1.8356203,-6.4189243,0.067994006,0.1933949,1.0727991,0.057961036,5.218058,-0.17130847,0.029780064,1.2585825,-0.48317078,0.03251596,3.8328714,3.1762254,0.010491537,0.6163503,-0.3989009,0.03585137
9,10.509971,-9.519347,0.023373304,1.7285303,-0.53256196,0.030685868,-8.053127,7.9934983,0.01578226,-1.4176823,0.4495669,0.02219867,-11.219621,0.6317814,0.010584757,-1.6757518,0.051728413,0.024782937
3,0.18997064,-7.37711,0.051567584,-1.2935063,-0.36802867,0.054924,9.857323,-7.8101053,0.014834981,1.0568097,-1.149544,0.024967847,13.609257,-3.742144,0.008857996,1.2803644,-0.37962714,0.024075503
3,1.7122642,-8.990043,0.04503437,-0.87731534,-0.7892202,0.026741084,7.1652513,-3.952973,0.020121654,0.33069316,-1.2167883,0.026388047,6.1617637,1.5234015,0.010322454,-0.081510395,0.08697542,0.01741232
1,2.9593194,-2.886417,0.01749826,-0.010725874,-2.22041,0.023151072,-4.754864,5.4337664,0.0065908358,-0.8258614,-1.0901271,0.011489338,-7.5515018,-8.451797,0.0043867845,-2.1233249,-0.5972824,0.012269733
1,4.031709,-5.588568,0.019148601,-0.75512284,-2.8693683,0.010843657,-8.584585,3.1385472,0.005508389,-1.4312958,-1.0735421,0.011404908,-7.6932187,-10.637116,0.0035325156,-1.937793,-1.0201749,0.010165842
2,4.5825453,-10.454252,0.08846773,1.7929686,0.056006305,0.075652,-4.1581235,-1.2131253,0.050776705,0.30940887,1.5493581,0.058627203,0.015367288,8.0426855,0.028765455,0.886355,1.3932723,0.046423845
8,2.494253,-0.41036788,0.057150807,-0.3307036,0.11180154,0.059482962,11.14275,5.075408,0.044433575,1.3928888,-1.0748112,0.046582535,1.0899569,3.9857323,0.030602446,-0.6881663,1.120821,0.05295082
3,0.9462242,-9.996461,0.053616904,-1.244917,-0.5303027,0.046588197,8.318938,-8.912082,0.011200135,0.6453415,-0.7175665,0.020466836,14.1281,0.48161024,0.008262459,1.3030858,0.15869007,0.020849759
9,15.036401,-7.017583,0.027226806,1.5019187,-0.23624851,0.03926987,-3.535984,4.724858,0.014948663,-0.08228946,1.3157375,0.018429454,-6.0823197,10.142223,0.006280377,0.032281745,0.9260656,0.019527772
4,12.026823,-1.8693701,0.03751636,0.8951053,-0.08080289,0.04164761,-0.95415306,9.392482,0.013405935,0.46542624,0.639433,0.032348596,-5.2469707,12.256687,0.009754661,-0.24341118,0.7505462,0.026202796
6,1.7920861,-8.128184,0.040493958,0.67016286,1.7753391,0.04163936,0.82277817,-8.682543,0.010796594,-0.77321136,-0.8318949,0.018708436,8.210159,-8.382699,0.007117639,1.1303936,-2.4372084,0.017834676
9,9.152168,-4.477189,0.030705081,1.1850469,0.34265944,0.03917856,-3.591551,5.7359157,0.01963041,-1.0097151,-0.04868393,0.019657148,-8.92429,-0.22254302,0.011100207,-1.1036611,-0.8632445,0.025803678
6,3.5698695,-9.4194765,0.043843836,1.2887564,2.0463104,0.023172794,-4.1106863,-6.1113524,0.016306354,-1.3254396,-0.5454029,0.01719699,2.1045985,-6.444275,0.009846933,0.6076541,-2.4447632,0.021752086
3,1.4476916,-10.7459755,0.062299587,-0.9315065,-0.9391759,0.06120523,0.6395986,-10.226955,0.031289984,-0.28162584,0.39756784,0.037916336,10.213589,0.13442822,0.014063653,1.9901091,-0.28994662,0.031346608
4,6.717987,-6.2294083,0.037317034,1.0529239,-1.0057595,0.046119463,-4.9305615,6.6041865,0.03084489,-0.99473417,-0.8342722,0.03652424,-7.3190794,-1.3135313,0.024085691,-1.7435669,-0.54486156,0.037079137
5,4.885588,-11.240782,0.0686532,0.52444243,-0.6969526,0.056690015,0.548975,0.9781223,0.024000932,-0.51503205,0.514868,0.023239939,-2.0959716,3.1383512,0.009619517,-0.52926135,-0.11383191,0.029665979
8,0.7488379,-8.955783,0.07458999,-0.56896955,-0.3454358,0.06619471,11.571179,0.55149347,0.043548554,1.6498606,-0.9119112,0.04876741,7.464935,5.976673,0.028679967,0.041114364,1.099346,0.047540665
2,0.9186152,-3.2377129,0.088672504,0.27414387,0.85949165,0.07904201,-4.8257303,-6.0676136,0.029750919,0.14179777,1.3418539,0.05052759,2.2916424,-4.7579985,0.022804167,1.5190035,-0.01003665,0.062332347
5,0.95031804,-7.2896905,0.0567277,0.39290097,-0.30976698,0.054682523,3.1241918,0.72309124,0.035186686,0.42788205,0.5380165,0.046016984,1.349994,1.353298,0.017485755,0.15286788,0.080653645,0.03625514
3,-0.9817135,-13.3374195,0.0718158,-1.3623134,0.12659891,0.087097324,8.603417,-14.541738,0.023538264,1.6393536,1.1302379,0.039175086,21.961697,4.5023446,0.015770812,2.8793995,0.2829131,0.033861592
6,1.3023237,-6.8042226,0.058401596,0.5098484,2.108699,0.045700975,-3.7344682,-9.128071,0.019939097,-1.1226329,0.39047885,0.029991938,6.602384,-11.596772,0.011266144,1.2649878,-2.3570247,0.039403923
5,-0.52688676,-2.5508304,0.07610552,-1.202327,0.122655384,0.0768882,13.359727,0.5478866,0.026975479,2.1110897,-0.7784844,0.055873934,7.595606,-0.8517806,0.02430057,-0.065004,1.3402413,0.06240381
3,-0.6103043,-7.6340337,0.06496808,-1.1228716,-0.045706965,0.060915105,9.008307,-6.6524367,0.032774236,1.1313992,-0.36893383,0.041262694,12.082893,-1.2276615,0.01641484,0.7383602,0.3140636,0.051634315
8,3.7508764,-10.832662,0.05275459,-0.05533566,-0.6276146,0.049307495,0.21818578,3.3817887,0.01628314,-0.58569473,-1.1918427,0.015761629,-2.6306539,4.7509437,0.013346013,-1.2476889,0.10004292,0.029353362
8,3.8281019,-9.209654,0.042536814,0.117119804,-1.0045688,0.04090149,-2.8744068,0.50724334,0.018847631,-1.0309579,-0.4401139,0.02732505,-3.934108,-1.1307234,0.016586639,-0.5861884,-0.73413783,0.02513164
4,0.7242783,1.677978,0.05208939,0.19789733,0.45110857,0.079174146,-0.48086798,6.605744,0.014810778,1.3026613,0.3192186,0.05864015,-2.7190523,0.9315311,0.010509029,-0.057864916,1.20889,0.049897272
8,5.151503,-11.922502,0.046936113,0.16009152,-0.99999934,0.052008983,-7.150152,-1.6185865,0.023753118,-2.026772,-0.112090036,0.032133512,-5.657769,-6.3701754,0.016201554,-0.4559774,-1.4584849,0.036272537
7,13.004345,-16.016502,0.030804094,3.606552,-0.25781924,0.032454286,-18.08378,0.32532504,0.007947035,-2.011011,2.1834521,0.013189112,-11.164708,-7.3575554,0.0064783725,-0.36522815,-0.25664917,0.021758523
4,6.1296124,-4.9295874,0.029160375,0.9102637,-0.5605498,0.043079358,-6.137008,8.110166,0.0100811655,-1.2229748,-0.3364053,0.017040828,-9.820603,-2.922037,0.0073367096,-1.9716682,-0.37688407,0.011847839
5,-0.7412283,-7.568756,0.06735525,-0.9910419,0.17102197,0.0552211,8.54964,-4.7086205,0.037469223,1.5745751,0.2538884,0.04684194,9.9159975,4.806067,0.022541504,0.71856403,1.3582224,0.0472034
3,1.618708,-0.14610249,0.07179766,-1.1571236,-0.44976297,0.07372159,11.851245,6.705382,0.027538206,1.195224,-1.6509802,0.043227535,-1.6491834,3.653084,0.009840112,-1.2731572,1.369169,0.043169327
5,-0.026506368,-3.1391683,0.06266439,-0.35083225,0.057790123,0.07167647,8.677474,1.3116202,0.027671337,1.3185793,-0.3284264,0.03648767,1.0010653,0.78597844,0.018274225,-0.50032455,0.95959264,0.043806173
4,7.2402434,-9.019709,0.057361204,1.4116122,1.3556137,0.038714223,-7.810464,2.007152,0.024695056,-0.929121,0.33010852,0.027922709,-6.4540076,-2.038197,0.0184574,-0.063216396,-1.0906346,0.036443092
