idx,label,parity,top1_idx,top1_label,top1_softmax,max_logit,logit_0,prob_0,logit_2,prob_2,logit_4,prob_4,logit_6,prob_6,logit_8,prob_8
0,1,odd,1,2,0.8154835,3.117196,-3.1231825,0.0015894735,3.117196,0.8154835,-0.72191685,0.017543232,-2.7687745,0.0022655341,1.507891,0.16311836
1,9,odd,2,4,0.99994993,10.133538,0.20847976,4.893056e-05,-4.7760415,3.3483423e-07,10.133538,0.99994993,-5.727943,1.2924828e-07,-3.9740658,7.466613e-07
2,2,even,1,2,1.0,19.648623,-8.074632,9.118917e-13,19.648623,1.0,-7.951699,1.0311764e-12,-9.524468,2.1393763e-13,-2.9631286,1.5130075e-10
3,8,even,4,8,0.9853477,5.38608,0.9877118,0.012117209,-3.2684639,0.00017177852,-4.50487,4.9889004e-05,-0.66820437,0.002313382,5.38608,0.9853477
4,9,odd,2,4,0.9999546,9.133962,-1.7141297,1.9440802e-05,-1.541135,2.3112385e-05,9.133962,0.9999546,-4.9183235,7.891332e-07,-3.988964,1.998785e-06
5,0,even,0,0,1.0,17.322235,17.322235,1.0,-6.139215,6.4687665e-11,-10.041389,1.3065584e-12,-0.8354167,1.3008643e-08,-9.238988,2.9147938e-12
6,0,even,0,0,1.0,15.959673,15.959673,1.0,-3.8404982,2.5170686e-09,-8.766479,1.826288e-11,-3.891725,2.3913722e-09,-7.579996,5.982072e-11
7,1,odd,1,2,0.687617,3.3709257,-2.3140213,0.0023356378,3.3709257,0.687617,-2.4982743,0.0019426098,-3.1392224,0.0010233524,2.5648065,0.3070814
8,3,odd,1,2,0.99999666,15.020702,2.3931391,3.2803289e-06,15.020702,0.99999666,-11.555184,2.8723543e-12,-11.837278,2.1663357e-12,-1.9679879,4.187015e-08
9,0,even,0,0,1.0,14.468041,14.468041,1.0,-3.146111,2.2401162e-08,-6.5318537,7.5833556e-10,-4.6713333,4.8738884e-09,-6.393161,8.711541e-10
10,0,even,0,0,0.99999905,11.6761,11.6761,0.99999905,-2.432669,7.4582897e-07,-4.926285,6.161346e-08,-4.3066554,1.1449249e-07,-5.667229,2.9368902e-08
11,8,even,4,8,0.9966221,6.19258,-2.0266328,0.00026851677,-0.05912079,0.0019206636,-5.4562674,8.699621e-06,-0.5462681,0.0011800106,6.19258,0.9966221
12,4,even,2,4,0.9999999,13.393359,-4.1952276,2.2981254e-08,-3.5472133,4.3934193e-08,13.393359,0.9999999,-3.9600067,2.9075586e-08,-6.181185,3.1541614e-09
13,1,odd,1,2,0.56108826,3.72811,-1.8047434,0.0022189291,3.72811,0.56108826,-4.9523873,9.531015e-05,-3.1385047,0.0005846531,3.4759035,0.43601283
14,2,even,1,2,0.98431224,8.182197,0.5856501,0.0004943045,8.182197,0.98431224,-11.845649,1.9731048e-09,-6.051273,6.4806096e-07,4.0110707,0.015192733
15,3,odd,4,8,0.9843507,6.840888,-0.771666,0.000486474,2.6667092,0.015147011,-7.117731,8.5309733e-07,-4.2503457,1.5006798e-05,6.840888,0.9843507
16,6,even,3,6,0.9999988,14.005747,0.33483148,1.15557e-06,-7.865994,3.1711977e-10,-4.533476,8.882134e-09,14.005747,0.9999988,-10.6047945,2.0501082e-11
17,8,even,4,8,0.9999809,9.321639,-3.1506946,3.8311214e-06,-2.5350606,7.090753e-06,-2.8685343,5.080036e-06,-3.3760777,3.0580418e-06,9.321639,0.9999809
18,7,odd,1,2,0.99179393,6.9515095,-4.15115,1.4948507e-05,6.9515095,0.99179393,2.0428448,0.0073217596,-9.231688,9.292836e-08,-0.08820127,0.0008691886
19,6,even,3,6,0.99999166,9.867086,-2.6491652,3.6665479e-06,-2.6417892,3.6936915e-06,-4.0942316,8.643169e-07,9.867086,0.99999166,-6.456314,8.1439225e-08
20,9,odd,2,4,0.9996823,10.272801,-2.7502525,2.208114e-06,-3.399286,1.153851e-06,10.272801,0.9996823,-11.232916,4.571379e-10,2.2082324,0.0003143866
21,8,even,4,8,0.9999974,12.21249,-4.465154,5.714652e-08,-0.7579997,2.3280209e-06,-3.0385911,2.3797885e-07,-8.332647,1.1949758e-09,12.21249,0.9999974
22,8,even,4,8,0.9997321,7.74336,-1.9077815,6.433485e-05,-1.0897715,0.00014578177,-4.8009267,3.5642577e-06,-2.0780742,5.4261152e-05,7.74336,0.9997321
23,1,odd,4,8,0.99262905,5.9400983,-1.5075054,0.00057854055,0.8693874,0.0062316796,-5.79447,7.952965e-06,-1.5531904,0.0005527047,5.9400983,0.99262905
24,0,even,0,0,1.0,17.554707,17.554707,1.0,-8.087387,7.307692e-12,-5.2731905,1.2189073e-10,-2.6384084,1.6991882e-09,-10.581637,6.0331015e-13
25,7,odd,1,2,0.53025293,2.3776681,1.9078474,0.3314687,2.3776681,0.53025293,0.16221602,0.057852805,-8.465258,1.0362394e-05,0.49151734,0.080415204
26,7,odd,4,8,0.64318335,3.7156389,-1.4035709,0.003846717,2.9033124,0.28546044,1.461474,0.067509264,-11.270559,1.9948558e-07,3.7156389,0.64318335
27,6,even,3,6,0.9999999,12.778314,-4.122886,4.569854e-08,-4.4716015,3.224457e-08,-5.964606,7.2452475e-09,12.778314,0.9999999,-5.2021823,1.5529949e-08
28,1,odd,4,8,0.9811142,4.986253,-1.5617907,0.0014058548,0.77564794,0.014557178,-5.2305193,3.586178e-05,-0.8422726,0.0028868422,4.986253,0.9811142
29,4,even,2,4,0.9999913,11.070066,-5.516743,6.2580135e-08,-3.79444,3.5028614e-07,11.070066,0.9999913,-5.515795,6.2639494e-08,-0.6362253,8.2417255e-06
30,3,odd,4,8,0.99766576,7.3388743,-1.8789955,9.9018216e-05,-4.1475234,1.0244858e-05,1.2303791,0.0022187035,-4.6264873,6.3459192e-06,7.3388743,0.99766576
31,3,odd,2,4,0.93543136,4.5331373,0.52247256,0.01695127,-2.682123,0.000687803,4.5331373,0.93543136,-6.4554315,1.5802905e-05,1.5404384,0.04691366
32,9,odd,2,4,0.9373207,4.1683,-0.680884,0.0073436904,-2.382241,0.001339752,4.1683,0.9373207,-4.2311835,0.00021088166,1.3102686,0.053784966
33,5,odd,4,8,0.9999944,14.760103,-3.9483626,7.499188e-09,2.660313,5.560646e-06,-13.277616,6.6584113e-13,-5.176918,2.195125e-09,14.760103,0.9999944
34,4,even,2,4,0.9999988,12.575641,-3.9410691,6.712486e-08,-5.8956594,9.506393e-09,12.575641,0.9999988,-5.892981,9.531884e-09,-1.1362659,1.1091599e-06
35,7,odd,0,0,0.9898343,6.3161263,6.3161263,0.9898343,0.46627226,0.002851039,1.3928331,0.0072011766,-10.3915,5.4894976e-08,-2.7573287,0.00011350399
36,1,odd,4,8,0.94069564,3.8746736,-2.6218145,0.001419254,-1.6740516,0.0036615788,0.97437674,0.051744733,-2.0641534,0.0024788447,3.8746736,0.94069564
37,7,odd,1,2,0.91785437,4.207304,-2.239177,0.0014558035,4.207304,0.91785437,1.021181,0.037936583,-7.498768,7.566436e-06,1.140534,0.042745706
38,2,even,1,2,1.0,16.096817,-4.974983,7.057216e-10,16.096817,1.0,-9.957053,4.8411388e-12,-7.1835666,7.752784e-11,-1.1419814,3.260507e-08
39,3,odd,0,0,0.44061074,3.7935731,3.7935731,0.44061074,3.3224232,0.27506623,-10.402118,3.0126228e-07,-4.557751,0.000104021026,3.3551555,0.28421873
40,7,odd,2,4,0.9822678,6.1310186,0.7837776,0.0046768417,-2.3160222,0.0002107302,6.1310186,0.9822678,-10.748865,4.585534e-08,1.7940851,0.012844687
41,5,odd,4,8,0.9999981,11.981741,-3.1708505,2.6261057e-07,-1.4390156,1.4840165e-06,-6.843034,6.6757946e-09,-3.5957794,1.716991e-07,11.981741,0.9999981
42,5,odd,4,8,0.9999639,9.496687,-3.5817535,2.0897276e-06,-0.95957726,2.8766455e-05,-4.4261713,8.9818093e-07,-2.840397,4.3858818e-06,9.496687,0.9999639
43,3,odd,1,2,0.9997969,11.281696,1.3225751,4.728465e-05,11.281696,0.9997969,-14.531602,6.1565757e-12,-7.051513,1.09118865e-08,2.5150251,0.00015580983
44,2,even,1,2,1.0,18.973629,-3.676899,1.4554614e-10,18.973629,1.0,-12.0167265,3.4758356e-14,-10.730566,1.2578592e-13,-0.8116905,2.5547273e-09
45,8,even,4,8,0.99999976,13.5669775,-5.806314,3.857328e-09,-2.2012496,1.4188815e-07,-5.645013,4.5325073e-09,-3.5788198,3.5782822e-08,13.5669775,0.99999976
46,6,even,3,6,0.5529842,2.938159,-4.8484893,0.00022962244,-0.8037411,0.013110708,2.6908684,0.4318329,2.938159,0.5529842,-2.7660317,0.0018425281
47,5,odd,1,2,0.96568364,7.417217,2.9004786,0.010549709,7.417217,0.96568364,-11.159068,8.265269e-09,-7.9505534,2.0450179e-07,3.7126539,0.023766415
48,2,even,1,2,1.0,19.715326,-2.802436,1.6621098e-10,19.715326,1.0,-12.982732,6.3010565e-15,-13.956827,2.3788637e-15,1.0971991,8.208236e-09
49,2,even,1,2,1.0,26.269855,-3.8938336,7.944681e-14,26.269855,1.0,-17.414701,1.0666914e-19,-15.838059,5.161374e-19,-1.2938694,1.0696127e-12
50,1,odd,4,8,0.98400426,5.6532297,-1.9188309,0.000506399,1.4850008,0.01523204,-4.4331017,4.097877e-05,-2.7694044,0.00021631841,5.6532297,0.98400426
51,8,even,4,8,0.99993813,8.517246,-2.459727,1.7089687e-05,-2.0344317,2.6147956e-05,-2.6576326,1.4021188e-05,-3.7642684,4.6363784e-06,8.517246,0.99993813
52,5,odd,4,8,0.94451046,5.8274174,-1.464384,0.000643306,-5.462383,1.1806159e-05,-4.6557145,2.645091e-05,2.980586,0.054807957,5.8274174,0.94451046
53,6,even,3,6,0.99999404,10.979433,-2.2991545,1.7107249e-06,-7.0188017,1.5256811e-08,-5.6281595,6.129304e-08,10.979433,0.99999404,-1.408014,4.1705885e-06
54,2,even,1,2,1.0,15.339615,-3.0023022,1.0819487e-08,15.339615,1.0,-6.518321,3.2152786e-10,-9.688581,1.3501824e-11,-2.6805525,1.4925893e-08
55,6,even,3,6,0.99996185,9.40148,-0.9370155,3.2361753e-05,-3.5342941,2.4101732e-06,-6.947259,7.939918e-08,9.40148,0.99996185,-3.1935518,3.3886806e-06
56,5,odd,2,4,0.9668123,4.110475,-1.1887863,0.0048295017,-3.3425186,0.0005604647,4.110475,0.9668123,-1.6596938,0.003015711,0.446589,0.024782017
57,9,odd,2,4,0.99991524,8.561088,-1.2172806,5.6659395e-05,-3.180184,7.957809e-06,8.561088,0.99991524,-4.944883,1.3626832e-06,-2.320781,1.879437e-05
58,9,odd,2,4,0.97373563,6.048426,-4.231486,3.341427e-05,0.14759475,0.0026652787,6.048426,0.97373563,-8.093408,7.0261996e-07,2.3270464,0.023564942
59,8,even,4,8,0.9999286,10.101741,-3.1504743,1.7563254e-06,-1.2052443,1.2285925e-05,-9.146373,4.371389e-09,0.33483586,5.731339e-05,10.101741,0.9999286
60,7,odd,1,2,0.52584016,2.2268412,1.7868924,0.33867756,2.2268412,0.52584016,0.1703736,0.06725758,-7.8074527,2.3068276e-05,0.18431188,0.068201594
61,4,even,2,4,0.99999523,10.6838875,-3.1022499,1.0298037e-06,-1.931951,3.3190106e-06,10.6838875,0.99999523,-4.162375,3.5673708e-07,-5.342889,1.09561455e-07
62,6,even,3,6,1.0,14.795601,-5.108296,2.269069e-09,-6.2293077,7.396026e-10,-5.675359,1.2869913e-09,14.795601,1.0,-5.0806794,2.3326059e-09
63,0,even,0,0,1.0,15.54438,15.54438,1.0,-2.705683,1.1860373e-08,-8.38668,4.0445702e-11,-4.6477714,1.7008256e-09,-6.2584243,3.3975206e-10
64,9,odd,2,4,0.998747,7.7148757,-3.7038124,1.097444e-05,-2.4679854,3.7765483e-05,7.7148757,0.998747,-5.4280286,1.9568822e-06,0.9926507,0.001202348
65,3,odd,4,8,0.9492986,3.5211914,-0.21301258,0.022680819,-0.91733295,0.011214405,-2.7235405,0.001842257,-0.6288858,0.014963981,3.5211914,0.9492986
66,8,even,4,8,1.0,15.112616,-4.9062514,2.0226296e-09,-2.1166918,3.2915995e-08,-6.212779,5.476451e-10,-6.4072886,4.5084161e-10,15.112616,1.0
67,8,even,4,8,0.9999156,8.359048,-2.1482825,2.733304e-05,-1.9233143,3.422869e-05,-3.8348053,5.061044e-06,-2.580392,1.7742917e-05,8.359048,0.9999156
68,4,even,2,4,1.0,17.087063,-4.684454,3.5055034e-10,-7.767005,1.606997e-11,17.087063,1.0,-4.553636,3.9954312e-10,-6.2019086,7.6864966e-11
69,4,even,2,4,0.9999585,9.398277,-3.2700922,3.1490465e-06,-0.90204316,3.362092e-05,9.398277,0.9999585,-2.9119017,4.5054617e-06,-5.773329,2.576542e-07
70,6,even,3,6,1.0,16.193956,-5.3991985,4.1899806e-10,-5.447934,3.990671e-10,-1.8260946,1.4927659e-08,16.193956,1.0,-13.204976,1.7068896e-13
71,5,odd,4,8,0.99708253,6.552994,-1.1329018,0.0004579195,-3.8147528,3.133835e-05,0.5274829,0.0024092675,-4.3218503,1.8873245e-05,6.552994,0.99708253
72,3,odd,0,0,0.98425955,4.688222,4.688222,0.98425955,-0.5145699,0.0054145944,-5.1273413,5.3735923e-05,-1.5837263,0.001858819,-0.07384655,0.008413363
73,0,even,0,0,1.0,14.779582,14.779582,1.0,-2.1970465,4.2378304e-08,-9.03835,4.5290126e-11,-3.4464884,1.2148375e-08,-7.8421516,1.4979781e-10
74,4,even,2,4,0.99999964,14.08317,-1.264966,2.1596786e-07,-6.499236,1.151264e-09,14.08317,0.99999964,-2.2624142,7.965307e-08,-9.713877,4.624596e-11
75,4,even,2,4,1.0,14.953746,-4.3774343,4.023231e-09,-4.5974793,3.2285727e-09,14.953746,1.0,-6.4573083,5.026864e-10,-5.076845,1.9990574e-09
76,4,even,2,4,0.9999933,10.361486,-3.6761384,8.0081884e-07,-2.5072,2.5774928e-06,10.361486,0.9999933,-2.280364,3.2337855e-06,-5.474025,1.3265449e-07
77,6,even,3,6,1.0,14.676589,-3.5595107,1.202715e-08,-4.9391317,3.0269185e-09,-4.903158,3.1377927e-09,14.676589,1.0,-10.171888,1.616009e-11
78,0,even,0,0,0.99999654,11.252043,11.252043,0.99999654,-1.5503972,2.7540357e-06,-6.7562943,1.5103483e-08,-3.180756,5.394036e-07,-4.5961213,1.3098709e-07
79,3,odd,1,2,1.0,22.05858,-1.1010062,8.748219e-11,22.05858,1.0,-20.122417,4.797606e-19,-15.855875,3.4194892e-17,4.216708,1.7839099e-08
80,1,odd,4,8,0.8514724,4.2561836,-2.7212179,0.00079418835,2.4970906,0.14662437,-2.992979,0.0006052004,-3.176272,0.00050384406,4.2561836,0.8514724
81,9,odd,2,4,0.99985063,8.69593,-2.749149,1.0700413e-05,-3.9343307,3.271016e-06,8.69593,0.99985063,-4.7083707,1.5084166e-06,-0.22265787,0.0001338572
82,5,odd,4,8,0.99999774,11.303318,-3.3947628,4.1371717e-07,-2.053043,1.5827231e-06,-4.4220743,1.4809756e-07,-4.3120217,1.6532684e-07,11.303318,0.99999774
83,4,even,2,4,0.9999993,11.766068,-5.1498895,4.5029e-08,-3.4152055,2.5518548e-07,11.766068,0.9999993,-3.3509538,2.7211985e-07,-3.9148738,1.5482921e-07
84,4,even,2,4,1.0,15.800782,-4.6136374,1.3618534e-09,-5.870246,3.8760736e-10,15.800782,1.0,-3.1001294,6.1864074e-09,-7.550618,7.221305e-11
85,8,even,4,8,0.9994849,8.248556,-1.6678284,4.9333863e-05,-4.3282638,3.4493128e-06,0.56744957,0.0004612263,-5.5326686,1.0343468e-06,8.248556,0.9994849
86,0,even,0,0,0.9999999,15.574408,15.574408,0.9999999,-0.31727666,1.254091e-07,-10.992839,2.897289e-12,-4.5521674,1.8160979e-09,-7.4600945,9.91386e-11
87,4,even,2,4,1.0,14.445977,-4.362071,6.7884156e-09,-2.9782634,2.7086239e-08,14.445977,1.0,-5.99002,1.3327823e-09,-6.342826,9.365642e-10
88,5,odd,4,8,0.9995078,7.5582304,-0.22926399,0.000414687,-3.0190394,2.5476302e-05,-2.6410446,3.717897e-05,-3.5594616,1.48399995e-05,7.5582304,0.9995078
89,2,even,1,2,1.0,20.5844,-3.5499353,3.3005907e-11,20.5844,1.0,-14.633424,5.071002e-16,-10.850845,2.2276467e-14,-0.9947478,4.2490847e-10
90,7,odd,2,4,0.8833192,3.9141722,1.2816129,0.06350555,0.9441076,0.045314275,3.9141722,0.8833192,-8.8468,2.5357003e-06,-0.8079298,0.007858411
91,7,odd,1,2,0.93520015,4.4707246,-0.87788045,0.0044466695,4.4707246,0.93520015,1.6696125,0.056806367,-7.5400486,5.6844997e-06,-1.105614,0.0035410447
92,7,odd,0,0,0.9846698,6.0511017,6.0511017,0.9846698,1.6612136,0.012211993,0.18799205,0.002798817,-10.730787,5.0700102e-08,-1.9827138,0.00031933674
93,9,odd,2,4,0.99999964,13.352212,-2.5313885,1.2642703e-07,-2.1949384,1.7699384e-07,13.352212,0.99999964,-8.659483,2.7570318e-10,-5.002969,1.06769225e-08
94,5,odd,4,8,0.99999094,11.354443,-4.5075927,1.2918184e-07,-3.0932467,5.31428e-07,-0.3320114,8.406857e-06,-7.102196,9.646724e-09,11.354443,0.99999094
95,2,even,1,2,0.99999785,11.719683,-2.6076393,5.9940743e-07,11.719683,0.99999785,-3.9592512,1.5514026e-07,-8.42902,1.7763507e-09,-1.7406083,1.4264909e-06
96,7,odd,0,0,0.9998913,10.269138,10.269138,0.9998913,-3.4126132,1.1429934e-06,1.1277376,0.00010712554,-9.073992,3.9750088e-09,-4.680712,3.2159954e-07
97,9,odd,2,4,0.9999896,10.137038,-4.325262,5.237189e-07,-2.1520903,4.601452e-06,10.137038,0.9999896,-5.1705747,2.2489691e-07,-2.0574927,5.057993e-06
98,1,odd,1,2,0.98007464,5.8965335,-2.6097658,0.00019816203,5.8965335,0.98007464,-5.9494,7.0248234e-06,-2.3822446,0.0002487892,1.977852,0.019471407
99,2,even,1,2,0.9999993,12.2340145,-5.2712574,2.4977945e-08,12.2340145,0.9999993,-2.0436027,6.2995457e-07,-6.8389,5.2088076e-09,-3.3310974,1.7384305e-07
100,5,odd,4,8,0.9989819,7.569397,-1.495652,0.00011551989,-2.1934605,5.7491354e-05,-6.537831,7.462195e-07,0.49348432,0.0008443605,7.569397,0.9989819
101,0,even,0,0,0.99999535,10.421131,10.421131,0.99999535,-4.163694,4.633282e-07,-2.1975296,3.3096585e-06,-4.012743,5.38823e-07,-4.6491995,2.8512582e-07
102,2,even,1,2,0.9999999,13.759867,-2.2256398,1.14178114e-07,13.759867,0.9999999,-3.3230321,3.8105807e-08,-10.211966,3.882983e-11,-4.1498256,1.6669372e-08
103,4,even,2,4,0.99999964,13.905284,-3.47415,2.8327436e-08,-1.0216588,3.290872e-07,13.905284,0.99999964,-6.549087,1.3085177e-09,-8.382572,2.0917344e-10
104,7,odd,4,8,0.9878349,6.4530754,-2.2229679,0.00016854914,-0.14077005,0.0013521151,1.922587,0.010644328,-9.875784,8.001122e-08,6.4530754,0.9878349
105,3,odd,0,0,0.9835226,7.8088756,7.8088756,0.9835226,3.6143641,0.01482966,-14.2672415,2.5424282e-10,-5.2404976,2.115989e-06,1.4158479,0.0016456126
106,4,even,2,4,0.9999447,10.537734,-4.806788,2.1673773e-07,-6.0255017,6.406987e-08,10.537734,0.9999447,-4.1002674,4.3931166e-07,0.72250915,5.461074e-05
107,3,odd,0,0,0.55110276,4.084598,4.084598,0.55110276,3.8483126,0.4351261,-6.8708105,9.624082e-06,-4.843366,7.309152e-05,0.38922665,0.013688415
108,5,odd,4,8,0.999987,10.375872,-1.339981,8.16327e-06,-2.2277882,3.3596536e-06,-3.0540447,1.4704686e-06,-7.168424,2.4021674e-08,10.375872,0.999987
109,1,odd,4,8,0.9954715,5.6859756,-4.1830707,5.1517705e-05,-1.1647398,0.0010539034,-0.08727293,0.0030955565,-2.3332164,0.0003275956,5.6859756,0.9954715
110,3,odd,4,8,0.9983486,6.3657284,-2.852564,9.904413e-05,-1.3792008,0.00043221726,-0.4605294,0.001083119,-3.8377283,3.6980877e-05,6.3657284,0.9983486
111,8,even,4,8,0.9999443,14.760721,-6.0039296,9.594068e-10,-7.117736,3.1498004e-10,4.963852,5.5622382e-05,-13.299196,6.511911e-13,14.760721,0.9999443
112,8,even,4,8,0.9999914,13.202534,-4.0983605,3.0641754e-08,1.5304368,8.5284255e-06,-6.639948,2.4127704e-09,-8.524612,3.664516e-10,13.202534,0.9999914
113,7,odd,1,2,0.91330093,4.3649178,-1.0601816,0.0040227515,4.3649178,0.91330093,0.97395635,0.030756583,-10.016758,5.184794e-07,1.4975399,0.051919147
114,0,even,0,0,0.9931819,6.471808,6.471808,0.9931819,-4.5492578,1.6242047e-05,-3.2877963,5.73438e-05,1.4722372,0.00669488,-3.429256,4.977959e-05
115,7,odd,2,4,0.99552107,5.748916,-0.16201702,0.0026975211,-1.3533378,0.00081956,5.748916,0.99552107,-5.650291,1.1154182e-05,-1.2049054,0.0009507013
116,2,even,1,2,0.97421414,8.241646,2.537774,0.0032470906,8.241646,0.97421414,-11.3162365,3.1244536e-09,-9.1329155,2.7731815e-08,4.4752502,0.02253874
117,2,even,1,2,1.0,21.267813,-4.1539702,9.10877e-12,21.267813,1.0,-12.903163,1.4445554e-15,-11.5277815,5.7155077e-15,-2.4143658,5.1875292e-11
118,6,even,3,6,1.0,16.93597,-5.5332046,1.7448622e-10,-4.7673726,3.7528233e-10,-5.231819,2.358584e-10,16.93597,1.0,-11.974688,2.7813833e-13
119,5,odd,4,8,0.99982613,10.144569,0.7878351,8.636671e-05,-6.941461,3.798005e-08,0.8000342,8.742679e-05,-8.61808,7.102468e-09,10.144569,0.99982613
120,6,even,3,6,0.9998311,8.908712,-4.719299,1.2060252e-06,-0.17075646,0.000113962895,-8.941244,1.7692495e-08,8.908712,0.9998311,-0.9215618,5.37889e-05
121,9,odd,4,8,0.8805269,3.08762,-2.2102015,0.0044048177,-1.5987417,0.008118607,0.879032,0.09673085,-1.3686657,0.010218859,3.08762,0.8805269
122,8,even,4,8,0.60456896,5.356827,-6.799414,3.1772959e-06,4.931564,0.39514497,-2.393484,0.00026033263,-4.8366857,2.2618293e-05,5.356827,0.60456896
123,4,even,2,4,0.99999905,12.235822,-3.953718,9.3104816e-08,-6.0666647,1.1254616e-08,12.235822,0.99999905,-4.425242,5.810204e-08,-1.7317709,8.5891725e-07
124,3,odd,0,0,0.9999225,8.511104,8.511104,0.9999225,-1.5165019,4.4160377e-05,-5.585025,7.552583e-07,-2.8626878,1.1491888e-05,-2.2514615,2.1175978e-05
125,6,even,3,6,0.9999999,13.3046875,-4.4931264,1.8642657e-08,-2.6718688,1.1520452e-07,-6.2699113,3.153987e-09,13.3046875,0.9999999,-8.398144,3.7547415e-10
126,9,odd,4,8,0.9998425,8.180275,-1.3637745,7.161495e-05,-3.1217656,1.2345764e-05,-1.3864193,7.0011454e-05,-4.3966675,3.4501259e-06,8.180275,0.9998425
127,1,odd,1,2,0.8380818,5.2983956,-2.2356288,0.000448024,5.2983956,0.8380818,-6.187544,8.610066e-06,-3.869584,8.743457e-05,3.6510057,0.1613742
128,2,even,1,2,0.9999956,11.955614,-8.759942,1.007734e-09,11.955614,0.9999956,-0.85119194,2.7420356e-06,-1.3678085,1.6357212e-06,-7.8832855,2.4214386e-09
129,4,even,2,4,1.0,14.969248,-5.0752344,1.9714763e-09,-4.618469,3.1128815e-09,14.969248,1.0,-5.29163,1.5878616e-09,-5.540474,1.2380581e-09
130,2,even,1,2,0.99999845,12.71503,-0.74336076,1.4292056e-06,12.71503,0.99999845,-6.181388,6.21426e-09,-8.47801,6.2514316e-10,-3.4023545,1.0007103e-07
131,6,even,3,6,0.9999653,9.118668,-1.4088835,2.6787226e-05,-2.9661248,5.644512e-06,-3.9729617,2.0623513e-06,9.118668,0.9999653,-5.951592,2.8513767e-07
132,7,odd,4,8,0.46591336,2.8943193,0.14135122,0.02969657,2.8215206,0.43320063,1.0156608,0.0711892,-11.534723,2.5226183e-07,2.8943193,0.46591336
133,7,odd,1,2,0.979039,4.817446,0.5267014,0.013407667,4.817446,0.979039,-0.403139,0.005290888,-6.9269147,7.767636e-06,-1.2561613,0.0022545808
134,1,odd,1,2,0.985608,4.7602215,-2.8878872,0.00047008123,4.7602215,0.985608,0.08454542,0.009185102,-3.831126,0.00018303296,-0.6170732,0.0045538098
135,8,even,0,0,0.9861335,6.371053,6.371053,0.9861335,0.73620594,0.003521703,-6.830839,1.8214889e-06,-6.6116304,2.2679217e-06,1.8133523,0.0103407325
136,1,odd,4,8,0.9602318,4.61543,-2.7863355,0.0005859091,1.3752832,0.037600905,-2.620189,0.00069181004,-2.368761,0.0008895707,4.61543,0.9602318
137,8,even,4,8,0.49245664,1.8354404,0.9344475,0.20001924,-1.372659,0.019911692,-3.682284,0.0019772004,1.2907494,0.2856352,1.8354404,0.49245664
138,8,even,4,8,0.99918634,8.3344755,-3.3773692,8.189494e-06,-1.4450642,5.6551773e-05,1.1383896,0.00074890384,-8.346032,5.6936933e-08,8.3344755,0.99918634
139,8,even,4,8,1.0,16.099226,-5.470313,4.290112e-10,-1.3501525,2.6413806e-08,-7.201831,7.594165e-11,-6.7732143,1.1658036e-10,16.099226,1.0
140,8,even,4,8,0.9999373,10.094231,0.34194997,5.8158243e-05,-2.3635113,3.8872663e-06,-7.2352633,2.9776176e-08,-4.203409,6.1742855e-07,10.094231,0.9999373
141,1,odd,4,8,0.8637734,4.176325,-4.147789,0.0002095478,2.3049328,0.13294275,-2.2546308,0.0013914615,-2.06452,0.0016828113,4.176325,0.8637734
142,0,even,0,0,0.99999785,11.839981,11.839981,0.99999785,-1.210563,2.1489184e-06,-5.0745573,4.509288e-08,-4.948404,5.1155926e-08,-6.383085,1.2184899e-08
143,3,odd,3,6,0.69253933,2.4842167,-1.7336674,0.010200951,-4.2545667,0.0008200268,0.59077245,0.10426345,2.4842167,0.69253933,1.2022644,0.19217622
144,9,odd,2,4,0.9997744,8.567678,-4.2121496,2.8163927e-06,-0.31861934,0.00013823937,8.567678,0.9997744,-7.030643,1.6812677e-07,-0.8128115,8.4334795e-05
145,8,even,4,8,0.99998116,11.9413395,-4.221582,9.561455e-08,1.0497036,1.8612918e-05,-8.966867,8.311376e-10,-3.57325,1.8284847e-07,11.9413395,0.99998116
146,4,even,2,4,0.9999999,13.734754,-4.455306,1.2593818e-08,-2.49713,8.924468e-08,13.734754,0.9999999,-4.079442,1.8339737e-08,-7.71436,4.8391396e-10
147,9,odd,2,4,0.9447476,4.2631993,0.62343085,0.024807578,-2.9453564,0.0006993263,4.2631993,0.9447476,-6.2336507,2.6097068e-05,0.8040783,0.029719306
148,3,odd,4,8,0.97966754,5.0670996,0.5392229,0.010583926,0.43221083,0.009509817,-3.7757409,0.00014147574,-4.150439,9.726408e-05,5.0670996,0.97966754
149,7,odd,1,2,0.97826767,5.394046,-1.7833604,0.0007470501,5.394046,0.97826767,0.8266128,0.010158904,-9.625965,2.933255e-07,0.8902179,0.010826049
150,4,even,2,4,0.9999962,10.798188,-3.5028465,6.153721e-07,-2.0261352,2.6944206e-06,10.798188,0.9999962,-3.9218915,4.047148e-07,-5.312521,1.007409e-07
151,6,even,3,6,0.9999999,12.559902,-4.8348203,2.7897684e-08,-3.2796118,1.3212546e-07,-5.9849977,8.83187e-09,12.559902,0.9999999,-4.950721,2.4844631e-08
152,1,odd,4,8,0.991627,5.005492,-3.3084939,0.00024301338,-0.5324076,0.0039018355,-0.6245776,0.00355828,-2.2945428,0.00066985906,5.005492,0.991627
153,0,even,0,0,0.9999734,9.506144,9.506144,0.9999734,-1.5801966,1.5319767e-05,-5.3245125,3.6234005e-07,-4.801423,6.113518e-07,-1.9805771,1.0265235e-05
154,6,even,3,6,0.99999964,12.593605,-4.2095933,5.040385e-08,-2.5718606,2.592519e-07,-5.656147,1.1864056e-08,12.593605,0.99999964,-7.6704473,1.5828265e-09
155,0,even,0,0,0.9999809,11.746795,11.746795,0.9999809,0.8724172,1.8936933e-05,-8.54326,1.542173e-09,-4.2210054,1.1621554e-07,-5.770578,2.4677073e-08
156,0,even,0,0,1.0,15.640581,15.640581,1.0,-3.0448997,7.673599e-09,-7.897753,5.990064e-11,-3.6138973,4.3439643e-09,-8.38039,3.6967894e-11
157,6,even,3,6,0.9999999,13.948904,-4.6661887,8.233181e-09,-2.5730712,6.677249e-08,-6.221543,1.7381465e-09,13.948904,0.9999999,-9.344428,7.653054e-11
158,3,odd,4,8,0.9985526,8.835529,-4.7182674,1.2972743e-06,2.043372,0.00112092,0.80584866,0.00032518097,-11.799807,1.0903312e-09,8.835529,0.9985526
159,2,even,1,2,0.99999785,15.210343,-0.30068794,1.8350327e-07,15.210343,0.99999785,-15.756772,3.5575553e-14,-8.890568,3.412768e-11,2.0320861,1.8912754e-06
160,5,odd,4,8,0.966685,5.230107,-1.6647456,0.0009792385,-3.7621133,0.00012023018,-3.4637191,0.00016203335,1.8236427,0.03205357,5.230107,0.966685
161,7,odd,2,4,0.9005931,6.0017424,-1.3527946,0.00057609455,3.7791219,0.09755664,6.0017424,0.9005931,-13.718077,2.4565203e-09,-0.5590078,0.001274181
162,4,even,2,4,1.0,15.254356,-5.120912,1.4162278e-09,-6.709561,2.8919592e-10,15.254356,1.0,-5.1193147,1.4184932e-09,-3.597599,6.496804e-09
163,1,odd,4,8,0.7107553,4.3826494,-1.2682366,0.0024978796,3.474379,0.28659147,-4.5797625,9.1073925e-05,-4.928838,6.423808e-05,4.3826494,0.7107553
164,6,even,3,6,0.99999845,12.474895,-1.0324494,1.360925e-06,-5.8715243,1.0770876e-08,-3.3695884,1.3147041e-07,12.474895,0.99999845,-9.190519,3.897894e-10
165,6,even,3,6,0.99999917,12.134293,-3.9646823,1.0193045e-07,-2.410166,4.8241594e-07,-3.2929766,1.9953626e-07,12.134293,0.99999917,-10.459471,1.5404689e-10
166,1,odd,4,8,0.95110464,4.615629,-3.454725,0.00029738422,1.602165,0.046719417,-2.6364934,0.00067401776,-2.0558977,0.0012045392,4.615629,0.95110464
167,7,odd,2,4,0.9992526,9.785136,2.565604,0.0007315978,-6.6240563,7.468842e-08,9.785136,0.9992526,-9.853952,2.9547986e-09,-1.2765902,1.56902e-05
168,0,even,0,0,1.0,24.86005,24.86005,1.0,-6.341615,2.8137706e-14,-15.07306,4.5422497e-18,-3.3190198,5.7807687e-13,-12.96927,3.723364e-17
169,2,even,1,2,0.9999913,12.615281,-6.359321,5.7468696e-09,12.615281,0.9999913,0.96836656,8.74592e-06,-5.3442616,1.585863e-08,-7.6922054,1.5155367e-09
170,6,even,3,6,0.9988651,6.425807,-0.6564282,0.0008389403,-3.8978832,3.2808402e-05,-2.3088708,0.0001607253,6.425807,0.9988651,-2.759527,0.00010241579
171,2,even,1,2,1.0,24.121473,-9.124586,3.6426703e-15,24.121473,1.0,-14.894004,1.1370877e-17,-8.322418,8.12449e-15,-3.2591598,1.2845247e-12
172,5,odd,4,8,0.98757243,5.8551655,1.0757716,0.0082966825,-4.4409885,3.334311e-05,0.36582375,0.004079229,-5.041763,1.8284914e-05,5.8551655,0.98757243
173,1,odd,4,8,0.9977773,6.3870425,-1.8672781,0.0002595541,0.09243796,0.0018421351,-3.539029,4.877482e-05,-3.1462264,7.224164e-05,6.3870425,0.9977773
174,7,odd,1,2,0.989451,6.1093316,-2.6641698,0.0001531479,6.1093316,0.989451,-1.02067,0.00079227134,-7.684189,1.0114506e-06,1.4742068,0.00960252
175,1,odd,4,8,0.7355642,4.3628063,-2.6934109,0.0006340805,3.3357387,0.2633727,-4.0936475,0.00015632542,-3.5371933,0.00027270574,4.3628063,0.7355642
176,4,even,2,4,1.0,16.883554,-3.666184,1.1894938e-09,-2.563758,3.5821188e-09,16.883554,1.0,-5.0837317,2.8822342e-10,-11.549227,4.4853878e-13
177,6,even,3,6,0.99717355,6.1990905,-3.1574922,8.615064e-05,0.25690052,0.0026188486,-4.5813465,2.0743702e-05,6.1990905,0.99717355,-3.0011134,0.000100733276
178,8,even,1,2,0.82982975,7.451921,-2.9383712,2.550013e-05,7.451921,0.82982975,-8.318828,1.1744651e-07,-6.6818295,6.0364135e-07,5.867346,0.17014405
179,5,odd,4,8,0.999925,9.640438,-3.3711727,2.2340691e-06,0.0900613,7.11691e-05,-4.586583,6.625988e-07,-4.3175273,8.671613e-07,9.640438,0.999925
180,6,even,3,6,1.0,16.303036,-4.3349824,1.0889872e-09,-6.0678897,1.9249982e-10,-2.4634798,7.0762924e-09,16.303036,1.0,-13.262722,1.4446231e-13
181,6,even,3,6,0.99721706,5.6540103,-1.7447578,0.00061030313,-2.3605852,0.00032968205,-3.8628376,7.33965e-05,5.6540103,0.99721706,-0.68023884,0.0017695398
182,4,even,2,4,1.0,17.636189,-5.51451,8.826304e-11,-4.035065,3.8752018e-10,17.636189,1.0,-3.6256084,5.836049e-10,-11.138902,3.185206e-13
183,0,even,0,0,1.0,17.790789,17.790789,1.0,-7.3894005,1.1597992e-11,-4.6118097,1.8649823e-10,-3.7447143,4.438638e-10,-11.111696,2.8042087e-13
184,4,even,2,4,0.9994066,7.1720033,-2.62197,5.5753713e-05,-1.6789067,0.00014316628,7.1720033,0.9994066,-0.68429273,0.00038707594,-4.647461,7.355536e-06
185,8,even,4,8,0.99999785,11.6258545,-3.5850136,2.4774397e-07,-1.867314,1.3803534e-06,-6.3432817,1.5707345e-08,-2.9532857,4.6597128e-07,11.6258545,0.99999785
186,7,odd,1,2,0.82851195,4.5265,-0.7724719,0.004139848,4.5265,0.82851195,-0.22167562,0.0071811224,-10.693181,2.0345828e-07,2.883085,0.16016683
187,4,even,2,4,0.99999976,12.416001,-4.0802317,6.851363e-08,-4.678809,3.7654598e-08,12.416001,0.99999976,-4.249668,5.7835173e-08,-3.5566325,1.1565738e-07
188,6,even,3,6,0.999759,7.4043627,-2.6210303,4.4250955e-05,-1.2730834,0.00017034455,-3.531907,1.7796465e-05,7.4043627,0.999759,-4.263092,8.5661195e-06
189,3,odd,1,2,0.9994808,8.260093,-3.1074295,1.1559052e-05,8.260093,0.9994808,0.6390318,0.0004897673,-6.8125696,2.8431538e-07,-2.683811,1.7656204e-05
190,3,odd,0,0,0.6618964,2.6267912,2.6267912,0.6618964,-1.4295005,0.011459481,1.8055655,0.29116303,-4.7543454,0.0004122902,-0.31100568,0.035068814
191,1,odd,4,8,0.9981134,6.981078,-3.3828876,3.1489562e-05,0.17822137,0.0011085025,-5.502737,3.7803138e-06,-0.22202009,0.000742872,6.981078,0.9981134
192,0,even,0,0,0.9999999,13.165262,13.165262,0.9999999,-2.540552,1.510259e-07,-8.378369,4.4027013e-10,-3.862752,4.025566e-08,-4.6317368,1.8657847e-08
193,5,odd,4,8,0.99978024,7.594394,-2.1952634,5.6015764e-05,-1.5803509,0.00010360082,-2.7835686,3.110373e-05,-2.8528337,2.9022263e-05,7.594394,0.99978024
194,9,odd,2,4,0.99981946,8.296578,-2.4631798,2.1233327e-05,-3.9743035,4.685386e-06,8.296578,0.99981946,-4.2516627,3.5505032e-06,-0.5009339,0.00015108127
195,6,even,3,6,0.99954826,8.197356,-4.622259,2.7059239e-06,0.4604823,0.00043623653,-6.8110075,3.0321746e-07,8.197356,0.99954826,-3.0955162,1.2455798e-05
196,7,odd,4,8,0.95195454,6.7138233,-3.173402,4.837811e-05,3.701989,0.046837438,0.0034161843,0.0011596405,-11.950091,7.464169e-09,6.7138233,0.95195454
197,2,even,2,4,0.99858546,6.683268,-0.4594568,0.00078947644,-0.7837923,0.00057079754,6.683268,0.99858546,-4.0563064,2.1639504e-05,-3.6468792,3.2588137e-05
198,5,odd,2,4,0.94521123,4.3516684,-1.8901716,0.0018396375,-4.038074,0.00021473868,4.3516684,0.94521123,-1.3333198,0.0032104796,1.4027137,0.049523827
199,9,odd,2,4,0.9994677,10.791501,-5.322377,1.0036917e-07,-6.599339,2.7991273e-08,10.791501,0.9994677,-6.3490305,3.5952617e-08,3.2534971,0.0005321759
200,8,even,4,8,0.9999709,10.056729,-4.0793943,7.256828e-07,-0.72050637,2.0868596e-05,-6.2677,8.135385e-08,-1.7569674,7.402255e-06,10.056729,0.9999709
201,5,odd,4,8,0.9999982,14.671097,-3.1274166,1.862958e-08,1.4115374,1.7435952e-06,-5.5480223,1.6555677e-09,-12.862333,1.1025098e-12,14.671097,0.9999982
202,7,odd,1,2,0.525584,3.206116,3.0372474,0.44391873,3.206116,0.525584,-0.26588166,0.016321974,-9.641302,1.3838196e-06,-0.40699205,0.014173896
203,2,even,1,2,0.9999931,10.465183,-4.405988,3.479598e-07,10.465183,0.9999931,-6.6252046,3.7821266e-08,-1.961887,4.008564e-06,-2.4362442,2.4944702e-06
204,1,odd,1,2,0.7599942,4.121387,-1.5164875,0.0027059044,4.121387,0.7599942,-6.390972,2.0670477e-05,-1.7521875,0.002137713,2.9482636,0.2351415
205,9,odd,2,4,0.9996313,7.9014797,-0.62582785,0.00019791434,-2.426776,3.2684013e-05,7.9014797,0.9996313,-7.2597623,2.6025336e-07,-0.98756856,0.00013783995
206,6,even,3,6,0.9999492,8.675911,-1.4922022,3.8372727e-05,-3.6758435,4.321945e-06,-4.685617,1.57449e-06,8.675911,0.9999492,-3.2596555,6.5528093e-06
207,0,even,0,0,1.0,16.292236,16.292236,1.0,-2.851125,4.854489e-09,-11.530069,8.2589746e-13,-3.411115,2.7729559e-09,-6.997287,7.682246e-11
208,1,odd,2,4,0.9998498,7.9320292,-1.4951084,8.049725e-05,-3.7092903,8.793749e-06,7.9320292,0.9998498,-3.163834,1.5172689e-05,-2.059833,4.5764013e-05
209,9,odd,4,8,0.9808141,6.31993,-3.6461341,4.6065936e-05,-2.8514197,0.000101981226,2.3773587,0.019026099,-5.011262,1.1762851e-05,6.31993,0.9808141
210,4,even,2,4,0.99999905,11.773852,-3.5711725,2.1664061e-07,-4.665899,7.249476e-08,11.773852,0.99999905,-2.603015,5.70434e-07,-4.728959,6.806434e-08
211,7,odd,1,2,0.9999999,15.206503,-1.9930921,3.3908687e-08,15.206503,0.9999999,-5.0306244,1.626025e-09,-13.607516,3.0635913e-13,-1.3983847,6.145952e-08
212,2,even,1,2,0.9999999,16.612108,-3.0950768,2.762345e-09,16.612108,0.9999999,-14.950604,1.9610451e-14,-7.426062,3.6337534e-11,0.75225574,1.294653e-07
213,3,odd,0,0,0.5675683,3.3575566,3.3575566,0.5675683,-4.774713,0.00016680852,-0.8157569,0.0087412,-3.262559,0.00075672584,3.063017,0.42276704
214,7,odd,2,4,0.9999435,9.413814,-0.8426129,3.5129007e-05,-4.0552354,1.4139745e-06,9.413814,0.9999435,-6.7255807,9.788708e-08,-1.4159769,1.9799645e-05
215,2,even,1,2,1.0,23.93332,-5.4584465,1.7191682e-13,23.93332,1.0,-11.621946,3.618625e-16,-14.195738,2.7590537e-17,-2.973527,2.0630305e-12
216,2,even,1,2,1.0,21.01649,-9.833335,4.0002805e-14,21.01649,1.0,-1.3428937,1.9473441e-10,-7.8689594,2.852386e-13,-11.6080265,6.781898e-15
217,2,even,1,2,1.0,17.205503,-5.58317,1.2676661e-10,17.205503,1.0,-6.3307257,6.002691e-11,-8.5672455,6.412647e-12,-4.245214,4.831384e-10
218,3,odd,1,2,0.99762136,9.796433,-1.119229,1.8128156e-05,9.796433,0.99762136,-8.769393,8.6283904e-09,-8.868181,7.816749e-09,3.749982,0.0023606152
219,1,odd,1,2,0.99999905,12.117262,-3.0965042,2.470273e-07,12.117262,0.99999905,-8.762857,8.548285e-10,-4.048481,9.534691e-08,-2.2094235,5.997902e-07
220,2,even,1,2,0.9999958,13.054392,-7.011008,1.9306612e-09,13.054392,0.9999958,-10.352252,6.8331715e-11,0.6803865,4.2270362e-06,-4.4681745,2.4549607e-08
221,9,odd,2,4,0.9998776,8.167318,-2.0290182,3.730217e-05,-2.1641657,3.25867e-05,8.167318,0.9998776,-5.1244893,1.6880617e-06,-1.7183787,5.0891234e-05
222,4,even,2,4,0.99994564,8.612777,-4.9178524,1.329532e-06,-2.0788105,2.2734162e-05,8.612777,0.99994564,-2.548758,1.4209645e-05,-2.4243968,1.6091366e-05
223,1,odd,4,8,0.9006091,3.4511628,-1.2957438,0.007815934,0.86834866,0.06805098,-4.2601733,0.00040322327,-0.21117848,0.023120737,3.4511628,0.9006091
224,4,even,2,4,1.0,14.429381,-4.273684,7.539833e-09,-3.9106882,1.0839502e-08,14.429381,1.0,-5.144559,3.1560634e-09,-6.0126405,1.3247761e-09
225,6,even,3,6,1.0,14.97028,-4.7601585,2.698855e-09,-4.318459,4.1976613e-09,-6.6972055,3.8898346e-10,14.97028,1.0,-8.009112,1.047554e-10
226,8,even,4,8,0.9999269,8.629391,-2.410147,1.6053069e-05,-1.7325921,3.160942e-05,-4.721941,1.5905913e-06,-2.0161207,2.3805718e-05,8.629391,0.9999269
227,4,even,2,4,0.99984884,7.9724674,-2.8098948,2.0759366e-05,-3.5191865,1.0213456e-05,7.9724674,0.99984884,-3.135669,1.49876005e-05,-1.1879572,0.00010510241
228,5,odd,0,0,0.60341394,2.6450875,2.6450875,0.60341394,1.2217933,0.14537393,-4.2870994,0.00058885006,-3.5260382,0.0012604616,1.761393,0.24936278
229,2,even,2,4,0.99944085,11.518428,-5.219043,5.379798e-08,4.0288463,0.0005585642,11.518428,0.99944085,-3.0896597,4.5242365e-07,-12.804008,2.7331136e-11
230,5,odd,3,6,0.57210416,2.8999472,2.50399,0.38504636,-5.3798685,0.00014507642,0.27442276,0.041421354,2.8999472,0.57210416,-3.200129,0.0012830562
231,0,even,0,0,0.99800724,6.899323,6.899323,0.99800724,-1.751656,0.00017460682,0.56605285,0.0017726764,-3.1286604,4.4059107e-05,-6.5513964,1.4373425e-06
232,7,odd,2,4,0.71764547,1.9278705,-0.19779131,0.08565381,0.055545278,0.110349275,1.9278705,0.71764547,-2.5052962,0.008523348,-0.2936026,0.077828094
233,9,odd,2,4,0.9995647,7.299837,-3.437898,2.1700609e-05,-1.7946712,0.000112231864,7.299837,0.9995647,-4.1477785,1.0670251e-05,-0.84303397,0.00029067456
234,1,odd,4,8,0.9987852,6.9300704,-1.6648952,0.00018481012,0.0008699354,0.0009775938,-4.274494,1.359538e-05,-3.22579,3.880054e-05,6.9300704,0.9987852
235,3,odd,1,2,0.9988048,8.502888,1.7701104,0.0011897959,8.502888,0.9988048,-5.604118,7.4625234e-07,-5.3068824,1.0045543e-06,-3.9944406,3.7321588e-06
236,3,odd,4,8,0.8829009,5.203603,-2.0012906,0.0006559437,3.174904,0.11610723,-2.6888664,0.00032980405,-6.671969,6.143509e-06,5.203603,0.8829009
237,4,even,2,4,1.0,15.787333,-4.332656,1.8281022e-09,-4.4317546,1.6556244e-09,15.787333,1.0,-4.3311296,1.8308937e-09,-8.006769,4.638237e-11
238,2,even,1,2,0.9999683,11.799027,0.98836625,2.0182533e-05,11.799027,0.9999683,-13.8077345,7.57026e-12,-5.773293,2.3357385e-08,0.4351818,1.1607285e-05
239,0,even,0,0,0.9999999,15.997904,15.997904,0.9999999,-7.271743,7.8364835e-11,-7.147609,8.872195e-11,-0.18569085,9.366006e-08,-9.940165,5.435506e-12
240,4,even,2,4,1.0,13.966164,-4.776653,7.2459945e-09,-3.837931,1.8525933e-08,13.966164,1.0,-4.797964,7.093211e-09,-5.5401573,3.376855e-09
241,2,even,1,2,0.9999223,9.942181,-3.2722864,1.8238795e-06,9.942181,0.9999223,-6.0343437,1.1519931e-07,-5.515734,1.9349928e-07,0.45211947,7.5593634e-05
242,0,even,0,0,0.99985373,12.4068165,12.4068165,0.99985373,-7.5288854,2.1977151e-09,-6.6704664,5.1853513e-09,3.5766525,0.00014623288,-9.858986,2.1380674e-10
243,5,odd,3,6,0.77406776,4.9344373,-0.5799302,0.0031183118,-2.8384879,0.00032586697,-8.557626,1.069671e-06,4.9344373,0.77406776,3.6876466,0.22248702
244,3,odd,1,2,0.79896796,4.39478,2.9823468,0.19458857,4.39478,0.79896796,-9.90471,4.9242465e-07,-0.926002,0.0039060968,-1.3576005,0.0025368938
245,5,odd,4,8,0.896693,5.499283,0.927547,0.009271801,3.2348888,0.09316011,-12.828663,9.8382555e-09,-1.4328231,0.00087512156,5.499283,0.896693
246,1,odd,4,8,0.98792344,4.7588434,-2.8096998,0.00051020726,-0.036526464,0.00816809,-1.2576852,0.0024086745,-2.1472676,0.0009895494,4.7588434,0.98792344
247,9,odd,0,0,0.9999933,11.428348,11.428348,0.9999933,-4.86359,8.404247e-08,-1.9442382,1.5572456e-06,-0.7806404,4.9854107e-06,-10.22632,3.9399864e-10
248,0,even,0,0,0.99999666,11.907005,11.907005,0.99999666,-0.72222054,3.2748808e-06,-6.3238416,1.2090453e-08,-4.2680645,9.4461534e-08,-6.434705,1.0821699e-08
249,0,even,0,0,0.99999833,13.200792,13.200792,0.99999833,-6.1038814,4.131291e-09,-4.2884393,2.5381818e-08,-0.12589055,1.6304007e-06,-9.548241,1.3189241e-10
250,7,odd,2,4,0.59866256,4.2514,3.8450196,0.39874324,-1.3628863,0.0021823705,4.2514,0.59866256,-7.151132,6.685364e-06,-3.0468938,0.00040511024
251,7,odd,1,2,0.39622626,2.0039437,0.1755242,0.06366061,2.0039437,0.39622626,1.5783684,0.25889176,-8.984181,6.6967064e-06,1.6610767,0.28121465
252,6,even,3,6,0.9999995,11.867752,-3.4865372,2.1464302e-07,-4.0284514,1.2484355e-07,-3.834501,1.5156462e-07,11.867752,0.9999995,-7.2742805,4.860944e-09
253,8,even,4,8,0.9999789,9.581349,-2.6543188,4.8540883e-06,-2.850914,3.987746e-06,-1.7616351,1.1852102e-05,-5.0613585,4.372639e-07,9.581349,0.9999789
254,8,even,4,8,0.9999994,12.811779,-4.4179993,3.290047e-08,-2.115754,3.2889287e-07,-7.401408,1.6654195e-09,-2.23641,2.9151053e-07,12.811779,0.9999994
255,7,odd,4,8,0.6651088,2.679913,-0.30070445,0.033761904,1.5530725,0.21553214,0.6293415,0.0855738,-7.574672,2.3409e-05,2.679913,0.6651088
256,0,even,0,0,0.9999988,14.043267,14.043267,0.9999988,0.4335702,1.2285223e-06,-8.558833,1.5276787e-10,-6.914433,7.9101675e-10,-5.3807383,3.666579e-09
257,2,even,1,2,1.0,18.026196,-5.1783996,8.3631935e-11,18.026196,1.0,-6.343937,2.6072696e-11,-11.353475,1.7400903e-13,-2.9487002,7.7753265e-10
258,7,odd,1,2,0.9695534,6.1900496,-0.7206022,0.00096674927,6.1900496,0.9695534,2.6603384,0.028420886,-13.206697,3.6531822e-09,-0.62937766,0.0010590879
259,1,odd,1,2,0.9068033,4.272857,-2.068993,0.0015969176,4.272857,0.9068033,-3.301586,0.00046555864,-3.3552108,0.00044125057,1.9704107,0.09069291
260,0,even,0,0,1.0,14.984215,14.984215,1.0,-5.8162093,9.257429e-10,-7.8334894,1.231395e-10,-1.6782624,5.8020035e-08,-7.3836646,1.9308709e-10
261,2,even,1,2,1.0,23.120035,-5.8621917,2.5892775e-13,23.120035,1.0,-19.692375,2.551569e-19,-7.6059604,4.527615e-14,-1.4545373,2.1251969e-11
262,2,even,1,2,0.9620156,7.916862,-5.187106,1.9597528e-06,7.916862,0.9620156,4.684839,0.037978012,-4.425406,4.1976214e-06,-7.7946863,1.4445867e-07
263,9,odd,2,4,0.9919287,9.375851,-3.5473397,2.4210865e-06,4.564181,0.008068611,9.375851,0.9919287,-10.445307,2.4449003e-09,-6.0912294,1.9020105e-07
264,4,even,2,4,0.99989843,8.940626,-4.127586,2.1110734e-06,-1.6042207,2.632614e-05,8.940626,0.99989843,-0.5889275,7.266469e-05,-6.008116,3.219584e-07
265,6,even,3,6,0.99999976,13.1983185,-4.9406743,1.3253653e-08,-2.0584486,2.3663014e-07,-5.5842137,6.9638597e-09,13.1983185,0.99999976,-8.962034,2.3761892e-10
266,5,odd,4,8,0.9932394,5.56366,0.29381967,0.005109653,-1.2903147,0.0010481188,-4.9000835,2.8360115e-05,-1.8915612,0.0005745033,5.56366,0.9932394
267,8,even,4,8,0.9999999,15.599777,-5.151862,9.720242e-10,-0.72418684,8.1394084e-08,-7.5810156,8.564641e-11,-6.752653,1.9609331e-10,15.599777,0.9999999
268,2,even,1,2,0.99999917,11.5467415,-5.9333873,2.5613915e-08,11.5467415,0.99999917,-4.0583897,1.6702339e-07,-3.2218635,3.855457e-07,-3.2572088,3.721566e-07
269,5,odd,0,0,0.5403099,2.1182034,2.1182034,0.5403099,0.07966794,0.07035878,-7.047647,5.6489087e-05,1.222038,0.2205176,0.9545219,0.16875724
270,2,even,1,2,0.9990669,11.933073,-4.199831,9.843813e-08,11.933073,0.9990669,-11.892131,4.4920064e-11,-6.636105,8.611984e-09,4.956864,0.00093296514
271,6,even,3,6,0.99998105,9.41489,-1.792388,1.3574776e-05,-3.449111,2.589566e-06,-3.400874,2.7175402e-06,9.41489,0.99998105,-6.2268925,1.6100962e-07
272,9,odd,2,4,0.99999917,12.319941,-2.3882375,4.0956166e-07,-4.4930997,4.991019e-08,12.319941,0.99999917,-7.1617055,3.461214e-09,-2.5014148,3.6573502e-07
273,8,even,4,8,0.9997985,10.760151,-3.9907572,3.923508e-07,-5.174828,1.200713e-07,2.2483153,0.00020103397,-7.829557,8.443155e-09,10.760151,0.9997985
274,5,odd,2,4,0.99069136,6.124896,-0.89571965,0.00088496035,-9.90291,1.0843037e-07,6.124896,0.99069136,0.8735065,0.0051914523,0.39962426,0.0032320977
275,7,odd,2,4,0.981043,6.33046,-3.2513654,6.766346e-05,2.1354492,0.014784881,6.33046,0.981043,-10.586876,4.4114618e-08,0.8539119,0.004104435
276,0,even,0,0,0.999992,14.101507,14.101507,0.999992,2.36444,7.9919555e-06,-5.9481983,1.9611917e-09,-8.558881,1.4411682e-10,-10.765443,1.5864155e-11
277,7,odd,4,8,0.74971604,4.7675304,-3.2183268,0.00025508399,3.65286,0.24592437,-0.4404744,0.004102882,-8.252863,1.6603965e-06,4.7675304,0.74971604
278,0,even,0,0,1.0,21.061632,21.061632,1.0,-5.677246,2.4403535e-12,-11.003095,1.1870408e-14,-3.555491,2.0366644e-11,-11.042601,1.14106095e-14
279,6,even,3,6,0.5641583,2.1913862,-1.2471457,0.018116137,0.2256883,0.07901494,1.680385,0.3384356,2.1913862,0.5641583,-5.4350038,0.0002749805
280,5,odd,4,8,0.9993498,7.038533,-0.76834464,0.0004066619,-1.6402602,0.00017004569,-2.7226517,5.7608802e-05,-4.0121775,1.586554e-05,7.038533,0.9993498
281,4,even,2,4,0.9999969,11.216079,-2.7052927,8.99547e-07,-2.293473,1.3579216e-06,11.216079,0.9999969,-2.7334082,8.7460813e-07,-7.4054775,8.180124e-09
282,5,odd,4,8,0.50582176,2.9331625,-2.1597512,0.003105798,-2.1166265,0.0032426647,-3.5984395,0.0007368156,2.8954332,0.48709297,2.9331625,0.50582176
283,2,even,1,2,1.0,13.408214,-6.586018,2.0730764e-09,13.408214,1.0,-4.569023,1.5580625e-08,-4.090207,2.514968e-08,-4.3094835,2.01977e-08
284,9,odd,2,4,0.9999628,10.657269,-3.6391466,6.1820083e-07,-4.6211886,2.3154423e-07,10.657269,0.9999628,-6.661197,3.010714e-08,0.43565547,3.637423e-05
285,3,odd,4,8,0.98579293,5.913314,0.068274625,0.0028531025,1.4449302,0.011302935,-4.090745,4.4573644e-05,-6.026977,6.4295923e-06,5.913314,0.98579293
286,9,odd,2,4,1.0,16.663513,-4.4925094,6.48718e-10,-3.324212,2.0866118e-09,16.663513,1.0,-6.519016,8.549788e-11,-8.542654,1.13005785e-11
287,5,odd,3,6,0.8728425,3.6292174,-1.7799802,0.00390617,-0.45427585,0.014706094,-5.3419275,0.00011087082,3.6292174,0.8728425,1.543608,0.10843443
288,1,odd,1,2,0.6642991,4.0485063,-1.7125127,0.002091149,4.0485063,0.6642991,-6.1582155,2.4526777e-05,-2.1822753,0.001307283,3.3557453,0.33227786
289,3,odd,0,0,0.999313,6.9454255,6.9454255,0.999313,-0.5814536,0.00053804595,-3.8749535,1.9974254e-05,-2.8689723,5.4621392e-05,-2.562529,7.4207754e-05
290,3,odd,0,0,0.98787826,5.717606,5.717606,0.98787826,1.0555906,0.009332883,-2.5038295,0.0002655702,-7.535135,1.7342479e-06,-0.2531056,0.0025214844
291,7,odd,1,2,0.9990657,7.6553235,-1.5764939,9.778376e-05,7.6553235,0.9990657,-3.7846386,1.0746858e-05,-6.502296,7.0960715e-07,0.55622625,0.0008250785
292,0,even,0,0,1.0,16.933403,16.933403,1.0,-3.672092,1.1249858e-09,-9.9553,2.100801e-12,-3.8272052,9.633457e-10,-8.036772,1.4308394e-11
293,6,even,3,6,0.99999416,10.263425,-2.2055573,3.844033e-06,-3.4652846,1.0906737e-06,-6.3205643,6.275711e-08,10.263425,0.99999416,-3.7342405,8.3346737e-07
294,6,even,3,6,0.947608,5.642776,-3.5293999,9.844715e-05,-2.1610587,0.00038678202,2.7382348,0.051904198,5.642776,0.947608,-7.150572,2.6335897e-06
295,3,odd,4,8,0.99981743,8.914995,-3.251763,5.199536e-06,-0.21512845,0.00010833236,-0.6655782,6.9044756e-05,-8.455973,2.856309e-08,8.914995,0.99981743
296,0,even,0,0,0.9997913,7.5358305,7.5358305,0.9997913,-2.555525,4.1427567e-05,-2.5614226,4.1183965e-05,-1.5000826,0.00011903152,-4.3424067,6.9383577e-06
297,5,odd,4,8,0.4192824,1.3348602,-1.6168032,0.021908639,-2.8648589,0.006289149,1.1085093,0.33435184,0.6815807,0.21816796,1.3348602,0.4192824
298,9,odd,2,4,0.99999905,12.459687,-3.226927,1.5395355e-07,-1.8829309,5.903094e-07,12.459687,0.99999905,-9.309557,3.5134723e-10,-3.0770776,1.7884149e-07
299,4,even,2,4,1.0,16.03213,-5.6059017,4.0061068e-10,-4.626845,1.066404e-09,16.03213,1.0,-4.70298,9.882264e-10,-6.5478973,1.5617771e-10
300,8,even,4,8,0.9999479,9.716341,-1.0686487,2.0706944e-05,-0.85475284,2.5645419e-05,-8.686857,1.0175832e-08,-2.3488696,5.7560305e-06,9.716341,0.9999479
301,9,odd,2,4,0.8381541,3.5527465,-2.0948248,0.002955389,-1.3885293,0.005989011,3.5527465,0.8381541,-3.5647483,0.0006795716,1.8468846,0.152222
302,9,odd,2,4,0.99985564,8.042861,-2.7962291,1.9614632e-05,-3.5300736,9.416195e-06,8.042861,0.99985564,-2.9926143,1.6117272e-05,-1.1751533,9.922127e-05
303,9,odd,2,4,0.9999951,13.091162,-4.243982,2.9610142e-08,0.8575815,4.864311e-06,13.091162,0.9999951,-10.413031,6.1980754e-11,-5.593464,7.680121e-09
304,5,odd,4,8,0.90410703,6.6101537,-5.176742,6.8744203e-06,-0.45237547,0.00077446614,-9.059597,1.4155779e-07,4.358256,0.095111504,6.6101537,0.90410703
305,5,odd,4,8,0.9778176,5.751985,1.9427452,0.021673346,-2.1433184,0.00036422603,-3.2698967,0.000118060394,-4.7550683,2.6736376e-05,5.751985,0.9778176
306,0,even,0,0,0.9995547,9.184797,9.184797,0.9995547,-2.1342473,1.2134117e-05,1.4368004,0.00043141402,-4.098934,1.7011997e-06,-10.479088,2.8832996e-09
307,8,even,4,8,0.9999912,11.0212555,-3.2599506,6.276928e-07,-0.71730995,7.979983e-06,-4.269635,2.2868976e-07,-5.9423094,4.293516e-08,11.0212555,0.9999912
308,3,odd,0,0,0.9897591,5.205649,5.205649,0.9897591,-0.09883169,0.0049183886,-6.917649,5.3758627e-06,-0.8736009,0.002266443,-0.576435,0.0030507196
309,2,even,1,2,1.0,24.450132,-7.607947,1.1949598e-14,24.450132,1.0,-7.3694935,1.5167433e-14,-12.403498,9.878063e-17,-8.050562,7.6758736e-15
310,2,even,1,2,0.9999982,13.014839,-1.0772306,7.583875e-07,13.014839,0.9999982,-0.6954989,1.1109007e-06,-10.452804,6.4288165e-11,-7.050371,1.9310302e-09
311,3,odd,0,0,0.99576145,6.911103,6.911103,0.99576145,1.3956596,0.004007086,-4.720569,8.84269e-06,-5.848959,2.8610873e-06,-1.5073,0.00021983127
312,6,even,3,6,0.99998546,9.463354,-2.4125233,6.9560983e-06,-2.5083315,6.320578e-06,-4.939615,5.557296e-07,9.463354,0.99998546,-4.713294,6.96873e-07
313,7,odd,1,2,0.99929416,9.711398,-2.4049668,5.4654092e-06,9.711398,0.99929416,2.4467902,0.0006993816,-11.052465,9.595384e-10,-4.0939913,1.0094595e-06
314,9,odd,2,4,0.99996877,8.9574585,-2.8533454,7.4236805e-06,-2.467337,1.0920963e-05,8.9574585,0.99996877,-4.324881,1.7042757e-06,-2.4434736,1.1184701e-05
315,8,even,4,8,0.9880653,5.357872,-2.4954865,0.00038380927,0.83302265,0.010707017,-1.8269695,0.0007489426,-3.8925314,9.492628e-05,5.357872,0.9880653
316,6,even,3,6,0.9999999,14.081576,-4.590044,7.7807e-09,-4.231704,1.1133801e-08,-2.1396298,9.020267e-08,14.081576,0.9999999,-11.90261,5.1905247e-12
317,3,odd,4,8,0.99835557,6.779089,-0.4270211,0.00074081786,-0.2886719,0.0008507376,-4.634576,1.102538e-05,-3.3001928,4.1870564e-05,6.779089,0.99835557
318,8,even,4,8,0.9961461,5.6815577,-0.8903014,0.0013938016,-0.84494776,0.0014584707,-4.4367166,4.0180206e-05,-1.2616621,0.0009614375,5.6815577,0.9961461
319,2,even,1,2,0.9999999,15.014692,-1.0110501,1.0967529e-07,15.014692,0.9999999,-9.283711,2.801153e-11,-8.5676,5.732452e-11,-3.3330848,1.0756275e-08
320,7,odd,2,4,0.99988496,9.492838,0.38972417,0.0001113058,-3.2740605,2.8533602e-06,9.492838,0.99988496,-5.5959544,2.7987917e-07,-4.8695936,5.786624e-07
321,5,odd,4,8,0.9999895,10.738543,-3.2872574,8.103413e-07,-0.9234044,8.615413e-06,-5.758518,6.845623e-08,-3.039352,1.0383211e-06,10.738543,0.9999895
322,6,even,3,6,0.99996364,9.536901,-2.4251912,6.3813636e-06,-3.6205423,1.9309848e-06,-7.6640797,3.386047e-08,9.536901,0.99996364,-0.9457417,2.801755e-05
323,4,even,2,4,0.9997023,9.576075,-3.5357902,2.0205057e-06,1.398206,0.00028071614,9.576075,0.9997023,-1.5266252,1.5067099e-05,-9.866909,3.5965841e-09
324,1,odd,4,8,0.8608763,3.8783212,-2.8919346,0.0009877703,2.0029736,0.13197379,-3.656732,0.0004597362,-1.1387554,0.005702327,3.8783212,0.8608763
325,0,even,0,0,1.0,18.815609,18.815609,1.0,-4.3070054,9.077711e-11,-7.4572983,3.8888515e-12,-5.21931,3.645583e-11,-11.160886,9.58019e-14
326,1,odd,4,8,0.86862683,3.957162,-1.4265325,0.0039877174,1.9913907,0.1216493,-5.4704895,6.989663e-05,-1.0752181,0.005666284,3.957162,0.86862683
327,1,odd,4,8,0.982392,5.2295294,-1.9995458,0.0007124219,1.1326504,0.016331755,-3.8168035,0.00011574764,-2.4632506,0.00044807725,5.2295294,0.982392
328,6,even,3,6,0.9999988,11.837154,-2.6960552,4.878729e-07,-2.5112903,5.8687965e-07,-4.4394226,8.534379e-08,11.837154,0.9999988,-9.808673,3.9749867e-10
329,9,odd,4,8,0.98898214,6.4102154,-3.5552714,4.6476413e-05,-2.0241141,0.0002148847,1.8884772,0.010750349,-5.5857306,6.1012006e-06,6.4102154,0.98898214
330,8,even,4,8,0.99999356,10.248856,-2.5862665,2.6654745e-06,-3.2350657,1.3931719e-06,-2.817394,2.1154217e-06,-4.8015504,2.9086345e-07,10.248856,0.99999356
331,1,odd,4,8,0.49972704,4.461335,-3.161086,0.00024454418,4.459824,0.49897248,-7.0292473,5.1101815e-06,-1.7032081,0.0010507654,4.461335,0.49972704
332,4,even,2,4,0.9999976,11.18083,-3.28778,5.2042907e-07,-3.1934388,5.7191755e-07,11.18083,0.9999976,-2.395938,1.2696487e-06,-5.8504667,4.0123716e-08
333,8,even,4,8,0.9882442,7.9595575,-2.434011,3.0268786e-05,3.525274,0.0117240995,-5.7482395,1.1006359e-06,-6.848265,3.6636027e-07,7.9595575,0.9882442
334,5,odd,3,6,0.85899585,4.944987,-1.021054,0.0022027872,-4.879948,4.645966e-05,-4.907564,4.5194207e-05,4.944987,0.85899585,3.1216059,0.13870968
335,0,even,0,0,0.9999275,9.94776,9.94776,0.9999275,0.36011127,6.856551e-05,-2.522288,3.8396843e-06,-6.752587,5.5859932e-08,-6.112633,1.0593238e-07
336,5,odd,4,8,0.997752,6.8830137,0.7132326,0.0020869917,-4.407298,1.2465293e-05,-3.2797499,3.849377e-05,-2.2288754,0.00011009803,6.8830137,0.997752
337,8,even,4,8,0.9999988,12.314658,-3.8298995,9.7388366e-08,-1.4879613,1.0129728e-06,-6.2622,8.5540615e-09,-4.4030733,5.490109e-08,12.314658,0.9999988
338,7,odd,1,2,0.9946626,9.078487,-1.5412823,2.4297871e-05,9.078487,0.9946626,-3.5391934,3.2952375e-06,-13.713821,1.2563245e-10,3.845632,0.005309768
339,6,even,3,6,0.99968827,7.5685763,-1.419386,0.00012486536,-2.6877272,3.512436e-05,-6.4700403,7.9978093e-07,7.5685763,0.99968827,-1.2291144,0.0001510345
340,1,odd,4,8,0.9965718,6.545301,-2.2127354,0.00015665404,0.47085935,0.002293043,-6.589959,1.9676045e-06,-0.38277894,0.00097652106,6.545301,0.9965718
341,6,even,3,6,0.9999685,10.918613,-1.4260468,4.3528003e-06,-6.6034093,2.4562285e-08,0.4030394,2.7110054e-05,10.918613,0.9999685,-10.239058,6.4762945e-10
342,2,even,1,2,0.9999968,12.306919,-3.5222251,1.3350223e-07,12.306919,0.9999968,-4.664703,4.2590873e-08,-8.845378,6.511369e-10,-0.35851103,3.158437e-06
343,1,odd,4,8,0.98937374,4.60546,-2.5046275,0.0008081439,-1.2014388,0.002974789,-0.8566014,0.00419969,-1.319445,0.0026436667,4.60546,0.98937374
344,5,odd,4,8,0.9974899,6.785281,-1.4600763,0.00026181544,0.35488445,0.0016077657,-7.085458,9.438938e-07,-0.56696033,0.0006395442,6.785281,0.9974899
345,9,odd,2,4,0.9999937,10.606656,-3.6705973,6.301806e-07,-4.045561,4.3313204e-07,10.606656,0.9999937,-4.887733,1.8658201e-07,-1.6060417,4.9669516e-06
346,1,odd,4,8,0.99397814,6.0363874,-3.4724538,7.374617e-05,0.7634136,0.005097454,-4.160275,3.706998e-05,-1.0715715,0.0008136349,6.0363874,0.99397814
347,7,odd,1,2,0.99218094,9.139995,-1.9521667,1.51121585e-05,9.139995,0.99218094,-4.898941,7.935212e-07,-12.182222,5.4509236e-10,4.294615,0.0078031356
348,0,even,0,0,0.9999958,11.950423,11.950423,0.9999958,-0.44987863,4.117328e-06,-5.6637745,2.2400087e-08,-5.56181,2.480457e-08,-5.5917053,2.407399e-08
349,3,odd,0,0,0.49620914,4.504785,4.504785,0.49620914,3.5841696,0.19762713,-6.5965567,7.4888226e-06,-10.33531,1.7811197e-07,4.0218825,0.3061561
350,3,odd,4,8,0.58873665,4.444266,2.182525,0.06132809,3.923918,0.34989432,-8.9915905,8.606032e-07,-5.1505218,4.008277e-05,4.444266,0.58873665
351,7,odd,2,4,0.99405175,5.630596,-1.6500199,0.0006846644,-0.4261033,0.0023281872,5.630596,0.99405175,-5.8953557,9.811873e-06,-0.19772957,0.0029254945
352,5,odd,4,8,0.9999969,11.37435,-1.9238985,1.6774236e-06,-2.194741,1.2794325e-06,-5.0267286,7.535313e-08,-5.8383784,3.3466144e-08,11.37435,0.9999969
353,6,even,3,6,0.9999925,10.254809,-1.7882193,5.8853966e-06,-3.2804365,1.3234702e-06,-5.836294,1.02735285e-07,10.254809,0.9999925,-5.241101,1.8629802e-07
354,6,even,3,6,1.0,19.667252,-4.0632195,4.942965e-11,-7.5546594,1.5054784e-12,-2.401975,2.6028935e-10,19.667252,1.0,-18.597872,2.408069e-17
355,7,odd,1,2,0.9994797,8.600782,-2.1309912,2.1828504e-05,8.600782,0.9994797,-3.7278438,4.420989e-06,-8.124701,5.444889e-08,0.98852795,0.0004940988
356,0,even,0,0,0.99984634,11.343244,11.343244,0.99984634,-5.9112406,3.2092682e-08,-5.609107,4.341311e-08,2.5624554,0.00015363329,-9.667182,7.502765e-10
357,5,odd,0,0,0.7920455,2.8769114,2.8769114,0.7920455,-1.4293782,0.010679533,-5.131635,0.00026344042,0.86953336,0.10640373,0.7088335,0.090607844
358,0,even,0,0,0.99999714,13.357624,13.357624,0.99999714,0.577696,2.816738e-06,-9.217313,1.5697434e-10,-5.5470195,6.163341e-09,-6.159122,3.3418228e-09
359,4,even,2,4,0.99999857,11.990401,-4.023987,1.1092734e-07,-3.373183,2.1265686e-07,11.990401,0.99999857,-1.7543308,1.073342e-06,-6.9293766,6.070782e-09
360,1,odd,4,8,0.99790704,5.9172087,-3.1740487,0.00011241061,-1.2295887,0.00078573386,-1.8534193,0.00042106505,-1.2449135,0.0007737843,5.9172087,0.99790704
361,2,even,1,2,0.9968823,6.162624,-1.5662043,0.00043858757,6.162624,0.9968823,0.19611685,0.0025551878,-3.038369,0.00010062446,-4.5044594,2.322674e-05
362,5,odd,4,8,0.99979657,10.103252,1.599291,0.00020262269,-5.0922265,2.5153545e-07,-6.405769,6.762925e-08,-4.510638,4.4996585e-07,10.103252,0.99979657
363,5,odd,4,8,0.916842,3.9328592,1.0974169,0.053811803,-1.7501663,0.0031202394,-5.7144346,5.9228114e-05,0.37641254,0.026166724,3.9328592,0.916842
364,9,odd,2,4,0.9998235,10.0621,-2.0554743,5.4616953e-06,-5.716359,1.4041886e-07,10.0621,0.9998235,-7.474687,2.419878e-08,1.3876542,0.00017086742
365,4,even,2,4,1.0,16.905481,-5.151742,2.6343241e-10,-6.6975284,5.614912e-11,16.905481,1.0,-6.0026164,1.1249659e-10,-4.9971457,3.074754e-10
366,5,odd,4,8,0.91922474,3.3544512,0.6815797,0.063475825,-1.939666,0.00461547,-1.9048759,0.004778868,-1.4015747,0.007905073,3.3544512,0.91922474
367,1,odd,1,2,0.63731194,3.1206346,-1.2392746,0.00814456,3.1206346,0.63731194,-3.9792244,0.0005259233,-2.4047356,0.0025393018,2.5255232,0.35147822
368,9,odd,2,4,0.9999609,10.026658,-2.727392,2.8904758e-06,-6.1890664,9.069496e-08,10.026658,0.9999609,-4.161793,6.886788e-07,-0.22238074,3.5390127e-05
369,0,even,0,0,0.9999423,8.725502,8.725502,0.9999423,-2.0042155,2.1883558e-05,-5.1034107,9.866303e-07,-1.7013022,2.962588e-05,-3.4611506,5.0977524e-06
370,2,even,1,2,0.99999976,13.024485,-5.3057437,1.0946685e-08,13.024485,0.99999976,-5.0996704,1.3451767e-08,-2.1991963,2.4459044e-07,-7.3068123,1.4798913e-09
371,9,odd,2,4,0.99999905,12.186187,-4.180179,7.801487e-08,-1.807263,8.369921e-07,12.186187,0.99999905,-5.711351,1.6873217e-08,-4.592952,5.1631208e-08
372,9,odd,2,4,0.99999964,13.554036,-3.913706,2.5933163e-08,-3.609204,3.5164078e-08,13.554036,0.99999964,-9.659813,8.286167e-11,-1.7523406,2.2517752e-07
373,8,even,4,8,0.9999993,12.3948345,-4.6488547,3.9629562e-08,-2.0531466,5.3127735e-07,-5.036563,2.689307e-08,-4.015804,7.463625e-08,12.3948345,0.9999993
374,4,even,2,4,1.0,16.801731,-5.000114,3.4007816e-10,-0.604163,2.7587769e-08,16.801731,1.0,-4.838242,3.9983358e-10,-12.728846,1.496351e-13
375,5,odd,3,6,0.83498394,3.6488929,-0.006628461,0.02158268,-5.03326,0.00014160127,-2.5702763,0.0016623683,3.6488929,0.83498394,1.8746946,0.14162946
376,5,odd,2,4,0.53265965,2.6693761,-2.152529,0.004288674,2.5137365,0.45588604,2.6693761,0.53265965,-3.1320782,0.0016103121,-1.8937484,0.005555331
377,1,odd,4,8,0.9013484,3.5670977,-2.5424879,0.0020023193,1.2497985,0.088818304,-1.8596169,0.0039636977,-1.8842429,0.003867279,3.5670977,0.9013484
378,4,even,2,4,0.9999994,12.029725,-2.8868897,3.325036e-07,-3.4970043,1.8064534e-07,12.029725,0.9999994,-6.0436177,1.4152936e-08,-3.6488707,1.5519304e-07
379,1,odd,4,8,0.99740607,6.09509,-1.7536522,0.0003892303,-0.4298892,0.0014625462,-4.376712,2.825051e-05,-1.1471288,0.0007138653,6.09509,0.99740607
380,8,even,0,0,0.95650977,4.292701,4.292701,0.95650977,-1.7994578,0.002162214,1.103869,0.039427333,-4.360923,0.00016690465,-2.0203001,0.0017337563
381,8,even,4,8,0.99999976,13.180098,-4.00586,3.4374285e-08,-2.727353,1.2344738e-07,-3.3846893,6.397413e-08,-7.215333,1.3879585e-09,13.180098,0.99999976
382,8,even,4,8,0.99997497,10.997734,-3.191937,6.878496e-07,0.2627245,2.1768767e-05,-9.482033,1.2756731e-09,-1.8838052,2.5445306e-06,10.997734,0.99997497
383,6,even,3,6,0.9632261,5.088306,0.56681156,0.01047293,-5.8252215,1.754056e-05,1.4850476,0.026233304,5.088306,0.9632261,-4.774679,5.0151968e-05
384,5,odd,3,6,0.94147265,3.3820682,-0.4221361,0.020973109,-3.9480636,0.00061712344,-0.92860216,0.012638844,3.3820682,0.94147265,-0.27497065,0.024298305
385,1,odd,4,8,0.75362027,4.4590454,-3.3256404,0.00031354965,3.3368418,0.2453498,-2.6290586,0.0006292569,-4.6059833,8.71486e-05,4.4590454,0.75362027
386,8,even,4,8,0.99982554,7.862712,-1.5474081,8.1876824e-05,-2.818408,2.2970624e-05,-3.6915028,9.593844e-06,-1.8572946,6.00591e-05,7.862712,0.99982554
387,9,odd,2,4,0.99974793,8.928277,-2.6260407,9.5921105e-06,-4.0738235,2.2550191e-06,8.928277,0.99974793,-6.126579,2.8950092e-07,0.5938063,0.00024003572
388,8,even,4,8,0.9999989,13.967125,-5.3549504,4.0600283e-09,0.14496802,9.933747e-07,-9.612361,5.7485523e-11,-2.9834156,4.3498396e-08,13.967125,0.9999989
389,4,even,2,4,0.99892247,8.4894705,-2.4702113,1.737011e-05,-3.0201895,1.0021899e-05,8.4894705,0.99892247,1.6318046,0.0010502321,-8.929891,2.7189383e-08
390,8,even,4,8,0.9999964,11.983601,-4.7429028,5.442148e-08,-0.6560809,3.240816e-06,-3.321929,2.2536756e-07,-7.291531,4.2551545e-09,11.983601,0.9999964
391,9,odd,2,4,0.9982608,7.804367,-2.8983266,2.2445178e-05,-1.9197375,5.9719878e-05,7.804367,0.9982608,-8.009552,1.3531509e-07,1.403385,0.0016570395
392,3,odd,4,8,0.9984927,7.304081,-2.6183126,4.8989612e-05,-5.083678,4.163033e-06,0.72236395,0.00138338,-2.2516317,7.068896e-05,7.304081,0.9984927
393,1,odd,4,8,0.9995516,7.9767027,-1.8701946,5.288739e-05,0.10135578,0.00037982664,-5.3761396,1.5875942e-06,-3.1935582,1.4080638e-05,7.9767027,0.9995516
394,3,odd,0,0,0.4876533,3.5235403,3.5235403,0.4876533,2.7681477,0.22911227,-6.0249887,3.4772653e-05,-6.6246686,1.9089748e-05,2.9800205,0.28318062
395,2,even,1,2,1.0,19.944134,-1.9171853,3.204424e-10,19.944134,1.0,-9.502601,1.6272163e-13,-15.349707,4.6998147e-16,-2.1625793,2.5071298e-10
396,9,odd,2,4,0.49215576,3.2504508,-4.2405553,0.00027466295,2.4979165,0.23188949,3.2504508,0.49215576,-7.9691873,6.5989643e-06,2.6708727,0.27567348
397,4,even,2,4,0.99999774,11.182511,-3.305757,5.102984e-07,-4.529316,1.5012019e-07,11.182511,0.99999774,-2.4009576,1.2611688e-06,-4.3537683,1.7892808e-07
398,5,odd,2,4,0.9998317,10.148828,-2.4085922,3.5181051e-06,-5.270119,2.0116998e-07,10.148828,0.9998317,-8.353498,9.214429e-09,1.4372554,0.00016464137
399,0,even,0,0,1.0,16.375828,16.375828,1.0,-1.5725933,1.603613e-08,-10.788274,1.5950744e-12,-4.9844346,5.288787e-10,-7.3960323,4.7425543e-11
400,8,even,4,8,0.9999993,14.179575,-5.3446136,3.3170506e-09,0.08581893,7.5711057e-07,-6.482315,1.0632977e-09,-6.732698,8.277797e-10,14.179575,0.9999993
401,3,odd,1,2,0.9999856,13.865341,2.4677432,1.1222243e-05,13.865341,0.9999856,-14.405982,5.271251e-13,-10.838045,1.8683121e-11,1.2308242,3.257563e-06
402,7,odd,1,2,0.9988593,6.523704,-1.7710764,0.0002495323,6.523704,0.9988593,-2.9370964,7.775548e-05,-4.075268,2.4913179e-05,-0.620593,0.0007884524
403,8,even,4,8,0.99998975,11.179472,-2.9783347,7.101308e-07,-0.3880458,9.468609e-06,-5.1287494,8.268463e-08,-6.152121,2.9715329e-08,11.179472,0.99998975
404,5,odd,4,8,0.83991253,5.3014107,-3.4554396,0.00013218504,3.6292675,0.15777257,-7.4475174,2.4403098e-06,-0.65243965,0.0021802674,5.3014107,0.83991253
405,4,even,2,4,1.0,16.792652,-6.3824544,8.613493e-11,-3.3368158,1.8108544e-09,16.792652,1.0,-7.736748,2.2233968e-11,-5.7780256,1.5764448e-10
406,8,even,4,8,0.99999785,11.687847,-3.8144743,1.8510856e-07,-1.5507827,1.7804713e-06,-5.6524234,2.9458798e-08,-3.825339,1.8310818e-07,11.687847,0.99999785
407,6,even,3,6,0.99999917,12.692726,-5.0342336,2.0011473e-08,-4.768245,2.610934e-08,-1.4004954,7.5751495e-07,12.692726,0.99999917,-8.685036,5.197035e-10
408,7,odd,1,2,0.99997246,10.507093,-0.66959125,1.3996378e-05,10.507093,0.99997246,-2.0832129,3.4047678e-06,-12.639471,8.862633e-11,-0.9973168,1.0085243e-05
409,0,even,0,0,0.9999999,13.851906,13.851906,0.9999999,-1.9021538,1.4391256e-07,-7.345429,6.224646e-10,-2.8617396,5.5125906e-08,-9.128641,1.0463457e-10
410,7,odd,2,4,0.61962956,2.6391613,1.5720279,0.21314834,0.57260054,0.07845781,2.6391613,0.61962956,-9.211874,4.418684e-06,0.69597405,0.08875987
411,4,even,2,4,0.9999995,12.223543,-3.7341495,1.1739829e-07,-3.1467085,2.1124397e-07,12.223543,0.9999995,-3.7349646,1.173027e-07,-5.935904,1.2985309e-08
412,4,even,2,4,1.0,17.041862,-5.8771687,1.1127337e-10,-0.9969682,1.4649937e-08,17.041862,1.0,-5.2369065,2.1108323e-10,-11.477973,4.1114258e-13
413,1,odd,1,2,0.9317483,4.5347886,-2.308905,0.0009933908,4.5347886,0.9317483,-2.9802835,0.00050762657,-3.722212,0.00024172897,1.8950634,0.06650901
414,1,odd,4,8,0.96967614,4.514058,-3.1160939,0.00047086232,0.9202041,0.026658501,-2.476843,0.0008923125,-1.5290633,0.002302144,4.514058,0.96967614
415,0,even,0,0,0.99999964,16.215437,16.215437,0.99999964,-5.996977,2.2556468e-10,-8.907592,1.2280259e-11,1.5065295,4.0926315e-07,-12.46489,3.5018077e-13
416,1,odd,4,8,0.7929035,2.2412004,-1.8500443,0.013256085,-0.7382546,0.04029577,0.3727982,0.12240059,-0.99587876,0.031144023,2.2412004,0.7929035
417,5,odd,3,6,0.5997465,3.649871,-0.06512687,0.01460712,-4.849019,0.00012216497,-3.9542134,0.00029892055,3.649871,0.5997465,3.2071924,0.38522533
418,0,even,0,0,1.0,20.56936,20.56936,1.0,-2.1563108,1.3501007e-10,-10.022767,5.1761557e-14,-6.7650237,1.3453258e-12,-11.464796,1.2238903e-14
419,8,even,4,8,0.99999166,11.042477,-4.310248,2.1497752e-07,-0.73508275,7.674806e-06,-5.0422697,1.033902e-07,-3.9552326,3.066013e-07,11.042477,0.99999166
420,1,odd,4,8,0.9994603,7.0419207,-2.8633559,4.98837e-05,-1.9858675,0.0001199629,-2.7933629,5.350031e-05,-1.0161417,0.00031636865,7.0419207,0.9994603
421,1,odd,1,2,0.8438363,4.387297,-2.6021817,0.0007776175,4.387297,0.8438363,-3.022354,0.00051084335,-4.0501986,0.00018276801,2.690778,0.15469252
422,2,even,1,2,0.99999833,13.2210865,-0.44465506,1.1615635e-06,13.2210865,0.99999833,-1.4679787,4.1746435e-07,-10.075129,7.6310035e-11,-7.5621343,9.41806e-10
423,3,odd,2,4,0.6679642,1.985519,-1.3208909,0.024479223,0.92005765,0.23015964,1.985519,0.6679642,-2.7799947,0.0056900596,-0.2461289,0.071706876
424,0,even,0,0,1.0,22.150036,22.150036,1.0,-6.0485578,5.669002e-13,-12.378484,1.0103105e-15,-2.657751,1.6831196e-11,-12.251257,1.1473851e-15
425,4,even,2,4,0.9999993,12.480899,-2.4017644,3.4398613e-07,-2.2584748,3.9698202e-07,12.480899,0.9999993,-5.192516,2.1112195e-08,-7.4889154,2.1243178e-09
426,6,even,3,6,1.0,13.691816,-3.3029325,4.1617334e-08,-5.1723285,6.4180896e-09,-4.6584167,1.0729884e-08,13.691816,1.0,-8.69907,1.8869555e-10
427,1,odd,4,8,0.9663302,4.3495708,-2.7942135,0.0007631666,0.8570276,0.029399049,-2.2543209,0.0013094591,-1.7363223,0.0021981418,4.3495708,0.9663302
428,3,odd,1,2,0.6372482,8.099369,-2.567949,1.4844006e-05,8.099369,0.6372482,-10.527799,5.1836166e-09,-7.7374473,8.44241e-08,7.5358877,0.36273694
429,1,odd,1,2,0.8945227,4.2433524,-2.218565,0.001397064,4.2433524,0.8945227,-4.080724,0.00021701575,-2.4494424,0.0011090409,2.0794017,0.10275418
430,2,even,1,2,0.99999905,11.933599,-2.4771128,5.5145085e-07,11.933599,0.99999905,-6.3652477,1.1295651e-08,-5.560307,2.5263454e-08,-2.8034847,3.9789194e-07
431,6,even,3,6,0.99996316,9.169806,-3.7448456,2.461628e-06,-1.1487132,3.301477e-05,-5.051615,6.6634584e-07,9.169806,0.99996316,-4.944235,7.418808e-07
432,6,even,3,6,1.0,15.164544,-2.5744462,1.9772163e-08,-6.3634505,4.4720944e-10,-7.143835,2.0492438e-10,15.164544,1.0,-7.3350544,1.6925757e-10
433,8,even,4,8,0.9732175,5.1531777,1.3777775,0.022313846,-0.7058087,0.002777694,-7.4829125,3.1653783e-06,-1.2040124,0.0016877857,5.1531777,0.9732175
434,6,even,3,6,1.0,15.948714,-6.75442,1.3808737e-10,-4.6455455,1.1376976e-09,-2.4165385,1.0569922e-08,15.948714,1.0,-11.616515,1.0680043e-12
435,3,odd,1,2,0.99998724,13.939005,2.6648214,1.26963505e-05,13.939005,0.99998724,-6.8894973,9.0009983e-10,-10.0063305,3.9871946e-11,-7.584158,4.4936949e-10
436,9,odd,2,4,0.9999089,8.373681,-2.8598742,1.322177e-05,-3.6270192,6.139354e-06,8.373681,0.9999089,-1.2960097,6.3163614e-05,-3.2952511,8.554757e-06
437,7,odd,1,2,0.99789065,8.92007,-3.9058912,2.684348e-06,8.92007,0.99789065,-3.2808983,5.014989e-06,-9.406909,1.0959159e-08,2.7571578,0.0021016689
438,1,odd,4,8,0.9990694,7.0633855,-3.306142,3.13449e-05,-0.23506454,0.00067595707,-1.3844348,0.0002141676,-4.535736,9.16561e-06,7.0633855,0.9990694
439,3,odd,0,0,0.93958884,4.7531924,4.7531924,0.93958884,-0.69254094,0.0040540197,-5.3326015,3.915011e-05,-3.5701396,0.00022811865,1.9347037,0.056089792
440,9,odd,2,4,0.9900158,5.5445423,-2.6028397,0.00028660198,-2.6324098,0.00027825104,5.5445423,0.9900158,-3.1981783,0.00015802537,0.8726667,0.00926131
441,1,odd,1,2,0.74298894,2.8716252,-1.9317999,0.0060937055,2.8716252,0.74298894,-2.968644,0.002160656,-1.5240896,0.009161102,1.7398967,0.23959564
442,0,even,0,0,1.0,17.904903,17.904903,1.0,-2.0574894,2.1401438e-09,-8.298681,4.1680006e-12,-7.000301,1.5268873e-11,-9.567492,1.1718998e-12
443,5,odd,1,2,0.7825022,5.1512904,-0.8864982,0.001867701,5.1512904,0.7825022,-11.952583,2.9198958e-08,-0.75253105,0.0021354454,3.8524058,0.21349472
444,3,odd,4,8,0.9833704,4.749917,0.28633386,0.011329419,-1.3943899,0.0021099804,-1.0256283,0.0030509124,-4.112753,0.00013922219,4.749917,0.9833704
445,9,odd,2,4,0.9999865,9.791448,-2.3292148,5.4457437e-06,-3.529905,1.6390949e-06,9.791448,0.9999865,-4.718756,4.9922056e-07,-2.2443302,5.9281906e-06
446,3,odd,1,2,0.7978714,5.1631885,-2.7893302,0.0002806713,5.1631885,0.7978714,-1.7398022,0.00080168195,-7.82801,1.8193953e-06,3.7847667,0.20104437
447,3,odd,4,8,0.9930952,6.5411634,-0.539952,0.0008350292,1.3376932,0.0054594954,-0.8536622,0.0006101815,-10.076916,6.02352e-08,6.5411634,0.9930952
448,4,even,4,8,0.83522856,3.8905578,-2.8658688,0.00097168714,-2.1997478,0.0018915567,2.2445257,0.1610433,-2.9822593,0.00086492574,3.8905578,0.83522856
449,3,odd,1,2,0.9236735,6.8372893,-2.626922,7.1657836e-05,6.8372893,0.9236735,-4.3047876,1.3383698e-05,-8.448399,2.123383e-07,4.3428326,0.07624119
450,9,odd,2,4,0.9999088,8.975013,-3.6687062,3.227477e-06,-2.2666948,1.3114409e-05,8.975013,0.9999088,-5.9146733,3.4154792e-07,-0.5290534,7.454127e-05
451,2,even,1,2,0.9999937,10.797099,-5.717633,6.72574e-08,10.797099,0.9999937,-2.4031913,1.8500516e-06,-1.5681921,4.2640213e-06,-6.560494,2.8952774e-08
452,1,odd,4,8,0.99986887,7.973077,-2.8363047,2.0206371e-05,-1.8749855,5.284256e-05,-2.8323998,2.0285419e-05,-2.210122,3.779514e-05,7.973077,0.99986887
453,7,odd,1,2,0.89357704,3.8309743,0.47666517,0.031215772,3.8309743,0.89357704,1.2456754,0.067352064,-7.9462667,6.8602712e-06,-0.90395224,0.007848369
454,9,odd,2,4,0.99999416,11.027213,-4.9474607,1.1542093e-07,-2.5746632,1.2381624e-06,11.027213,0.99999416,-6.5180855,2.399776e-08,-1.2693492,4.567393e-06
455,1,odd,4,8,0.98406166,4.477683,-2.8835952,0.00062525854,-0.27824762,0.008463456,-0.67265207,0.005705058,-2.2790213,0.0011445187,4.477683,0.98406166
456,2,even,1,2,1.0,14.352921,-5.113097,3.51573e-09,14.352921,1.0,-3.257343,2.2488452e-08,-4.974385,4.0388537e-09,-7.5145698,3.1847067e-10
457,7,odd,1,2,0.99891794,7.6858835,-2.2800736,4.6921232e-05,7.6858835,0.99891794,-1.9192692,6.730771e-05,-8.47865,9.535907e-08,0.746499,0.0009678174
458,3,odd,1,2,0.5180679,3.1116126,-0.6214359,0.012392084,3.1116126,0.5180679,1.2578993,0.0811576,-10.280844,7.908915e-07,2.823495,0.38838166
459,6,even,3,6,0.99717796,5.9459944,-1.772129,0.00044343935,-3.099103,0.00011763506,-4.095675,4.34241e-05,5.9459944,0.99717796,-0.16252564,0.002217564
460,8,even,4,8,0.9999994,14.038652,-2.4539478,6.876299e-08,-0.51150364,4.7967535e-07,-9.384229,6.723126e-11,-6.078,1.8342061e-09,14.038652,0.9999994
461,7,odd,0,0,0.46044722,1.8938946,1.8938946,0.46044722,-0.068753846,0.06468633,0.73937374,0.14513691,-7.5598893,3.609555e-05,1.5598594,0.32969338
462,1,odd,4,8,0.9813535,4.984601,-2.533802,0.000532874,0.859702,0.015863707,-3.956042,0.00012851488,-1.1522852,0.0021213372,4.984601,0.9813535
463,4,even,2,4,0.99999976,14.076225,-2.4788332,6.45996e-08,-1.653114,1.4751444e-07,14.076225,0.99999976,-5.852629,2.2131383e-09,-9.657229,4.9282314e-11
464,6,even,3,6,0.9999318,8.18778,-2.219784,3.0201094e-05,-3.312555,1.0126003e-05,-2.5087538,2.2621669e-05,8.18778,0.9999318,-3.9699335,5.247378e-06
465,9,odd,2,4,0.99990714,10.058188,-3.439134,1.3745076e-06,-2.7460086,2.7489536e-06,10.058188,0.99990714,-8.715618,7.024229e-09,0.7282821,8.87223e-05
466,2,even,1,2,1.0,17.539017,-4.7684116,2.051195e-10,17.539017,1.0,-7.178982,1.8412367e-11,-8.999416,2.9819814e-12,-4.032493,4.2816592e-10
467,5,odd,1,2,0.98253673,9.272165,-0.89743364,3.764855e-05,9.272165,0.98253673,-12.050822,5.393782e-10,-6.9373136,8.9673016e-08,5.2399635,0.017425524
468,7,odd,1,2,0.6700983,2.6945255,1.2667085,0.16071095,2.6945255,0.6700983,1.0559288,0.13016824,-8.4909315,9.297285e-06,-0.14899908,0.039013196
469,6,even,3,6,0.9999987,11.520863,-2.254819,1.0406316e-06,-5.9394274,2.6127164e-08,-4.4180875,1.1961939e-07,11.520863,0.9999987,-5.0461926,6.3829134e-08
470,5,odd,2,4,0.5215849,1.1913524,-2.3480752,0.015141579,-0.007885119,0.1572182,1.1913524,0.5215849,-0.40270704,0.10593363,0.23340571,0.20012166
471,9,odd,2,4,0.99980074,7.63965,-1.9940128,6.5473665e-05,-1.6850965,8.9171815e-05,7.63965,0.99980074,-3.7849073,1.092173e-05,-2.6601644,3.3632637e-05
472,3,odd,1,2,0.65797466,8.190211,-1.3969578,4.5139288e-05,8.190211,0.65797466,-6.784568,2.064169e-07,-13.390884,2.7903455e-10,7.535797,0.34197998
473,2,even,1,2,1.0,20.48151,-0.5513843,7.337196e-10,20.48151,1.0,-18.395191,1.3063607e-17,-12.666689,4.017161e-15,1.2649223,4.511721e-09
474,7,odd,1,2,0.99695635,7.499024,-2.694741,3.7288974e-05,7.499024,0.99695635,-3.1738582,2.3094168e-05,-7.250232,3.9188228e-07,1.6872264,0.0029829398
475,8,even,4,8,0.9999418,9.590066,-2.6465862,4.849134e-06,-0.30733955,5.0302096e-05,-3.1501682,2.9306318e-06,-6.8573823,7.1934714e-08,9.590066,0.9999418
476,5,odd,4,8,0.9999174,8.974126,-0.7347923,6.0734346e-05,-2.615338,9.262406e-06,-2.3374608,1.2229383e-05,-5.7220335,4.1447964e-07,8.974126,0.9999174
477,6,even,3,6,0.99999833,13.920721,-6.4235377,1.4608301e-09,-3.1771197,3.7540595e-08,0.5703288,1.5921999e-06,13.920721,0.99999833,-14.495733,4.559214e-13
478,4,even,2,4,0.9999993,12.1037245,-3.2686508,2.1079575e-07,-2.6164596,4.0467359e-07,12.1037245,0.9999993,-3.4916239,1.6866538e-07,-6.887348,5.6530287e-09
479,7,odd,1,2,0.44957674,2.0327594,-0.8553642,0.025032701,2.0327594,0.44957674,1.931581,0.40631473,-6.3861628,9.920014e-05,0.7033801,0.118976645
480,5,odd,4,8,0.9999974,11.307926,-2.406996,1.1058187e-06,-2.3504937,1.1700989e-06,-5.6027126,4.5269083e-08,-3.918399,2.4394384e-07,11.307926,0.9999974
481,1,odd,4,8,0.71452355,2.6839473,-1.6298013,0.009562675,1.6620791,0.25717267,-3.106215,0.0021846462,-1.0808932,0.016556444,2.6839473,0.71452355
482,5,odd,3,6,0.8829476,4.2355356,-0.79576635,0.0057659154,-5.0276165,8.3752755e-05,-2.8601456,0.0007316776,4.2355356,0.8829476,2.157024,0.11047113
483,8,even,4,8,0.9999933,11.164528,-1.6927156,2.607157e-06,-1.2772996,3.949844e-06,-5.5292253,5.6233176e-08,-6.1537714,3.011311e-08,11.164528,0.9999933
484,5,odd,2,4,0.9674888,4.714119,0.4110212,0.0130868275,-6.9008427,8.736394e-06,4.714119,0.9674888,0.7117926,0.017678998,-1.6086925,0.0017365359
485,8,even,4,8,0.99989724,12.707064,-3.9698522,5.7182447e-08,3.5232036,0.00010267288,-10.515122,8.216516e-11,-6.1979814,6.160257e-09,12.707064,0.99989724
486,7,odd,2,4,0.78730446,5.8907223,-4.062616,3.7450933e-05,4.581636,0.21262473,5.8907223,0.78730446,-4.34677,2.8187502e-05,-6.0481853,5.1421057e-06
487,2,even,2,4,0.5552834,2.0704243,-3.93585,0.0013678012,1.6944425,0.38126585,2.0704243,0.5552834,-0.35888278,0.04891928,-1.671587,0.013163757
488,9,odd,2,4,0.9744163,5.3679123,-2.549032,0.00035518876,-2.4749892,0.00038248627,5.3679123,0.9744163,-4.4922843,5.0876282e-05,1.6967167,0.02479503
489,8,even,4,8,1.0,15.5561905,-3.617768,4.708211e-09,-5.193463,9.73958e-10,-5.50591,7.12601e-10,-5.6755004,6.014418e-10,15.5561905,1.0
490,4,even,2,4,0.99999595,11.161654,-1.5978518,2.8748493e-06,-3.964352,2.696853e-07,11.161654,0.99999595,-2.7388687,9.1849705e-07,-6.969466,1.3358343e-08
491,7,odd,1,2,0.99915123,8.879919,1.7618129,0.00080961233,8.879919,0.99915123,-2.7438695,8.943013e-06,-11.993727,8.5965074e-10,-1.5236263,3.029904e-05
492,5,odd,4,8,0.9122215,3.555601,-0.7627388,0.012152597,-4.0669007,0.0004463649,0.94564706,0.06708289,-1.1688305,0.008096658,3.555601,0.9122215
493,4,even,2,4,1.0,16.453266,-4.9576364,5.027631e-10,-3.2756987,2.702832e-09,16.453266,1.0,-5.6975408,2.398982e-10,-8.70125,1.1899602e-11
494,6,even,3,6,0.9999695,9.064784,-2.8355691,6.787798e-06,-2.3712773,1.0798618e-05,-6.9475794,1.1114903e-07,9.064784,0.9999695,-2.193307,1.2902086e-05
495,2,even,1,2,0.99999964,13.973768,-7.136988,6.7875805e-10,13.973768,0.99999964,-7.2886863,5.8322075e-10,-5.229962,4.5701034e-09,-0.94093496,3.3313978e-07
496,1,odd,4,8,0.74642956,2.8386292,-0.2656132,0.033483703,1.5724465,0.21042272,-4.0021048,0.00079817075,-1.594456,0.008865929,2.8386292,0.74642956
497,3,odd,0,0,0.7777732,4.9084663,4.9084663,0.7777732,3.6321306,0.21704382,-9.436292,4.5814582e-07,-3.2335265,0.00022637607,-0.14735079,0.0049560936
498,9,odd,2,4,0.9992637,7.813283,-2.6236675,2.930691e-05,-1.9374557,5.8208756e-05,7.813283,0.9992637,-6.9601717,3.8339837e-07,0.4729731,0.0006483715
499,7,odd,1,2,0.99982244,8.066444,-1.8111036,5.1304818e-05,8.066444,0.99982244,-1.3639117,8.023637e-05,-6.933983,3.0571735e-07,-1.926274,4.5723587e-05
500,9,odd,4,8,0.9614339,6.1818814,-2.3027232,0.00019865633,-2.2079356,0.00021840779,2.954934,0.03814819,-7.7437663,8.611672e-07,6.1818814,0.9614339
501,3,odd,4,8,0.56873184,3.5128052,3.1744096,0.40545645,0.40646648,0.025459021,-4.0458937,0.0002966241,-5.7106423,5.6132587e-05,3.5128052,0.56873184
502,5,odd,3,6,0.99983394,9.257717,-1.7420758,1.6702385e-05,-5.0721025,5.9781433e-07,-7.6668434,4.4635936e-08,9.257717,0.99983394,0.44371182,0.00014861212
503,5,odd,4,8,0.5929621,5.0038576,-0.87279725,0.0016627548,-3.8082516,8.830324e-05,4.6233196,0.4052858,-8.242059,1.0480899e-06,5.0038576,0.5929621
504,8,even,4,8,0.9998447,8.3072195,-1.7362145,4.346348e-05,-1.6381335,4.7942514e-05,-5.8297215,7.249985e-07,-1.3628533,6.313547e-05,8.3072195,0.9998447
505,8,even,4,8,0.99997914,10.722691,-2.1212118,2.6421349e-06,-0.19403136,1.8151757e-05,-5.9385767,5.808914e-08,-5.9921174,5.5060774e-08,10.722691,0.99997914
506,3,odd,1,2,0.68972117,6.9456973,-3.3022916,2.4435916e-05,6.9456973,0.68972117,-4.275188,9.236447e-06,-10.278091,2.2828475e-08,6.146773,0.3102452
507,9,odd,2,4,0.99999464,10.621151,-3.4086902,8.07077e-07,-2.084032,3.035336e-06,10.621151,0.99999464,-6.3437266,4.2879005e-08,-2.7585082,1.5462699e-06
508,8,even,4,8,0.9996964,8.694419,-3.720524,4.056271e-06,0.49731916,0.00027536767,-1.9424646,2.4006464e-05,-6.835774,1.7996615e-07,8.694419,0.9996964
509,4,even,2,4,0.99999857,11.631555,-4.8444457,6.991391e-08,-3.756232,2.0757186e-07,11.631555,0.99999857,-2.071279,1.1192692e-06,-4.9746313,6.137966e-08
510,5,odd,4,8,0.996626,5.959711,-0.08020831,0.002373715,-1.2253945,0.00075523235,-3.960357,4.90119e-05,-2.574144,0.0001960315,5.959711,0.996626
511,9,odd,2,4,0.99988294,8.14762,-2.1671305,3.313675e-05,-3.9566696,5.5350656e-06,8.14762,0.99988294,-2.990587,1.4544109e-05,-1.5113457,6.3843036e-05
512,7,odd,0,0,0.9988092,6.3243604,6.3243604,0.9988092,-4.304396,2.4180887e-05,-0.9238669,0.0007105873,-1.7925428,0.00029809604,-2.4279308,0.00015791049
513,8,even,3,6,0.986937,4.889758,-1.089251,0.0024982663,-4.76649,6.318794e-05,-2.156283,0.0008594739,4.889758,0.986937,0.26128635,0.009642055
514,3,odd,4,8,0.74505615,7.9700747,-3.8727458,5.3569493e-06,6.897633,0.25493738,-5.4146247,1.1462732e-06,-10.574966,6.579311e-09,7.9700747,0.74505615
515,6,even,3,6,0.99999845,11.471243,-4.077018,1.7679724e-07,-2.0709856,1.3142686e-06,-4.533775,1.1197169e-07,11.471243,0.99999845,-7.933882,3.7364636e-09
516,0,even,0,0,0.9999995,12.727858,12.727858,0.9999995,-2.189307,3.3232072e-07,-7.671334,1.3827502e-09,-3.4553735,9.3693984e-08,-5.3263006,1.4427095e-08
517,1,odd,1,2,0.9497654,4.6508374,-2.5266411,0.0007252319,4.6508374,0.9497654,-2.6033683,0.0006716682,-3.794264,0.00020415275,1.6789398,0.048633732
518,6,even,3,6,0.9999999,15.24818,-4.4801836,2.704461e-09,-4.82158,1.9222692e-09,-0.989165,8.8758654e-08,15.24818,0.9999999,-14.5441265,1.1517692e-13
519,7,odd,1,2,0.9999298,11.981701,2.4102685,6.968662e-05,11.981701,0.9999298,-6.756295,7.280507e-09,-11.648847,5.4620232e-11,-2.6717145,4.3258547e-07
520,2,even,1,2,1.0,16.712246,-8.280668,1.3986701e-11,16.712246,1.0,-6.0881767,1.2528592e-10,-2.303303,5.5163536e-09,-8.79908,8.3286e-12
521,0,even,0,0,1.0,16.834272,16.834272,1.0,-5.743207,1.5657589e-10,-4.4511914,5.6995525e-10,-3.9288645,9.609125e-10,-11.1166115,7.2624876e-13
522,6,even,3,6,0.99978167,8.740952,-0.8298368,6.972116e-05,-3.7341027,3.819954e-06,-0.09926318,0.00014476004,8.740952,0.99978167,-10.494565,4.4261577e-09
523,2,even,2,4,0.9633357,4.7893305,-3.5700672,0.00022559905,-3.874926,0.00016631775,4.7893305,0.9633357,-0.9232304,0.0031830545,1.4181358,0.03308921
524,9,odd,2,4,0.99998105,9.791877,-1.6442447,1.0798104e-05,-2.6045759,4.1331455e-06,9.791877,0.99998105,-6.3075805,1.0187943e-07,-2.6599846,3.910363e-06
525,1,odd,1,2,0.66097134,2.909326,-2.016069,0.004798558,2.909326,0.66097134,-3.0543356,0.0016990153,-1.9681,0.00503435,2.2070937,0.32749674
526,3,odd,4,8,0.97103095,4.8223763,-1.3175486,0.0020926544,1.2093189,0.02618799,-2.922157,0.00042055701,-3.3730783,0.0002679121,4.8223763,0.97103095
527,8,even,4,8,0.99999714,11.93141,-4.0989127,1.09173676e-07,-3.9787786,1.231095e-07,-0.93832475,2.5748027e-06,-7.0563216,5.6719385e-09,11.93141,0.99999714
528,6,even,3,6,0.99991715,10.888323,-2.880584,1.0476202e-06,-5.0010877,1.2568427e-07,1.4750708,8.1628285e-05,10.888323,0.99991715,-11.65296,1.6233395e-10
529,9,odd,2,4,0.9963308,5.6797047,-1.8476884,0.00053616456,-0.25497818,0.0026363528,5.6797047,0.9963308,-3.611291,9.191267e-05,-2.1287646,0.00040478876
530,4,even,2,4,0.9999968,10.829446,-6.342912,3.4844838e-08,-3.1182551,8.761717e-07,10.829446,0.9999968,-2.922326,1.0658104e-06,-2.8207364,1.1797761e-06
531,7,odd,2,4,0.76967573,3.482907,1.0804911,0.06965492,1.9049706,0.15886152,3.482907,0.76967573,-6.885719,2.4169682e-05,-2.584355,0.0017837307
532,7,odd,1,2,0.99919754,9.019817,-4.533379,1.2988922e-06,9.019817,0.99919754,-6.023594,2.9267179e-07,-4.932607,8.71345e-07,1.8897665,0.0008000363
533,3,odd,4,8,0.57350296,2.705112,-1.721111,0.006858853,1.9181404,0.26107076,1.4192876,0.15852916,-6.908024,3.833572e-05,2.705112,0.57350296
534,7,odd,1,2,0.99731004,6.4830656,-1.6561564,0.00029107902,6.4830656,0.99731004,-0.34661847,0.001078291,-8.313244,3.7400258e-07,-0.14417346,0.0013202517
535,6,even,3,6,0.9999989,12.064661,-2.4204216,5.11927e-07,-3.5921714,1.5860742e-07,-2.7850635,3.5550525e-07,12.064661,0.9999989,-10.661849,1.3489693e-10
536,3,odd,1,2,0.9976611,7.353945,1.0360341,0.0017994895,7.353945,0.9976611,-5.524397,2.5467737e-06,-6.152308,1.3592276e-06,-0.17594436,0.0005355423
537,4,even,2,4,0.99998975,10.362018,-2.6012042,2.3449845e-06,-2.8997848,1.7396738e-06,10.362018,0.99998975,-1.6356175,6.158698e-06,-6.701681,3.884416e-08
538,3,odd,4,8,0.99968874,8.533883,-0.39529514,0.0001324256,-0.12349797,0.00017378485,-3.6891725,4.914271e-06,-7.142498,1.5548875e-07,8.533883,0.99968874
539,9,odd,2,4,0.9999262,9.837889,-1.5152047,1.1732275e-05,-5.3170714,2.6197037e-07,9.837889,0.9999262,-6.6403604,6.975182e-08,0.14418073,6.1665734e-05
540,9,odd,2,4,0.99799573,6.781991,-3.5251029,3.3328426e-05,-1.1804214,0.00034761374,6.781991,0.99799573,-5.376371,5.233828e-06,0.3574891,0.0016180911
541,9,odd,2,4,0.99954337,7.2836027,-0.840151,0.00029627862,-2.2719538,7.077441e-05,7.2836027,0.99954337,-2.1093044,8.327486e-05,-4.6842413,6.3420994e-06
542,7,odd,2,4,0.9976605,8.30683,-4.1231756,3.9874913e-06,2.1860635,0.002191632,8.30683,0.9976605,-10.930481,4.408839e-09,-0.5375555,0.0001438516
543,1,odd,1,2,0.72924525,3.9017303,-2.669275,0.0010212268,3.9017303,0.72924525,-5.205406,8.0852675e-05,-1.420842,0.0035588515,2.8935695,0.26609388
544,9,odd,2,4,0.9999839,9.749087,-2.6537273,4.106946e-06,-2.361876,5.4988036e-06,9.749087,0.9999839,-5.9456344,1.5270814e-07,-2.225388,6.302955e-06
545,9,odd,4,8,0.8783776,5.983757,-2.974227,0.000113051996,-2.776064,0.00013782861,4.0045266,0.12137031,-7.491835,1.2339743e-06,5.983757,0.8783776
546,7,odd,1,2,0.9848333,5.0748096,-1.6278709,0.0012089979,5.0748096,0.9848333,-0.16548659,0.005218323,-6.9569383,5.8619353e-06,0.34950417,0.008733505
547,0,even,0,0,0.99999964,15.259882,15.259882,0.99999964,0.5627874,4.141261e-07,-10.514913,6.3995345e-12,-5.0833716,1.4623012e-09,-8.107707,7.105347e-11
548,3,odd,0,0,0.8714654,3.6905885,3.6905885,0.8714654,-0.92994946,0.008581755,-7.4943266,1.2097706e-05,1.5484027,0.102308266,-0.20984171,0.017632537
549,4,even,2,4,0.9999987,12.255553,-4.4906497,5.3360036e-08,-5.749163,1.515829e-08,12.255553,0.9999987,-4.6035094,4.7665235e-08,-1.424732,1.1447929e-06
550,2,even,1,2,0.99971646,8.50482,-6.13586,4.3803638e-07,8.50482,0.99971646,-1.2191105,5.98174e-05,0.095925145,0.0002228129,-6.267722,3.839223e-07
551,0,even,0,0,1.0,19.79052,19.79052,1.0,-4.325975,3.3599998e-11,-12.644838,8.1941485e-15,-3.8794124,5.251452e-11,-8.961805,3.258546e-13
552,3,odd,1,2,0.99410087,8.349696,-2.6401618,1.6772428e-05,8.349696,0.99410087,-7.6172066,1.15635906e-07,-5.511741,9.49478e-07,3.2196283,0.005881259
553,5,odd,4,8,0.9993556,8.958193,-1.8213129,2.0808473e-05,-1.8483238,2.025394e-05,-10.593245,3.2258092e-09,1.545806,0.0006033389,8.958193,0.9993556
554,6,even,3,6,0.9999584,9.058899,-3.373332,3.987793e-06,-1.2496322,3.3346012e-05,-6.402566,1.9282042e-07,9.058899,0.9999584,-3.3618662,4.0337804e-06
555,9,odd,2,4,0.9986546,7.781053,-5.202446,2.2948436e-06,0.99038756,0.0011227076,7.781053,0.9986546,-6.806484,4.614537e-07,-0.64012516,0.00021985901
556,8,even,4,8,0.9999999,15.573782,-3.1859982,7.1241106e-09,-0.7577583,8.0779614e-08,-8.967313,2.1975435e-11,-7.6076856,8.558876e-11,15.573782,0.9999999
557,0,even,0,0,1.0,19.167488,19.167488,1.0,-5.425317,2.0868005e-11,-10.872983,8.98648e-14,-2.4399486,4.1305634e-10,-10.4878235,1.3208752e-13
558,5,odd,4,8,0.99925464,6.966205,-1.1126577,0.0003097922,-1.7749794,0.00015974531,-1.2552265,0.00026862952,-4.870649,7.2276284e-06,6.966205,0.99925464
559,2,even,1,2,1.0,16.636723,-5.6865277,2.0189975e-10,16.636723,1.0,-6.3890905,1.00003686e-10,-6.4886284,9.0528994e-11,-5.9002433,1.6304966e-10
560,2,even,1,2,1.0,17.522106,-5.090316,1.511992e-10,17.522106,1.0,-5.1290665,1.4545234e-10,-9.000344,3.0300274e-12,-6.248402,4.748972e-11
561,5,odd,2,4,0.66459733,2.325077,-0.2422471,0.05100161,-1.4237825,0.015647667,2.325077,0.66459733,-3.8398921,0.0013968392,1.4144789,0.26735657
562,7,odd,2,4,0.94678074,4.5037355,-0.09122408,0.009564974,0.17288005,0.012456121,4.5037355,0.94678074,-9.356217,9.0562486e-07,1.0909966,0.03119721
563,7,odd,1,2,0.9887916,6.670218,-2.7445211,8.0600046e-05,6.670218,0.9887916,0.62781066,0.0023492028,-11.737513,1.0016803e-08,1.9460499,0.00877859
564,5,odd,4,8,0.8262929,3.2785273,0.61008614,0.0573119,-5.323486,0.00015181943,-1.8898557,0.0047047194,1.2759491,0.11153863,3.2785273,0.8262929
565,1,odd,1,2,0.5296416,3.0488193,-3.017019,0.0012291984,3.0488193,0.5296416,-1.1807917,0.007710551,-3.9051366,0.00050572865,2.9098277,0.46091288
566,3,odd,1,2,0.9750885,6.655661,2.0073514,0.00933918,6.655661,0.9750885,-8.326911,3.0352567e-07,-7.1783357,9.572283e-07,2.5185509,0.015571121
567,8,even,4,8,0.99995863,11.026197,-3.4687183,5.068973e-07,0.9182542,4.0752846e-05,-6.883646,1.6666172e-08,-5.04166,1.0514777e-07,11.026197,0.99995863
568,4,even,2,4,1.0,15.175895,-4.9605827,1.7982024e-09,-5.325486,1.2484277e-09,15.175895,1.0,-6.161924,5.4088295e-10,-4.122256,4.158335e-09
569,3,odd,4,8,0.9324711,9.098831,-1.8675376,1.610653e-05,6.47331,0.06751278,-8.591492,1.9356452e-08,-10.477142,2.9369605e-09,9.098831,0.9324711
570,4,even,1,2,0.9916682,6.1881795,-4.7850833,1.7011356e-05,6.1881795,0.9916682,-1.8456162,0.00032161287,1.3662903,0.007984481,-5.4585185,8.675005e-06
571,3,odd,4,8,0.9786364,8.509849,-3.895149,4.0105065e-06,4.6850877,0.021357423,-4.522305,2.142046e-06,-8.964076,2.5222741e-08,8.509849,0.9786364
572,1,odd,4,8,0.9875437,4.434325,-1.6722484,0.0022004175,-1.2468042,0.003367233,-1.0889007,0.0039432095,-1.3806553,0.0029453868,4.434325,0.9875437
573,7,odd,1,2,0.8908191,6.836841,4.7301965,0.10836409,6.836841,0.8908191,-0.16482,0.0008109734,-12.289034,4.4007566e-09,-5.105406,5.7987895e-06
574,8,even,4,8,1.0,16.300196,-4.971824,5.7766886e-10,-3.5011542,2.5141031e-09,-4.768739,7.077463e-10,-8.033808,2.7031901e-11,16.300196,1.0
575,2,even,1,2,1.0,23.718428,-4.4571676,5.800893e-13,23.718428,1.0,-10.193912,1.8709346e-15,-11.570721,4.721918e-16,-8.406012,1.1182356e-14
576,9,odd,2,4,0.99956137,8.445681,-3.9919395,3.964785e-06,-3.2517333,8.311644e-06,8.445681,0.99956137,-5.122182,1.2804471e-06,0.682743,0.00042501919
577,7,odd,1,2,0.81719947,3.65677,1.8184445,0.13000302,3.65677,0.81719947,-0.74748534,0.009990431,-9.601929,1.4260952e-06,0.707557,0.04280565
578,5,odd,0,0,0.7716708,3.5770738,3.5770738,0.7716708,-3.577461,0.0006029164,2.3038568,0.21601354,-0.6314207,0.011473768,-4.502909,0.00023896822
579,4,even,2,4,1.0,14.348832,-4.1056004,9.668105e-09,-3.598044,1.6060925e-08,14.348832,1.0,-5.0147066,3.89513e-09,-6.79261,6.582467e-10
580,1,odd,4,8,0.85237545,3.8018703,-2.2215505,0.0020639184,2.0153387,0.14280719,-3.0230918,0.00092594995,-2.3432007,0.0018275131,3.8018703,0.85237545
581,1,odd,4,8,0.99756134,6.4422054,-2.388503,0.00014581818,-1.0917444,0.0005333187,-5.040636,1.028028e-05,0.0960884,0.0017492665,6.4422054,0.99756134
582,0,even,0,0,0.9999263,10.095516,10.095516,0.9999263,-4.6748724,3.848307e-07,-5.811463,1.234966e-07,0.57188505,7.309835e-05,-5.550159,1.6037528e-07
583,9,odd,2,4,0.999948,9.150306,-1.0972471,3.544229e-05,-2.8837488,5.9381864e-06,9.150306,0.999948,-6.4245057,1.7215613e-07,-2.3135068,1.050284e-05
584,1,odd,4,8,0.8318397,4.8832326,-2.5066013,0.00051365973,3.2794325,0.16730854,-2.996977,0.00031456322,-5.5883365,2.3566496e-05,4.8832326,0.8318397
585,8,even,4,8,0.9661876,5.356677,-2.3393457,0.0004392595,1.9546707,0.032180212,-5.6562443,1.5929807e-05,-1.3537294,0.0011769797,5.356677,0.9661876
586,7,odd,1,2,0.9999521,13.097742,3.1490588,4.7788253e-05,13.097742,0.9999521,-3.0710785,9.504938e-08,-13.790297,2.1020952e-12,-7.2927847,1.3947178e-09
587,6,even,3,6,0.9999999,13.59717,-6.1390123,2.6833944e-09,-4.692324,1.1401809e-08,-2.2561638,1.303121e-07,13.59717,0.9999999,-8.046223,3.984685e-10
588,3,odd,4,8,0.9999826,10.419487,-1.6237878,5.8838905e-06,-1.2926166,8.193894e-06,-2.1815155,3.368577e-06,-8.849768,4.2801744e-09,10.419487,0.9999826
589,9,odd,2,4,0.99998856,10.941756,-2.322613,1.7352128e-06,-4.062994,3.0444917e-07,10.941756,0.99998856,-8.173826,4.9911826e-09,-0.62841654,9.443492e-06
590,2,even,1,2,1.0,20.73411,-8.093288,3.0228736e-13,20.73411,1.0,-12.301797,4.494564e-15,-9.313993,8.918145e-14,-0.15820853,8.444642e-10
591,6,even,3,6,0.9999926,10.527426,-1.6083047,5.3643353e-06,-4.2697845,3.7467083e-07,-2.7599866,1.6956913e-06,10.527426,0.9999926,-8.060708,8.458093e-09
592,8,even,4,8,0.99999857,12.301106,-4.2859607,6.256449e-08,-1.2766509,1.268395e-06,-4.4381905,5.3729835e-08,-6.2965755,8.377769e-09,12.301106,0.99999857
593,9,odd,2,4,0.9997608,8.517955,-2.4382231,1.7445707e-05,-2.644562,1.4193083e-05,8.517955,0.9997608,-6.7871156,2.2541784e-07,0.036935825,0.00020731767
594,5,odd,4,8,0.99999297,11.962755,-4.154504,1.0008289e-07,-0.009355968,6.317937e-06,-8.590579,1.1852166e-09,-2.2899013,6.458723e-07,11.962755,0.99999297
595,9,odd,2,4,0.9999751,9.074902,-3.1937344,4.696652e-06,-3.1346664,4.9824293e-06,9.074902,0.9999751,-3.6104836,3.0959689e-06,-2.24037,1.2185104e-05
596,5,odd,4,8,0.9584128,5.3368645,-1.8324691,0.00073782046,-3.4629464,0.00014449189,-3.9715378,8.6889035e-05,2.1757956,0.040617935,5.3368645,0.9584128
597,7,odd,0,0,0.8355735,7.2165637,7.2165637,0.8355735,-4.28272,8.4705025e-06,5.590835,0.16441433,-9.249193,5.9019715e-08,-5.1546383,3.5419273e-06
598,7,odd,1,2,0.9957853,6.9623704,1.297136,0.0034497338,6.9623704,0.9957853,-0.21950938,0.00075703306,-7.417319,5.664297e-07,-4.8573675,7.3268716e-06
599,2,even,1,2,1.0,18.669266,-7.500274,4.31234e-12,18.669266,1.0,-8.493729,1.5968402e-12,-7.0609407,6.6913497e-12,-4.510527,8.573221e-11
600,4,even,2,4,1.0,14.574391,-6.1522384,9.966422e-10,-2.9283066,2.5042363e-08,14.574391,1.0,-5.2967734,2.3445688e-09,-5.4156327,2.0818176e-09
601,6,even,3,6,0.9999492,9.535629,-0.89958835,2.9377876e-05,-5.818951,2.145698e-07,-6.6617737,9.237091e-08,9.535629,0.9999492,-1.2325538,2.1057926e-05
602,7,odd,1,2,0.95933723,5.2636433,1.8539237,0.03170655,5.2636433,0.95933723,0.2638297,0.0064651687,-11.813243,3.677683e-08,-0.6898829,0.0024910804
603,7,odd,2,4,0.9393459,4.2187862,-2.693268,0.0009353166,1.3572835,0.053714406,4.2187862,0.9393459,-4.4532247,0.00016092343,-0.8610727,0.0058434713
604,3,odd,1,2,0.7625008,8.144144,6.977637,0.2374831,8.144144,0.7625008,-10.566678,5.7047043e-09,-8.75802,3.4811567e-08,-2.6249084,1.6043543e-05
605,8,even,4,8,1.0,14.357435,-3.6034985,1.5836735e-08,-2.7560265,3.6958784e-08,-6.8754654,6.00715e-10,-5.5111194,2.3506943e-09,14.357435,1.0
606,3,odd,1,2,0.9380046,5.7874846,2.2195728,0.026465526,5.7874846,0.9380046,-7.2884274,1.9652073e-06,-6.993259,2.6399673e-06,2.513973,0.035525233
607,3,odd,4,8,0.80315685,9.159599,-0.6342108,4.481287e-05,7.7532287,0.19679831,-11.292918,1.0528936e-09,-10.875194,1.5988214e-09,9.159599,0.80315685
608,6,even,3,6,1.0,15.275537,-4.726468,2.057026e-09,-3.5137856,6.916736e-09,-5.1309834,1.3726525e-09,15.275537,1.0,-11.468337,2.4281935e-12
609,8,even,4,8,0.99885046,7.324113,0.059707038,0.0006992124,-2.8609688,3.768563e-05,-6.501065,9.892404e-07,-0.4700613,0.00041165523,7.324113,0.99885046
610,2,even,1,2,1.0,21.492828,-7.490216,2.5871647e-13,21.492828,1.0,-12.703254,1.4087367e-15,-8.037816,1.4962512e-13,-3.3846474,1.569819e-11
611,6,even,3,6,0.9995254,7.208146,-0.6066783,0.00040351402,-3.1073568,3.3099983e-05,-4.31436,9.899945e-06,7.208146,0.9995254,-3.2704988,2.8117454e-05
612,1,odd,4,8,0.97911686,5.095866,-2.9399834,0.00031689063,-3.2018583,0.00024388128,1.1778519,0.019465363,-1.945078,0.0008570208,5.095866,0.97911686
613,9,odd,2,4,0.99995446,8.69,-2.1327693,1.9939365e-05,-3.5244699,4.9579635e-06,8.69,0.99995446,-2.5182471,1.3561282e-05,-3.1765196,7.0212836e-06
614,3,odd,4,8,0.6107247,6.916253,-0.3255371,0.0004372964,6.464769,0.38883775,-9.402348,4.9976716e-08,-8.085776,1.8644336e-07,6.916253,0.6107247
615,8,even,4,8,0.9998652,8.719838,-2.5829158,1.2337239e-05,-0.3720088,0.00011256483,-5.1070175,9.885857e-07,-2.902419,8.963121e-06,8.719838,0.9998652
616,0,even,0,0,1.0,15.838584,15.838584,1.0,-2.7255034,8.6640215e-09,-5.752749,4.1976195e-10,-6.487904,2.0124691e-10,-7.863517,5.0852045e-11
617,3,odd,0,0,0.71074,7.3154025,7.3154025,0.71074,6.41522,0.28891253,-12.398875,1.9494355e-09,-7.316347,3.1421172e-07,-0.3086357,0.00034724263
618,5,odd,4,8,0.9863637,7.0324926,2.7455814,0.013559862,-2.6836271,5.9481223e-05,-4.0797343,1.4725106e-05,-5.962177,2.241424e-06,7.0324926,0.9863637
619,0,even,0,0,1.0,14.779766,14.779766,1.0,-3.0602784,1.7871761e-08,-7.229679,2.763245e-10,-4.276493,5.2962905e-09,-6.4173365,6.226095e-10
620,8,even,4,8,0.9992398,6.8956976,-2.466604,8.583684e-05,-0.745418,0.00047992714,-3.6572905,2.6095478e-05,-1.7929372,0.00016836179,6.8956976,0.9992398
621,6,even,3,6,0.9999999,13.493305,-3.7904499,3.1171723e-08,-3.9827335,2.571894e-08,-5.058735,8.7690255e-09,13.493305,0.9999999,-8.919111,1.8467627e-10
622,6,even,3,6,1.0,14.644604,-4.819883,3.5211187e-09,-5.54141,1.7112971e-09,-3.0318341,2.1048482e-08,14.644604,1.0,-9.905634,2.1775455e-11
623,9,odd,2,4,0.99995184,9.64664,-0.92352927,2.566923e-05,-1.0887825,2.1759277e-05,9.64664,0.99995184,-6.937595,6.273901e-08,-4.6832843,5.978226e-07
624,2,even,1,2,1.0,23.869541,-9.572961,2.9929973e-15,23.869541,1.0,-8.059686,1.359294e-14,-10.088291,1.7877253e-15,-6.637335,5.636793e-14
625,5,odd,4,8,0.8223853,2.850894,0.37234172,0.068968974,-4.50855,0.0005234911,-0.84732896,0.02036843,0.6132198,0.087753765,2.850894,0.8223853
626,3,odd,4,8,0.9984004,10.094208,-1.7793446,6.961238e-06,3.6533988,0.0015925636,-6.4281216,6.664204e-08,-9.827761,2.2248654e-09,10.094208,0.9984004
627,0,even,0,0,0.9999994,14.633805,14.633805,0.9999994,-9.041676,5.2223923e-11,-3.8619816,9.276447e-09,0.293721,5.9180735e-07,-9.894626,2.2255506e-11
628,7,odd,1,2,0.5969208,3.895902,-1.4697386,0.002790285,3.895902,0.5969208,3.1726277,0.28960276,-12.896386,3.0417166e-08,2.2108164,0.110686176
629,2,even,1,2,0.9953467,7.2733407,-4.530864,7.4382942e-06,7.2733407,0.9953467,1.9009255,0.0046213,-4.554287,7.266097e-06,-3.6913059,1.7222214e-05
630,5,odd,4,8,0.99999833,12.442405,-2.2781122,4.0453853e-07,-1.1102352,1.3006563e-06,-6.5559444,5.612049e-09,-6.5248103,5.789521e-09,12.442405,0.99999833
631,7,odd,2,4,0.9999757,11.456076,0.81049097,2.3805133e-05,-3.717157,2.5723972e-07,11.456076,0.9999757,-10.220892,3.8530268e-10,-3.5787742,2.95418e-07
632,8,even,4,8,0.99978274,9.369516,-4.3574157,1.0923821e-06,0.9012707,0.00020998745,-6.093582,1.9247187e-07,-2.6469316,6.042665e-06,9.369516,0.99978274
633,5,odd,2,4,0.55283695,3.3311996,-0.7338265,0.009488084,-7.2096534,1.461378e-05,3.3311996,0.55283695,-0.7287157,0.0095367,3.0755486,0.42812365
634,2,even,1,2,0.99999976,14.4944515,-5.8243732,1.4984644e-09,14.4944515,0.99999976,-8.172389,1.4319128e-10,-6.0658226,1.1770267e-09,-0.5788354,2.842854e-07
635,7,odd,2,4,0.99993765,10.880588,-2.768348,1.1811787e-06,-4.2202454,2.7654417e-07,10.880588,0.99993765,-9.750246,1.0967715e-09,1.1738442,6.086784e-05
636,2,even,1,2,1.0,20.507465,-3.2688267,4.721579e-11,20.507465,1.0,-15.612863,2.0565596e-16,-12.4447775,4.886775e-15,1.6246058,6.299093e-09
637,6,even,3,6,0.99999976,12.383682,-4.447406,4.9017462e-08,-3.4274085,1.3593477e-07,-3.7450774,9.893927e-08,12.383682,0.99999976,-7.819601,1.6819978e-09
638,9,odd,2,4,0.99993885,10.887263,-4.527999,2.019343e-07,-2.5513732,1.4576311e-06,10.887263,0.99993885,-9.669152,1.181505e-09,1.1582476,5.952724e-05
639,3,odd,2,4,0.8356038,3.4383624,1.2657691,0.095160164,-3.825053,0.00058551657,3.4383624,0.8356038,-3.5920322,0.00073916063,0.9284112,0.06791137
640,0,even,0,0,0.99999404,10.738462,10.738462,0.99999404,-2.2971122,2.181319e-06,-6.181268,4.4859203e-08,-1.728274,3.8526755e-06,-5.936311,5.7310608e-08
641,3,odd,4,8,0.9931344,5.6248837,-2.4446216,0.00031078942,-1.715209,0.00064453465,0.48747146,0.005832548,-3.8302522,7.774902e-05,5.6248837,0.9931344
642,9,odd,2,4,0.9922579,7.125662,-1.5286648,0.00017302079,-4.57828,8.197237e-06,7.125662,0.9922579,-6.3358207,1.4137636e-06,2.2484832,0.007559495
643,3,odd,4,8,0.99255496,5.256052,-1.0567191,0.0017995047,-0.8297262,0.0022580556,-4.0636625,8.897212e-05,-0.45074505,0.0032985574,5.256052,0.99255496
644,9,odd,2,4,0.9999989,12.728303,-2.9568946,1.541717e-07,-6.5695825,4.1594337e-09,12.728303,0.9999989,-6.3443103,5.210376e-09,-1.1110278,9.764603e-07
645,4,even,2,4,1.0,15.981261,-5.5759993,4.343109e-10,-3.897447,2.326949e-09,15.981261,1.0,-5.3602242,5.389027e-10,-6.8477526,1.2175456e-10
646,9,odd,2,4,0.9959577,8.034131,-3.3100083,1.1790817e-05,-3.6753461,8.182376e-06,8.034131,0.9959577,-7.1646667,2.4973943e-07,2.5222268,0.004022085
647,3,odd,1,2,0.9924049,9.680322,4.8070655,0.0075903283,9.680322,0.9924049,-7.686919,2.845719e-08,-10.365528,1.9538327e-09,-2.5748382,4.724336e-06
648,6,even,3,6,1.0,17.290602,-5.3233066,1.509747e-10,-6.486647,4.717069e-11,-5.334899,1.4923487e-10,17.290602,1.0,-10.179729,1.1743208e-12
649,8,even,4,8,0.8451355,5.7364187,-5.1469865,1.5860736e-05,-1.9373667,0.0003928654,4.0367856,0.154449,-5.997667,6.774511e-06,5.7364187,0.8451355
650,0,even,0,0,0.9995561,9.826862,9.826862,0.9995561,-5.349559,2.5631334e-07,-4.111121,8.843371e-07,2.1049237,0.00044280436,-8.672176,9.242229e-09
651,9,odd,2,4,0.9999949,10.544143,-2.605648,1.9458807e-06,-2.3825722,2.4321862e-06,10.544143,0.9999949,-5.532105,1.04273006e-07,-3.8203554,5.775313e-07
652,2,even,1,2,1.0,19.083015,-6.821241,5.6224318e-12,19.083015,1.0,-9.838428,2.7515444e-13,-10.909527,9.4276705e-14,-0.09220992,4.702243e-09
653,8,even,4,8,0.6462952,2.6747737,-1.5942209,0.009045452,-0.86637264,0.018729692,-4.555862,0.00046795676,1.988762,0.32546166,2.6747737,0.6462952
654,3,odd,0,0,0.99894375,7.114906,7.114906,0.99894375,0.07460307,0.00087493623,-4.480492,9.198641e-06,-4.702006,7.370916e-06,-1.5949061,0.000164785
655,1,odd,4,8,0.9986206,6.787612,-1.9858243,0.00015457721,-0.070740156,0.0010491945,-4.697082,1.0272153e-05,-1.918866,0.00016528183,6.787612,0.9986206
656,6,even,3,6,1.0,14.198311,-4.0993085,1.1309544e-08,-4.694272,6.2381513e-09,-5.7142897,2.249402e-09,14.198311,1.0,-8.41542,1.510015e-10
657,6,even,3,6,0.99999905,12.467737,-3.469301,1.1984825e-07,-5.741094,1.23596e-08,-1.5726414,7.986209e-07,12.467737,0.99999905,-8.571611,7.289984e-10
658,9,odd,2,4,0.9999695,8.920665,-2.5808847,1.0114098e-05,-2.5856478,1.0066044e-05,8.920665,0.9999695,-3.0911093,6.072109e-06,-3.44339,4.269195e-06
659,6,even,3,6,1.0,16.378014,-5.34331,3.6859488e-10,-3.6488214,2.0065791e-09,-6.628493,1.01953335e-10,16.378014,1.0,-10.585179,1.9499996e-12
660,0,even,0,0,1.0,18.837284,18.837284,1.0,0.6368558,1.2463916e-08,-9.638497,4.2966073e-13,-8.948275,8.5681126e-13,-10.609147,1.6277129e-13
661,7,odd,2,4,0.98983276,7.3034353,2.6912763,0.009829393,-3.60696,1.8081617e-05,7.3034353,0.98983276,-10.193523,2.4930374e-08,-0.7341492,0.00031980357
662,5,odd,4,8,0.5642876,3.5575285,-2.1272366,0.0019170723,-4.639439,0.00015545423,-2.2138915,0.0017579424,3.2901168,0.43188196,3.5575285,0.5642876
663,4,even,2,4,0.9999981,11.047147,-3.192384,6.544095e-07,-4.3896933,1.9763537e-07,11.047147,0.9999981,-4.3669953,2.021725e-07,-2.910612,8.674042e-07
664,4,even,2,4,0.99999845,11.352956,-3.8617632,2.4679193e-07,-5.0864305,7.2521125e-08,11.352956,0.99999845,-3.0240858,5.703341e-07,-3.07443,5.423323e-07
665,0,even,0,0,1.0,18.426899,18.426899,1.0,-4.7271943,8.796407e-11,-11.884995,6.850337e-14,-0.98703927,3.7036814e-09,-10.54373,2.6194842e-13
666,8,even,4,8,0.9986651,8.9151535,-2.0563195,1.7162074e-05,2.2838495,0.001316683,-4.9395595,9.602719e-07,-7.81718,5.403305e-08,8.9151535,0.9986651
667,5,odd,4,8,0.9886722,4.8479037,0.052397735,0.0081731705,-1.7790871,0.0013091422,-3.028664,0.00037523417,-1.6630044,0.0014702828,4.8479037,0.9886722
668,5,odd,4,8,0.9999813,10.35536,-3.1320236,1.3883389e-06,-0.6544954,1.65376e-05,-5.1226997,1.8965135e-07,-3.927146,6.2687127e-07,10.35536,0.9999813
669,0,even,0,0,0.9994191,9.539238,9.539238,0.9994191,-3.1093934,3.210088e-06,-5.850473,2.0705271e-07,2.0828705,0.00057741546,-9.654908,4.6114375e-09
670,7,odd,0,0,0.9897989,8.0194025,8.0194025,0.9897989,-4.5040927,3.6029835e-06,3.4438958,0.010195997,-6.6815515,4.0832276e-07,-5.673339,1.1190897e-06
671,4,even,2,4,1.0,14.885734,-4.693877,3.1382177e-09,-4.175367,5.270714e-09,14.885734,1.0,-4.9487977,2.4320488e-09,-6.4621468,5.354673e-10
672,0,even,0,0,0.9999422,10.36739,10.36739,0.9999422,-5.060351,1.9943093e-07,-6.0101013,7.7147334e-08,0.6017179,5.7384892e-05,-5.697996,1.0540628e-07
673,2,even,1,2,0.65394247,2.5185974,1.5774941,0.25516647,2.5185974,0.65394247,-5.948989,0.00013744009,-1.030646,0.01879848,0.31162038,0.07195511
674,3,odd,4,8,0.9157406,7.565619,-0.49989966,0.00028771488,5.176361,0.08397132,-8.012196,1.5718597e-07,-8.063567,1.4931484e-07,7.565619,0.9157406
675,4,even,2,4,0.999998,11.188739,-4.269951,1.9336393e-07,-2.2714264,1.4266706e-06,11.188739,0.999998,-4.168135,2.1408846e-07,-4.493573,1.5461711e-07
676,6,even,3,6,0.9999995,12.758898,-3.6291993,7.633775e-08,-1.9369333,4.146497e-07,-5.225065,1.5476186e-08,12.758898,0.9999995,-10.147459,1.1269261e-10
677,5,odd,0,0,0.97643095,6.7365055,6.7365055,0.97643095,0.5361498,0.0019808945,-4.770861,9.818744e-06,-10.541865,3.0601363e-08,2.924292,0.021578351
678,2,even,1,2,1.0,14.776209,-3.2456186,1.4901147e-08,14.776209,1.0,-7.076002,3.233742e-10,-6.944338,3.688811e-10,-4.3000374,5.1914837e-09
679,9,odd,2,4,0.9999367,8.78333,-2.5662272,1.1773961e-05,-2.013557,2.0461823e-05,8.78333,0.9999367,-5.927164,4.0858848e-07,-1.6063273,3.074693e-05
680,6,even,1,2,0.72317976,3.3448675,-1.2048664,0.00764402,3.3448675,0.72317976,-8.170277,7.215768e-06,2.26166,0.24480219,-0.045569386,0.024366785
681,1,odd,4,8,0.9746266,4.6869526,-1.7312353,0.0015902105,0.1388162,0.010318292,-5.311244,4.4327848e-05,0.40169,0.013420612,4.6869526,0.9746266
682,1,odd,4,8,0.95712763,4.167366,-3.1503918,0.0006351965,-1.9334767,0.0021449027,-1.5875148,0.0030314946,0.9159903,0.03706085,4.167366,0.95712763
683,0,even,0,0,1.0,22.107594,22.107594,1.0,-5.4062467,1.1243234e-12,-10.022178,1.112288e-14,-5.0067987,1.6763685e-12,-12.110488,1.3780836e-15
684,3,odd,0,0,0.92342603,4.134995,4.134995,0.92342603,0.97165793,0.03904652,-5.492487,6.0847124e-05,-3.1372395,0.0006413731,0.9130892,0.0368253
685,1,odd,4,8,0.98734134,6.3309984,-1.1038991,0.0005828172,1.9136038,0.011912892,-7.601044,8.787349e-07,-2.3838806,0.00016204792,6.3309984,0.98734134
686,7,odd,1,2,0.99999654,12.849106,-0.9375911,1.0292288e-06,12.849106,0.99999654,-6.4204197,4.279075e-09,-11.033235,4.2464917e-11,-0.112299606,2.349262e-06
687,7,odd,2,4,0.52572817,2.731201,-0.79152316,0.015518923,1.9596624,0.24304478,2.731201,0.52572817,-9.385035,2.875722e-06,1.8403298,0.21570529
688,0,even,0,0,1.0,17.931637,17.931637,1.0,-3.8629427,3.4255854e-10,-9.236474,1.5886922e-12,-4.965315,1.13757545e-10,-8.691502,2.7397939e-12
689,1,odd,1,2,0.6641315,6.382068,-4.891658,8.4360145e-06,6.382068,0.6641315,-5.766021,3.5188948e-06,-5.5666018,4.2954916e-06,5.700259,0.3358522
690,0,even,0,0,0.9999989,12.165073,12.165073,0.9999989,-2.025552,6.8720976e-07,-8.111654,1.5628906e-09,-2.7704933,3.2626107e-07,-5.0353293,3.3881243e-08
691,4,even,2,4,0.99999976,13.896941,-4.7686496,7.827752e-09,-6.322144,1.6556272e-09,13.896941,0.99999976,-5.964866,2.3666105e-09,-1.5953171,1.869811e-07
692,6,even,3,6,0.9999993,11.461752,-4.728543,9.3034544e-08,-3.4036949,3.4995972e-07,-3.5782044,2.939204e-07,11.461752,0.9999993,-5.9114037,2.8505855e-08
693,8,even,4,8,0.99999905,12.654749,-4.621763,3.139827e-08,-1.6471868,6.1482007e-07,-2.340858,3.0724868e-07,-8.212187,8.6617286e-10,12.654749,0.99999905
694,5,odd,4,8,0.9843305,6.7301993,-0.65583813,0.0006101347,-4.3827453,1.4684204e-05,2.5492148,0.01504397,-7.397713,7.2022215e-07,6.7301993,0.9843305
695,3,odd,1,2,0.99845386,7.6307683,-0.08185778,0.00044645436,7.6307683,0.99845386,-7.0437317,4.2293522e-07,-4.9722104,3.356788e-06,0.8161208,0.001095883
696,1,odd,4,8,0.93185633,4.351241,-3.0050678,0.0005950378,1.6067498,0.059900645,-4.3228064,0.00015931549,-0.47254252,0.007488697,4.351241,0.93185633
697,3,odd,2,4,0.84686786,5.104948,-2.605505,0.00037949707,-3.4440384,0.00016407332,5.104948,0.84686786,-4.865626,3.959594e-05,3.3908894,0.15254903
698,4,even,2,4,0.9999995,13.469111,-2.787163,8.7094186e-08,-1.4339124,3.3705348e-07,13.469111,0.9999995,-4.378291,1.7740724e-08,-9.782018,7.982938e-11
699,5,odd,3,6,0.99717903,7.8879323,-1.3643465,9.5622316e-05,-2.6098177,2.7520615e-05,-10.902732,6.8879684e-09,7.8879323,0.99717903,1.9754299,0.0026977768
700,0,even,0,0,1.0,17.436817,17.436817,1.0,-4.152974,4.2041015e-10,-10.315822,8.85486e-13,-1.6825384,4.972435e-09,-10.244988,9.504843e-13
701,5,odd,0,0,0.9378918,3.3529334,3.3529334,0.9378918,-0.099880315,0.029690314,-3.5075915,0.0009832513,-0.84629416,0.0140750995,-0.63655275,0.017359646
702,3,odd,4,8,0.91846883,3.7100935,1.1604164,0.071738735,-1.3192253,0.006009786,-2.4135597,0.0020118498,-2.5411863,0.0017707942,3.7100935,0.91846883
703,5,odd,2,4,0.63959193,2.535782,1.2600719,0.17859492,-4.6973624,0.0004619427,2.535782,0.63959193,-2.3972034,0.0046082363,1.2496477,0.17674288
704,4,even,2,4,0.9999999,12.737906,-3.7665617,6.7951675e-08,-4.136323,4.6947797e-08,12.737906,0.9999999,-4.5628314,3.0646802e-08,-4.4975405,3.2714514e-08
705,4,even,2,4,1.0,16.72401,-5.1272416,3.2368458e-10,-7.00509,4.949739e-11,16.72401,1.0,-3.8763509,1.1307769e-09,-6.227188,1.07750954e-10
706,9,odd,2,4,0.99983716,7.8371887,-2.4832878,3.294604e-05,-2.7700427,2.4732462e-05,7.8371887,0.99983716,-3.661932,1.0137354e-05,-1.4242393,9.500408e-05
707,4,even,2,4,0.9999999,13.414321,-2.5808322,1.1308189e-07,-4.8301144,1.1927317e-08,13.414321,0.9999999,-6.435943,2.3940876e-09,-4.093994,2.490204e-08
708,6,even,3,6,0.9999999,13.490009,-3.0448554,6.591733e-08,-4.1906753,2.0959263e-08,-3.3783827,4.722261e-08,13.490009,0.9999999,-10.344755,4.4534158e-11
709,5,odd,4,8,0.9638513,4.156583,0.5833912,0.02705158,-0.78489846,0.0068857623,-3.504192,0.00045391827,-2.150493,0.001757446,4.156583,0.9638513
710,0,even,0,0,0.9999987,13.81048,13.81048,0.9999987,-4.833829,7.996105e-09,-8.223969,2.6950023e-10,0.25519603,1.2972216e-06,-8.566127,1.9140925e-10
711,5,odd,4,8,0.9999981,13.206928,-2.9040077,1.0071843e-07,-0.055003352,1.7394643e-06,-8.903886,2.496865e-10,-4.9973927,1.2415467e-08,13.206928,0.9999981
712,4,even,2,4,1.0,14.386661,-4.720716,5.0323634e-09,-5.715669,1.8606698e-09,14.386661,1.0,-6.088206,1.2819713e-09,-2.6872773,3.8448796e-08
713,2,even,1,2,0.9999801,10.213007,-2.488688,3.0458991e-06,10.213007,0.9999801,-4.97731,2.5288347e-07,-6.368235,6.292883e-08,-0.8021656,1.6449872e-05
714,8,even,4,8,0.9999968,11.209211,-3.0146713,6.647293e-07,-1.7689989,2.310114e-06,-4.0337715,2.3991382e-07,-5.8574615,3.8729027e-08,11.209211,0.9999968
715,7,odd,1,2,0.8255859,5.215531,2.9036524,0.08179489,5.215531,0.8255859,-3.386071,0.0001517519,-13.525459,5.993132e-09,3.026295,0.09246752
716,1,odd,4,8,0.98991513,5.4112616,-2.3443792,0.000424,0.7191964,0.0090752775,-2.4592974,0.00037797037,-3.058136,0.00020767552,5.4112616,0.98991513
717,1,odd,4,8,0.6018496,3.791531,-2.5783465,0.0010305883,3.3707814,0.39514706,-5.097068,8.30268e-05,-1.972082,0.0018896554,3.791531,0.6018496
718,3,odd,1,2,0.9989735,12.085325,-1.7973958,9.340387e-07,12.085325,0.9989735,-11.346349,6.6574336e-11,-10.3023205,1.8911367e-10,5.203799,0.001025522
719,5,odd,4,8,0.49547192,2.8359995,-0.28984737,0.021751089,-4.730464,0.00025641636,-2.8617356,0.0016615913,2.806063,0.480859,2.8359995,0.49547192
720,8,even,4,8,0.99996746,9.91708,-2.5846217,3.7201974e-06,-0.5679068,2.7952083e-05,-4.8732166,3.7726082e-07,-4.603548,4.9403445e-07,9.91708,0.99996746
721,3,odd,4,8,0.73241454,2.8556824,1.019149,0.11672412,1.2525196,0.147405,-3.855756,0.0008912845,-2.7986798,0.0025650668,2.8556824,0.73241454
722,0,even,0,0,1.0,21.147953,21.147953,1.0,-4.6297555,6.3809253e-12,-13.354712,1.0367737e-15,-1.9333873,9.4602166e-11,-12.520004,2.388867e-15
723,4,even,2,4,1.0,14.048115,-3.5213952,2.3423887e-08,-4.73417,6.965588e-09,14.048115,1.0,-4.6960926,7.2359265e-09,-6.2581844,1.5173518e-09
724,0,even,0,0,0.999997,11.714245,11.714245,0.999997,-3.481849,2.514312e-07,-5.9033403,2.2324365e-08,-1.098169,2.7267035e-06,-6.9306135,7.991701e-09
725,0,even,0,0,1.0,15.880775,15.880775,1.0,-4.1409383,2.0168816e-09,-7.9953337,4.273042e-11,-3.3640869,4.3859414e-09,-7.2573667,8.9378435e-11
726,6,even,3,6,0.99999416,11.064422,-3.0181878,7.655931e-07,-4.393167,1.935763e-07,-1.1543274,4.936989e-06,11.064422,0.99999416,-8.85254,2.2396023e-09
727,6,even,3,6,0.9999975,12.209614,-4.2543397,7.076116e-08,-3.1182015,2.2040092e-07,-0.8336686,2.1645783e-06,12.209614,0.9999975,-12.374481,2.1050486e-11
728,5,odd,0,0,0.98682004,5.193601,5.193601,0.98682004,0.24208117,0.0069794334,-5.6661363,1.8963303e-05,-2.9677474,0.00028171466,0.07403752,0.0058998335
729,7,odd,1,2,0.9999913,11.309235,-3.4423597,3.9215712e-07,11.309235,0.9999913,-3.3957608,4.1086386e-07,-9.28595,1.1366357e-09,-0.42940134,7.979421e-06
730,2,even,2,4,0.9946292,7.7514734,-4.4038787,5.2318956e-06,2.5270207,0.005354391,7.7514734,0.9946292,-6.84353,4.5617543e-07,-3.688245,1.0701748e-05
731,2,even,1,2,1.0,19.597893,-10.868797,5.867926e-14,19.597893,1.0,-10.87519,5.8305296e-14,-6.2969127,5.675821e-12,-0.50219,1.8648554e-09
732,8,even,4,8,0.99999416,11.483466,-3.2591197,3.957069e-07,-0.67192715,5.2598953e-06,-6.7028413,1.2641083e-08,-4.0350094,1.821416e-07,11.483466,0.99999416
733,0,even,0,0,1.0,15.846306,15.846306,1.0,-2.4315639,1.1535112e-08,-8.83097,1.917763e-11,-4.8900294,9.870151e-10,-6.8674197,1.3663252e-10
734,2,even,1,2,1.0,24.514538,-3.8985083,4.574788e-13,24.514538,1.0,-16.792313,1.1499072e-18,-13.1103325,4.5680037e-17,-2.0745182,2.834782e-12
735,2,even,1,2,0.999765,7.702647,-0.99189466,0.00016745817,7.702647,0.999765,-5.089963,2.780596e-06,-2.4091754,4.0587227e-05,-2.927185,2.4178002e-05
736,1,odd,4,8,0.99888545,6.793951,-2.999976,5.572719e-05,-0.36889854,0.0007739799,-3.635039,2.952995e-05,-1.4779538,0.00025531306,6.793951,0.99888545
737,8,even,4,8,0.99999905,14.073799,-4.0708795,1.3178501e-08,0.14816713,8.9572404e-07,-4.8942366,5.784768e-09,-10.257998,2.7091543e-11,14.073799,0.99999905
738,9,odd,2,4,0.99998975,10.600011,-4.007246,4.5304827e-07,-1.2488455,7.1466548e-06,10.600011,0.99998975,-7.3967795,1.5278792e-08,-2.2408564,2.6501955e-06
739,0,even,0,0,1.0,14.111156,14.111156,1.0,-2.7934873,4.5541398e-08,-7.678189,3.443561e-10,-4.3051777,1.0043561e-08,-4.9257174,5.399967e-09
740,1,odd,4,8,0.9979948,6.7236433,-2.4869277,9.977644e-05,0.24091524,0.0015265648,-5.105582,7.2737917e-06,-1.1718907,0.0003716562,6.7236433,0.9979948
741,7,odd,1,2,0.96537435,5.853664,-4.4166856,3.344565e-05,5.853664,0.96537435,1.5981487,0.013694589,-9.676106,1.7386108e-07,2.0207684,0.02089731
742,3,odd,0,0,0.9756623,5.4792247,5.4792247,0.9756623,0.6461608,0.007768309,-4.2437024,5.8436737e-05,-6.9226985,4.010631e-06,1.3998941,0.016507026
743,2,even,1,2,1.0,20.107609,-1.8431718,2.9301983e-10,20.107609,1.0,-7.604173,9.224137e-13,-10.87759,3.4938083e-14,-8.998051,2.2886147e-13
744,7,odd,1,2,0.9991597,8.5433235,-2.226139,2.1014388e-05,8.5433235,0.9991597,1.3248471,0.0007323024,-12.780691,5.4793997e-10,-0.8042615,8.710245e-05
745,9,odd,2,4,0.99999964,13.014573,-2.0491862,2.87007e-07,-5.0715795,1.3972798e-08,13.014573,0.99999964,-6.677124,2.805465e-09,-3.6271987,5.9233912e-08
746,0,even,0,0,0.99999964,14.010969,14.010969,0.99999964,-4.440414,9.697633e-09,-9.028759,9.8621826e-11,-0.7247548,3.9843405e-07,-7.321741,5.4365257e-10
747,7,odd,2,4,0.61939913,5.3066506,4.81832,0.38009417,-4.662911,2.8989785e-05,5.3066506,0.61939913,-8.157711,8.799801e-07,-1.862583,0.0004768831
748,0,even,0,0,0.9999993,12.497129,12.497129,0.9999993,-4.0427284,6.558895e-08,-3.4318826,1.2081408e-07,-2.042965,4.8452586e-07,-9.668373,2.3639826e-10
749,2,even,1,2,1.0,22.24582,-5.705419,7.2599115e-13,22.24582,1.0,-9.432172,1.7475264e-14,-8.066991,6.844068e-14,-9.551817,1.5504657e-14
750,3,odd,4,8,0.9957729,8.06291,-3.6812336,7.902119e-06,2.5970485,0.0042108214,-3.715436,7.636417e-06,-6.011391,7.687217e-07,8.06291,0.9957729
751,3,odd,4,8,0.993832,5.5041065,-2.1163538,0.0004872917,-0.06371669,0.0037952287,-0.79183483,0.0018324004,-4.3337994,5.3059695e-05,5.5041065,0.993832
752,4,even,2,4,0.9999958,10.463616,-4.4330325,3.392079e-07,-3.272044,1.0831201e-06,10.463616,0.9999958,-3.7156549,6.9505427e-07,-2.6223922,2.07404e-06
753,9,odd,2,4,0.99999964,13.059401,-2.3896186,1.952432e-07,-2.4546063,1.829584e-07,13.059401,0.99999964,-6.4831047,3.2568492e-09,-6.3771906,3.6207215e-09
754,5,odd,4,8,0.9911351,6.249996,1.3513193,0.007390342,-0.2787855,0.0014478344,-5.1719027,1.0855884e-05,-4.7947993,1.582847e-05,6.249996,0.9911351
755,5,odd,4,8,0.8979369,4.4398856,2.2336187,0.09887267,-1.3268173,0.0028105972,-4.153203,0.00016646198,-3.9049482,0.00021336871,4.4398856,0.8979369
756,5,odd,0,0,0.9997702,9.453875,9.453875,0.9997702,1.0629859,0.0002268735,-7.591613,3.9549363e-08,-3.726058,1.8876793e-06,-4.3769875,9.845395e-07
757,0,even,0,0,1.0,15.503131,15.503131,1.0,-1.4491024,4.342492e-08,-8.475074,3.858318e-11,-4.129691,2.9755944e-09,-9.678534,1.1580905e-11
758,9,odd,2,4,0.9998105,7.980238,-3.0074074,1.6906124e-05,-2.803457,2.0730911e-05,7.980238,0.9998105,-4.1970043,5.1452744e-06,-0.8462276,0.00014676833
759,9,odd,2,4,0.99932206,8.344545,-2.660114,1.6612788e-05,-2.9279153,1.2709776e-05,8.344545,0.99932206,-7.383763,1.4756664e-07,1.004485,0.0006485714
760,4,even,2,4,0.9999696,13.34909,-6.235739,3.1217886e-09,2.943725,3.0268731e-05,13.34909,0.9999696,-2.6663532,1.10807406e-07,-13.470217,2.2516997e-12
761,8,even,4,8,0.9999889,11.709211,-1.7001275,1.5010436e-06,0.13835654,9.437059e-06,-4.422905,9.860662e-08,-9.826366,4.4382584e-10,11.709211,0.9999889
762,7,odd,1,2,0.99938464,7.815019,-2.0233588,5.3330965e-05,7.815019,0.99938464,-0.9106179,0.00016226935,-9.4309225,3.235308e-08,-0.009061497,0.00039974006
763,0,even,0,0,0.9999497,9.65758,9.65758,0.9999497,-0.53163666,3.757142e-05,-1.6372862,1.2435978e-05,-5.600575,2.3628999e-07,-6.6661572,8.1408324e-08
764,5,odd,4,8,0.9991485,8.263661,-1.9737082,3.5776426e-05,-4.940572,1.8412148e-06,-5.166484,1.4688994e-06,1.1490395,0.0008124356,8.263661,0.9991485
765,7,odd,2,4,0.8365383,3.692624,1.2841733,0.07525042,1.4201688,0.086212665,3.692624,0.8365383,-6.9828,1.932893e-05,-2.3539712,0.0019791683
766,4,even,2,4,1.0,14.883777,-4.8212233,2.7683897e-09,-5.5300736,1.3626277e-09,14.883777,1.0,-4.723145,3.0536687e-09,-5.3067617,1.7035724e-09
767,8,even,4,8,0.9999223,8.864678,-1.2290369,4.1335312e-05,-2.2192266,1.5356327e-05,-1.9176556,2.0761463e-05,-6.2249045,2.7966868e-07,8.864678,0.9999223
768,3,odd,2,4,0.9984786,6.9599924,-4.093478,1.5808018e-05,-3.088185,4.3198692e-05,6.9599924,0.9984786,-2.9603508,4.908947e-05,0.3997096,0.0014133318
769,1,odd,1,2,0.97074956,4.2174106,-2.3521523,0.0013613891,4.2174106,0.97074956,-2.0625238,0.0018187222,-2.331358,0.0013899945,0.5453514,0.024680402
770,4,even,2,4,0.99998474,9.657798,-3.2331827,2.5206443e-06,-1.8880712,9.675786e-06,9.657798,0.99998474,-3.2589912,2.456423e-06,-4.65269,6.0957547e-07
771,9,odd,2,4,0.99792165,8.025068,-4.6409397,3.1500615e-06,-3.5115492,9.7455695e-06,8.025068,0.99792165,-5.0029454,2.193321e-06,1.8437449,0.002063392
772,2,even,1,2,1.0,18.50962,-5.0982203,5.5878493e-11,18.50962,1.0,-9.820397,4.9708414e-13,-7.3099303,6.1194344e-12,-4.9739285,6.327384e-11
773,9,odd,0,0,0.9735522,5.922892,5.922892,0.9735522,2.0445797,0.020138616,-4.951966,1.8427589e-05,-8.596475,4.815908e-07,0.8809388,0.006290235
774,9,odd,2,4,0.99999154,10.858346,-0.9401568,7.5157377e-06,-3.5559785,5.494581e-07,10.858346,0.99999154,-3.9704313,3.6302802e-07,-6.440816,3.0694867e-08
775,8,even,4,8,1.0,18.273952,-4.1652856,1.7978892e-10,1.0876093,3.436098e-08,-12.656255,3.691323e-14,-8.452829,2.4700522e-12,18.273952,1.0
776,9,odd,2,4,0.9861902,6.229993,-3.8112843,4.29625e-05,-3.8736722,4.0364033e-05,6.229993,0.9861902,-3.342701,6.864242e-05,1.9504517,0.013657765
777,2,even,1,2,0.99993527,10.215475,0.54830354,6.332463e-05,10.215475,0.99993527,-3.7494533,8.6115324e-07,-7.78686,1.5193482e-08,-4.102307,6.051157e-07
778,9,odd,2,4,0.97039247,5.238338,-4.1084023,8.4666084e-05,-1.5088706,0.0011393888,5.238338,0.97039247,-4.1216555,8.3551466e-05,1.7035002,0.028300032
779,6,even,3,6,0.99977666,9.863024,-2.2388504,5.5478636e-06,-6.0948834,1.1734705e-07,1.4306768,0.00021766125,9.863024,0.99977666,-8.938972,6.828099e-09
780,8,even,4,8,0.99999964,13.920605,-5.180328,5.06489e-09,-1.0096107,3.2801182e-07,-5.407263,4.036581e-09,-6.6998467,1.1082858e-09,13.920605,0.99999964
781,6,even,3,6,0.99999964,13.425271,-3.611163,3.991816e-08,-5.675972,5.0633253e-09,-1.7612268,2.5385614e-07,13.425271,0.99999964,-10.205832,5.4593628e-11
782,3,odd,4,8,0.9992489,12.390187,-5.0036974,2.7900088e-08,5.1968093,0.0007509817,-6.2941604,7.676528e-09,-12.130157,2.2419382e-11,12.390187,0.9992489
783,0,even,0,0,1.0,18.931032,18.931032,1.0,-1.7581625,1.0346592e-09,-10.438965,1.7570025e-13,-7.1204877,4.852537e-12,-8.229409,1.6009206e-12
784,2,even,1,2,0.9998785,13.243671,-5.4132395,7.8950375e-09,13.243671,0.9998785,-10.983253,3.008344e-11,-7.5865164,8.9848584e-10,4.227997,0.00012147573
785,1,odd,1,2,0.9449587,3.7111077,-2.1975596,0.0025663218,3.7111077,0.9449587,-1.80081,0.0038160798,-2.2662015,0.002396075,0.69430715,0.04626291
786,2,even,1,2,0.9999982,15.07136,-5.314008,1.4019942e-09,15.07136,0.9999982,-9.733495,1.6880582e-11,-8.582579,5.3361045e-11,1.8359045,1.7861335e-06
787,5,odd,0,0,0.99724245,7.117624,7.117624,0.99724245,-0.5804631,0.0004524433,-5.3952394,3.6688787e-06,-5.5263696,3.2179862e-06,1.0447366,0.0022981546
788,0,even,0,0,1.0,21.35624,21.35624,1.0,-4.5459356,5.634144e-12,-12.634324,1.73016e-15,-3.81944,1.1650427e-11,-10.903957,9.762804e-15
789,2,even,1,2,0.99999976,17.609774,-2.7870674,1.3860035e-09,17.609774,0.99999976,-14.546826,1.0828432e-14,-10.389793,6.9173925e-13,2.1408103,1.9138785e-07
790,8,even,4,8,0.9998765,8.780281,-0.81822455,6.7821624e-05,-1.0968425,5.1329374e-05,-3.6400626,4.0351506e-06,-6.369153,2.6340905e-07,8.780281,0.9998765
791,8,even,4,8,0.9999939,10.951557,-1.3838068,4.393561e-06,-2.5313945,1.3945229e-06,-5.9513397,4.562076e-08,-4.4624667,2.0219557e-07,10.951557,0.9999939
792,2,even,1,2,0.9998454,9.725557,-4.186132,9.081608e-07,9.725557,0.9998454,-9.170403,6.216154e-09,-2.5154881,4.8274146e-06,0.9126955,0.00014878385
793,3,odd,4,8,0.7261455,6.9849043,-2.6726487,4.6430334e-05,6.0095587,0.2738019,-4.7004075,6.111629e-06,-9.9222765,3.29859e-08,6.9849043,0.7261455
794,5,odd,3,6,0.6907467,3.2691166,-0.82136697,0.01155698,-0.7657328,0.012218164,-6.4675016,4.080932e-05,3.2691166,0.6907467,2.385366,0.28543735
795,7,odd,1,2,0.99880207,6.9178786,-0.91993517,0.000394058,6.9178786,0.99880207,-2.0866604,0.0001227037,-6.855198,1.0420969e-06,-0.3742932,0.00068003207
796,9,odd,2,4,0.9999348,8.9515295,-2.5662787,9.950646e-06,-2.3365602,1.2520352e-05,8.9515295,0.9999348,-6.3544455,2.2525333e-07,-1.1162528,4.2421827e-05
797,0,even,0,0,0.9999974,10.860655,10.860655,0.9999974,-2.9660375,9.888777e-07,-4.874372,1.4667745e-07,-2.6018643,1.4233157e-06,-4.902429,1.426193e-07
798,2,even,1,2,0.9999771,13.758702,-2.0900526,1.3090711e-07,13.758702,0.9999771,-11.204447,1.44089315e-11,-10.003169,4.790054e-11,3.0688348,2.2774024e-05
799,1,odd,4,8,0.6346567,4.322817,-2.2206607,0.00091357186,3.7673547,0.36417052,-4.6576624,7.9866804e-05,-3.849012,0.000179291,4.322817,0.6346567
800,9,odd,2,4,0.8438943,5.779765,-2.9002025,0.00014342535,-1.273242,0.0007298036,5.779765,0.8438943,-9.704917,1.5899228e-07,4.086661,0.15523234
801,5,odd,1,2,0.59627616,3.1571634,2.704744,0.3792838,3.1571634,0.59627616,-4.531269,0.0002731515,-3.406721,0.0008409855,-0.08397432,0.02332594
802,3,odd,1,2,0.981375,7.278547,-0.4055046,0.00045153746,7.278547,0.981375,-5.482347,2.8174045e-06,-8.534821,1.3309956e-07,3.28939,0.018170474
803,8,even,4,8,0.9999584,9.236411,-2.991002,4.894224e-06,-1.1861384,2.9752693e-05,-2.716726,6.4387314e-06,-5.205615,5.344286e-07,9.236411,0.9999584
804,2,even,1,2,0.9999862,9.720264,-5.723825,1.9620539e-07,9.720264,0.9999862,-4.497931,6.685138e-07,-2.088659,7.4377845e-06,-2.4016678,5.4388343e-06
805,0,even,0,0,1.0,18.90485,18.90485,1.0,-3.5006964,1.8594946e-10,-9.3685665,5.260309e-13,-4.683089,5.70018e-11,-10.8040085,1.2520069e-13
806,3,odd,4,8,0.95556533,4.899166,0.112990655,0.007973535,1.5996532,0.03526145,-1.7845403,0.0011955387,-7.436788,4.1958824e-06,4.899166,0.95556533
807,6,even,3,6,1.0,13.565216,-5.4794326,5.358139e-09,-3.8495257,2.7344743e-08,-4.7831144,1.0750307e-08,13.565216,1.0,-6.7583966,1.4913081e-09
808,6,even,3,6,0.9997397,8.5891,0.15492204,0.00021725522,-2.461105,1.5879756e-05,-1.9255841,2.7128002e-05,8.5891,0.9997397,-10.848432,3.6163854e-09
809,6,even,3,6,0.67339575,2.9510877,-2.384694,0.0032431697,-3.7270331,0.00084722636,-1.1771215,0.010849555,2.9510877,0.67339575,2.1806812,0.31166428
810,0,even,0,0,0.9999826,10.413766,10.413766,0.9999826,-0.81348044,1.3306423e-05,-6.965382,2.8335062e-08,-2.031214,3.9373717e-06,-5.9737396,7.638176e-08
811,4,even,2,4,0.99999964,12.665821,-3.0284297,1.5278236e-07,-4.365168,4.0136126e-08,12.665821,0.99999964,-3.5848804,8.758096e-08,-5.9429855,8.285102e-09
812,7,odd,2,4,0.5034585,1.2306615,0.74524945,0.30985028,-0.14486048,0.12722781,1.2306615,0.5034585,-1.6382936,0.0285754,-1.5604712,0.030888025
813,2,even,1,2,0.99993575,9.275193,-1.9642403,1.3144625e-05,9.275193,0.99993575,-7.5806184,4.7817394e-08,-3.6130357,2.5274653e-06,-0.65530914,4.866423e-05
814,6,even,3,6,0.9999999,13.930393,-5.1365576,5.2399605e-09,-2.8001227,5.420371e-08,-3.2477155,3.4645144e-08,13.930393,0.9999999,-11.812954,6.6039886e-12
815,0,even,0,0,0.99996316,8.999608,8.999608,0.99996316,-1.533771,2.6631511e-05,-3.5561707,3.5243472e-06,-3.0537333,5.824847e-06,-5.0427494,7.970134e-07
816,4,even,2,4,1.0,14.546906,-5.0892873,2.9655771e-09,-5.024321,3.1646352e-09,14.546906,1.0,-5.447817,2.0720565e-09,-4.0485516,8.396432e-09
817,1,odd,4,8,0.99302495,4.979491,-2.8864553,0.0003809104,-1.2615399,0.0019342595,-0.76248825,0.003186032,-1.5333928,0.0014738406,4.979491,0.99302495
818,6,even,2,4,0.9799811,5.582965,-1.474543,0.0008436862,-1.9600306,0.00051920203,5.582965,0.9799811,1.6214495,0.018653203,-7.177722,2.813985e-06
819,8,even,4,8,0.9997476,7.9721456,-1.3183326,9.227565e-05,-1.0176594,0.00012464289,-5.378917,1.5907336e-06,-2.3182354,3.394962e-05,7.9721456,0.9997476
820,6,even,3,6,0.99999213,9.97281,-2.0616467,5.9360646e-06,-4.334938,6.1125246e-07,-4.9569583,3.281564e-07,9.97281,0.99999213,-3.8667753,9.76205e-07
821,7,odd,2,4,0.99969566,8.258332,0.090954654,0.00028367483,-3.335746,9.217722e-06,8.258332,0.99969566,-4.9658318,1.8058694e-06,-3.2931688,9.6186595e-06
822,3,odd,4,8,0.9962568,9.628314,-3.317012,2.3784155e-06,4.0435166,0.0037404564,-5.4759607,2.7457952e-07,-9.3984585,5.4343725e-09,9.628314,0.9962568
823,9,odd,2,4,0.9998832,8.626952,-3.0643294,8.3654695e-06,-2.2635667,1.8631888e-05,8.626952,0.9998832,-5.7538004,5.681562e-07,-0.6969846,8.9251414e-05
824,1,odd,1,2,0.7137659,3.5685904,-2.8374932,0.00117877,3.5685904,0.7137659,-2.222842,0.002179559,-3.5429611,0.000582168,2.640983,0.28229362
825,2,even,1,2,1.0,17.90675,-7.5582833,8.723221e-12,17.90675,1.0,-11.209307,2.2649433e-13,-5.448453,7.1939066e-11,-2.0009618,2.2604294e-09
826,2,even,1,2,1.0,21.032822,-7.7219186,3.250687e-13,21.032822,1.0,-7.6570644,3.4684926e-13,-8.768187,1.1417909e-13,-6.5480146,1.0514644e-12
827,9,odd,2,4,0.99840873,7.777446,-3.6465147,1.0913028e-05,-4.279902,5.7925336e-06,7.777446,0.99840873,-4.142054,6.6486755e-06,1.3210313,0.0015679178
828,5,odd,4,8,0.8739213,4.2693615,-0.8830582,0.005055975,-1.2060628,0.0036603764,-6.545267,1.7568667e-05,2.2614875,0.11734477,4.2693615,0.8739213
829,4,even,2,4,0.9999459,9.058162,-4.678673,1.0817953e-06,-0.9529907,4.4894e-05,9.058162,0.9999459,-3.1210227,5.1359893e-06,-3.6552486,3.0103188e-06
830,2,even,1,2,1.0,18.554613,-5.3084807,4.329022e-11,18.554613,1.0,-11.997478,5.3876083e-14,-8.422564,1.9229193e-12,-0.9340765,3.4369225e-09
831,2,even,1,2,1.0,21.352928,-5.738766,1.7148528e-12,21.352928,1.0,-6.618943,7.1116604e-13,-12.331836,2.3490513e-15,-6.0876856,1.2097435e-12
832,5,odd,4,8,0.99644333,6.1705837,-3.4402373,6.676152e-05,-1.5666846,0.00043470997,0.36246258,0.0029923858,-3.5009477,6.282895e-05,6.1705837,0.99644333
833,3,odd,4,8,0.98183984,4.446891,-0.5830038,0.0064207404,-0.72839624,0.0055519044,-3.4366748,0.00037004237,-0.6816818,0.005817414,4.446891,0.98183984
834,3,odd,4,8,0.6058059,6.931578,-4.1321917,9.492904e-06,6.5018306,0.39418173,-5.3758554,2.7370502e-06,-8.418417,1.3059167e-07,6.931578,0.6058059
835,9,odd,2,4,0.9997528,9.307707,-4.5401645,9.679175e-07,-1.1733942,2.8054874e-05,9.307707,0.9997528,-9.071882,1.04169e-08,0.87726265,0.00021807075
836,6,even,3,6,1.0,16.715458,-6.154604,1.1685797e-10,-5.479963,2.2943045e-10,-5.86109,1.56722e-10,16.715458,1.0,-8.711037,9.065958e-12
837,5,odd,4,8,0.74676794,3.7244604,2.6293879,0.24980533,-3.7282853,0.00043301153,-2.5357454,0.0014269635,-2.4422903,0.0015667503,3.7244604,0.74676794
838,1,odd,4,8,0.96919864,5.243013,-2.1450775,0.00059952325,1.7009735,0.02806239,-5.9482346,1.3369513e-05,-0.8791843,0.0021260642,5.243013,0.96919864
839,6,even,3,6,0.9999999,13.834253,-2.9686964,5.0416364e-08,-4.6637306,9.256091e-09,-5.1109757,5.918228e-09,13.834253,0.9999999,-8.731224,1.5846657e-10
840,7,odd,2,4,0.9966498,8.461886,2.764654,0.0033439982,-4.064233,3.6184128e-06,8.461886,0.9966498,-7.2651215,1.4736348e-07,-4.4442124,2.4745423e-06
841,6,even,3,6,1.0,15.355567,-2.849178,1.2410235e-08,-6.401248,3.5574213e-10,-5.983779,5.400572e-10,15.355567,1.0,-9.325345,1.9108038e-11
842,3,odd,1,2,0.8495512,9.230397,-2.415614,7.436886e-06,9.230397,0.8495512,-8.274056,2.123743e-08,-12.078134,4.7316456e-10,7.499263,0.15044142
843,4,even,2,4,0.9999999,13.980874,-1.9784943,1.1720177e-07,-4.730894,7.474496e-09,13.980874,0.9999999,-6.6406007,1.1071515e-09,-5.4349966,3.696532e-09
844,8,even,4,8,0.9999993,13.577083,-4.574551,1.308715e-08,-0.52639157,7.49788e-07,-5.5462832,4.9525353e-09,-7.2154202,9.331044e-10,13.577083,0.9999993
845,4,even,2,4,0.99999917,11.488669,-3.798106,2.2963464e-07,-3.6141286,2.760181e-07,11.488669,0.99999917,-4.5710397,1.0601234e-07,-3.6034715,2.7897548e-07
846,6,even,3,6,0.9998147,9.808477,1.208743,0.00018412058,-4.5686507,5.701799e-07,-8.103711,1.6624723e-08,9.808477,0.9998147,-4.5136476,6.0242064e-07
847,0,even,0,0,1.0,18.98917,18.98917,1.0,-2.6501505,4.0009449e-10,-13.597032,7.0468152e-15,-3.5015125,1.7077356e-10,-8.797056,8.562395e-13
848,0,even,0,0,1.0,20.068562,20.068562,1.0,-4.243962,2.7618843e-11,-12.093866,1.07655e-14,-3.6062121,5.226082e-11,-9.664061,1.2226053e-13
849,2,even,1,2,0.9948619,7.253228,-5.960895,1.815274e-06,7.253228,0.9948619,-2.7149718,4.6626054e-05,1.9775175,0.005088044,-6.0851326,1.6031948e-06
850,7,odd,2,4,0.9882423,7.916003,3.482566,0.0117339995,-2.9630213,1.8627868e-05,7.916003,0.9882423,-8.907487,4.881064e-08,-4.2690496,5.046174e-06
851,9,odd,2,4,0.86235744,5.4089603,-3.588584,0.00010668503,-1.9069858,0.00057334005,5.4089603,0.86235744,-6.4236217,6.264148e-06,3.5689516,0.1369562
852,8,even,4,8,0.99985135,8.378771,-1.8593888,3.577333e-05,-0.83892924,9.925198e-05,-5.1087093,1.3880248e-06,-2.9310613,1.2250053e-05,8.378771,0.99985135
853,7,odd,1,2,0.998808,10.656173,-2.1916077,2.6288267e-06,10.656173,0.998808,-7.1976733,1.7605785e-08,-10.962252,4.0805623e-10,3.9230163,0.0011893493
854,6,even,3,6,0.99983156,8.0737705,-2.7305129,2.0308895e-05,-3.0080056,1.5387668e-05,-5.8046045,9.3891265e-07,8.0737705,0.99983156,-0.8604987,0.00013177202
855,8,even,4,8,0.9999199,11.380936,-5.602161,4.2101725e-08,1.9467791,7.993981e-05,-6.0749197,2.6241167e-08,-5.778184,3.53065e-08,11.380936,0.9999199
856,9,odd,2,4,1.0,15.071115,-3.6011498,7.775686e-09,-3.8630836,5.98387e-09,15.071115,1.0,-8.956404,3.6726622e-11,-4.723629,2.530769e-09
857,1,odd,4,8,0.94289184,4.2142596,-1.4007944,0.0034345898,1.1922982,0.045924105,-5.1888485,7.775776e-05,-0.59715295,0.007671704,4.2142596,0.94289184
858,2,even,1,2,0.9999639,10.648407,-3.0044506,1.1765856e-06,10.648407,0.9999639,-7.713872,1.0601036e-08,-5.166052,1.3547282e-07,0.3812672,3.47554e-05
859,8,even,4,8,0.9998895,9.9122715,-3.0819316,2.2732181e-06,0.77651757,0.000107731976,-5.4502807,2.128532e-07,-5.2766166,2.5322205e-07,9.9122715,0.9998895
860,2,even,1,2,1.0,19.787687,0.17239937,3.0282292e-09,19.787687,1.0,-14.158267,1.8090883e-15,-9.294298,2.3434417e-13,-6.1580667,5.393886e-12
861,2,even,1,2,1.0,17.154587,-2.18579,3.9863983e-09,17.154587,1.0,-9.835742,1.8977925e-12,-9.604212,2.3922218e-12,-3.1713557,1.4878362e-09
862,0,even,0,0,1.0,19.141388,19.141388,1.0,-4.2004685,7.290558e-11,-8.231563,1.2944288e-12,-4.592298,4.9270952e-11,-11.663866,4.1826175e-14
863,8,even,4,8,0.68114144,6.250883,-1.6618327,0.00024933796,5.4910245,0.318592,-9.7730665,7.4838454e-08,-4.3365583,1.7185803e-05,6.250883,0.68114144
864,5,odd,4,8,0.99999964,14.816889,-4.4518476,4.2824686e-09,-0.18946137,3.0396572e-07,-6.616962,4.913563e-10,-7.787807,1.5237195e-10,14.816889,0.99999964
865,6,even,3,6,1.0,16.385155,-6.287006,1.4243134e-10,-3.3920965,2.5754225e-09,-6.278408,1.4366128e-10,16.385155,1.0,-10.375801,2.3870669e-12
866,8,even,4,8,0.9999993,15.264349,-4.2923455,3.2109635e-09,1.0395314,6.641101e-07,-9.033357,2.8031077e-11,-8.091305,7.190651e-11,15.264349,0.9999993
867,7,odd,1,2,0.5067284,4.1101713,4.078198,0.49078286,4.1101713,0.5067284,-1.6936672,0.0015282702,-8.425574,1.8220911e-06,-2.1600118,0.0009586705
868,8,even,4,8,0.99989295,9.244422,-3.3968015,3.2354876e-06,-5.282787,4.907577e-07,-3.083762,4.4247745e-06,0.022507362,9.88387e-05,9.244422,0.99989295
869,0,even,0,0,0.9942656,8.820028,8.820028,0.9942656,3.616146,0.005463678,0.6113544,0.0002707203,-12.24173,7.0875666e-10,-7.920047,5.3380248e-08
870,1,odd,4,8,0.98925006,4.808275,-2.0630357,0.0010259673,-0.08499652,0.0074162623,-2.0796778,0.0010090349,-1.827304,0.0012987056,4.808275,0.98925006
871,0,even,0,0,0.9999969,11.426315,11.426315,0.9999969,-1.3526033,2.8195839e-06,-4.4648786,1.2547034e-07,-4.7951813,9.017625e-08,-6.3219757,1.958907e-08
872,2,even,2,4,0.6282292,3.4117053,-4.8894677,0.00015594246,2.0848248,0.16667147,3.4117053,0.6282292,2.2914066,0.2049173,-6.6763296,2.6118027e-05
873,4,even,2,4,1.0,17.370413,-5.423371,1.2612052e-10,-4.1804004,4.3711987e-10,17.370413,1.0,-6.5778327,3.975657e-11,-7.807946,1.16192255e-11
874,8,even,4,8,0.9999988,12.534649,-3.2949164,1.3344636e-07,-1.2585375,1.0225741e-06,-6.383046,6.0834418e-09,-4.9890676,2.452146e-08,12.534649,0.9999988
875,6,even,3,6,0.9996636,9.064177,1.0563806,0.00033274543,-4.9540486,8.162369e-07,-6.6462245,1.5028415e-07,9.064177,0.9996636,-3.7276077,2.782611e-06
876,7,odd,0,0,0.9942405,7.2728443,7.2728443,0.9942405,1.6411406,0.003561833,1.1578344,0.0021967287,-8.626728,1.2370718e-07,-6.7164516,8.3563646e-07
877,1,odd,4,8,0.9622821,4.506524,-2.958398,0.0005512239,-2.3107512,0.0010534101,1.1902635,0.03491956,-2.1857505,0.0011936706,4.506524,0.9622821
878,3,odd,4,8,0.7344161,4.9614973,-2.00791,0.00069050555,3.9288764,0.26150537,-0.4173739,0.0033878817,-10.387785,1.584286e-07,4.9614973,0.7344161
879,9,odd,2,4,0.99998987,11.504859,-0.14873448,8.687693e-06,-1.9259561,1.4691525e-06,11.504859,0.99998987,-8.792786,1.5305239e-09,-5.6181536,3.6607137e-08
880,8,even,4,8,0.999974,10.472224,-2.5128977,2.294151e-06,-0.18669395,2.3489796e-05,-6.3435507,4.9772613e-08,-4.935469,2.0347558e-07,10.472224,0.999974
881,2,even,1,2,0.9934098,7.637014,-6.507105,7.1518025e-07,7.637014,0.9934098,-9.038082,5.691491e-08,1.1257356,0.0014767816,2.3675923,0.00511267
882,0,even,0,0,0.9999993,12.068493,12.068493,0.9999993,-2.2259426,6.1944854e-07,-4.7102375,5.16523e-08,-3.9159677,1.1429746e-07,-6.896147,5.804454e-09
883,2,even,1,2,0.9998623,8.768496,-4.983688,1.0652282e-06,8.768496,0.9998623,-6.822151,1.6943703e-07,-0.38694474,0.00010562896,-1.6156037,3.0916002e-05
884,1,odd,1,2,0.5743208,4.415594,-1.8898995,0.0010488505,4.415594,0.5743208,-8.055232,2.2036547e-06,-1.7426971,0.0012151857,4.110754,0.42341298
885,1,odd,1,2,0.9985714,7.2888865,-4.229441,9.931915e-06,7.2888865,0.9985714,-0.9451385,0.00026508642,-6.535686,9.895632e-07,0.52467656,0.0011527102
886,8,even,4,8,0.9998491,8.937635,-3.4268847,4.266695e-06,-0.23160928,0.000104179446,-1.1322283,4.233001e-05,-7.458281,7.5731855e-08,8.937635,0.9998491
887,9,odd,2,4,0.99866235,6.3897657,-2.3237557,0.00016412856,-2.1223774,0.00020074366,6.3897657,0.99866235,-3.656114,4.3306063e-05,-0.5897797,0.0009294811
888,7,odd,4,8,0.9986286,6.9651833,-2.981985,4.779733e-05,-0.32139295,0.0006837292,-0.3913048,0.000637561,-5.9977956,2.3423622e-06,6.9651833,0.9986286
889,3,odd,4,8,0.5535813,3.44898,0.735863,0.036718898,3.145384,0.40863103,-7.286537,1.2044961e-05,-2.8122609,0.0010567177,3.44898,0.5535813
890,6,even,3,6,0.9738219,5.954244,-0.95556897,0.0009718202,-3.138972,0.00010948284,2.2957423,0.025096456,5.954244,0.9738219,-8.849319,3.6255454e-07
891,2,even,1,2,1.0,21.674654,-3.507424,1.15761125e-11,21.674654,1.0,-15.766137,5.4912425e-17,-12.029551,2.3038273e-15,-0.37641674,2.6505834e-10
892,3,odd,2,4,0.8032733,3.5151064,-2.5756178,0.0018184256,1.1114812,0.0726076,3.5151064,0.8032733,-6.42829,3.8592338e-05,1.6325787,0.12226212
893,6,even,3,6,0.99999976,13.881484,-5.290729,4.716434e-09,-1.6436584,1.8093229e-07,-7.182256,7.114329e-10,13.881484,0.99999976,-8.600538,1.7225905e-10
894,4,even,2,4,0.9999995,12.036136,-5.21822,3.21017e-08,-3.1670463,2.496558e-07,12.036136,0.9999995,-4.722861,5.2681713e-08,-3.2198572,2.3681338e-07
895,3,odd,1,2,0.99619836,9.791129,0.73102,0.00011576851,9.791129,0.99619836,-10.895007,1.0338821e-09,-9.268684,5.2574305e-09,4.1916857,0.0036858567
896,6,even,3,6,0.9999912,9.87706,-2.0524862,6.5926497e-06,-3.7731256,1.1797661e-06,-5.129961,3.0375946e-07,9.87706,0.9999912,-4.2750487,7.1418907e-07
897,1,odd,4,8,0.9756276,4.512829,-2.6504636,0.0007556239,0.6633534,0.020771993,-1.8318831,0.0017132107,-2.246614,0.0011316063,4.512829,0.9756276
898,3,odd,4,8,0.9745419,10.859131,-2.6432106,1.3329325e-06,7.2141466,0.025456809,-10.614538,4.601554e-10,-10.6507435,4.4379334e-10,10.859131,0.9745419
899,3,odd,0,0,0.8887174,4.1194015,4.1194015,0.8887174,-1.5929275,0.0029371812,-7.8873234,5.423868e-06,0.6278694,0.02706516,1.7274588,0.08127486
900,0,even,0,0,0.9995561,8.000636,8.000636,0.9995561,0.10099267,0.00037071112,-4.728013,2.9636376e-06,-6.00012,8.305313e-07,-1.574956,6.9371396e-05
901,8,even,4,8,0.9993339,8.290219,-1.6467371,4.8322046e-05,0.8844833,0.0006073519,-7.127411,2.0133483e-07,-3.2031336,1.0190862e-05,8.290219,0.9993339
902,9,odd,2,4,0.9622106,5.1110916,1.8515754,0.0369556,-2.422983,0.0005143551,5.1110916,0.9622106,-4.1149,9.4726754e-05,-3.2510192,0.00022472504
903,8,even,4,8,0.99998534,10.870065,-2.3920074,1.7391983e-06,-0.40024304,1.274563e-05,-6.423517,3.0866403e-08,-4.947575,1.350454e-07,10.870065,0.99998534
904,0,even,0,0,0.99999726,11.798428,11.798428,0.99999726,-1.8175081,1.2208808e-06,-6.5241556,1.1030684e-08,-1.6132168,1.4976e-06,-8.564319,1.434069e-09
905,3,odd,1,2,0.99998355,16.906311,-2.192704,5.074536e-09,16.906311,0.99998355,-17.858713,7.9750884e-16,-11.42391,4.9697453e-13,5.8894615,1.6422373e-05
906,7,odd,1,2,0.96415937,4.638147,-2.3193464,0.00091737707,4.638147,0.96415937,1.1209613,0.028619,-5.837537,2.7203037e-05,-0.3962319,0.006276909
907,1,odd,4,8,0.9252726,3.7301202,-1.4811903,0.0050469185,0.8951437,0.05433192,-4.2846336,0.0003058486,-0.3890711,0.015042765,3.7301202,0.9252726
908,6,even,3,6,0.99996567,9.30485,-1.2683177,2.5592733e-05,-3.5318637,2.6611608e-06,-7.149748,7.142401e-08,9.30485,0.99996567,-2.7289438,5.9398435e-06
909,8,even,4,8,0.99946016,8.71804,-3.4026225,5.442877e-06,1.1675358,0.0005255608,-2.9337244,8.698979e-06,-6.6982903,2.0162219e-07,8.71804,0.99946016
910,9,odd,4,8,0.6497115,3.883708,-2.690374,0.00090705376,3.236876,0.34025538,-0.38257945,0.009117914,-7.4008718,8.163748e-06,3.883708,0.6497115
911,4,even,2,4,1.0,14.198226,-4.1534605,1.0714299e-08,-3.3973675,2.2820819e-08,14.198226,1.0,-3.8208535,1.4942158e-08,-7.864273,2.620463e-10
912,2,even,1,2,0.9265339,6.8418126,-2.8497624,5.7261637e-05,6.8418126,0.9265339,-6.6707478,1.2543858e-06,-5.6996136,3.3127553e-06,4.306346,0.07340441
913,9,odd,2,4,0.9999821,9.2982435,-2.5777438,6.955312e-06,-3.4766266,2.8309794e-06,9.2982435,0.9999821,-3.2905192,3.4100617e-06,-2.9737473,4.680954e-06
914,3,odd,4,8,0.99978334,10.133488,-2.844907,2.309196e-06,1.6850593,0.00021419046,-5.372219,1.8444334e-07,-7.1400747,3.1484195e-08,10.133488,0.99978334
915,5,odd,4,8,0.9999974,11.868914,-3.5259738,2.0610283e-07,-4.964689,4.889427e-08,-5.4677186,2.956619e-08,-1.1146973,2.2976728e-06,11.868914,0.9999974
916,6,even,3,6,0.9721234,4.9099526,-2.6485999,0.0005070883,0.70416063,0.014493362,-7.8353004,2.8348395e-06,4.9099526,0.9721234,0.58562636,0.012873309
917,7,odd,4,8,0.7363948,4.412915,-2.1169615,0.0010745368,1.4344981,0.03746283,3.2275498,0.22506765,-11.433067,9.666917e-08,4.412915,0.7363948
918,6,even,3,6,0.9999454,9.37498,-0.7876203,3.8584687e-05,-3.2084646,3.428118e-06,-1.912622,1.2526602e-05,9.37498,0.9999454,-9.763629,4.8773514e-09
919,1,odd,4,8,0.67618674,5.389394,-4.06534,5.2957555e-05,4.6526885,0.3236828,-5.4697666,1.3001493e-05,-3.8688378,6.4456624e-05,5.389394,0.67618674
920,6,even,3,6,1.0,13.906256,-6.137918,1.9720856e-09,-3.3194902,3.303342e-08,-4.160156,1.4251381e-08,13.906256,1.0,-8.494248,1.8688923e-10
921,4,even,2,4,0.9940163,5.1061096,-2.9697058,0.00030910893,-2.2495813,0.00063512253,5.1061096,0.9940163,-0.7217439,0.0029267715,-1.04764,0.0021127788
922,8,even,4,8,0.9998381,9.035583,-3.8053741,2.6495559e-06,0.2438937,0.00015196644,-5.1731052,6.7479976e-07,-2.8910515,6.6108673e-06,9.035583,0.9998381
923,6,even,3,6,0.9994324,7.144694,-1.6749718,0.00014771384,-1.9530418,0.00011185545,-0.94305474,0.0003071064,7.144694,0.9994324,-6.6943398,9.761975e-07
924,2,even,1,2,1.0,25.21357,-2.547872,8.777258e-13,25.21357,1.0,-17.658344,2.4041656e-19,-13.303478,1.8717966e-17,-3.847636,2.3926493e-13
925,8,even,4,8,0.99997675,10.763304,-0.6416238,1.1140198e-05,-0.56256616,1.20566665e-05,-7.974841,7.2797652e-09,-5.495688,8.6855984e-08,10.763304,0.99997675
926,1,odd,4,8,0.92397285,4.983984,-1.9202361,0.0009272451,2.4633672,0.07429665,-5.780771,1.9524747e-05,-2.088345,0.0007837647,4.983984,0.92397285
927,5,odd,4,8,0.9990177,6.7832747,-1.6015824,0.00022807412,-2.02221,0.00014976136,-4.2637277,1.5919186e-05,-0.65365976,0.0005885097,6.7832747,0.9990177
928,3,odd,4,8,0.99954385,8.244358,-1.778153,4.4369124e-05,0.36753917,0.00037926517,-2.0937312,3.2361368e-05,-7.909932,9.640136e-08,8.244358,0.99954385
929,6,even,3,6,0.99999964,12.449818,-2.3834474,3.6140534e-07,-5.3679194,1.827489e-08,-5.8127723,1.1712715e-08,12.449818,0.99999964,-6.268498,7.4257254e-09
930,1,odd,1,2,0.96312404,4.8437605,-1.9860258,0.0010412228,4.8437605,0.96312404,-4.014134,0.00013700845,-2.8827555,0.00042471642,1.536698,0.03527306
931,2,even,1,2,1.0,25.017723,-8.974845,1.7266921e-15,25.017723,1.0,-3.7047882,3.3571583e-13,-14.985119,4.236298e-18,-8.579351,2.564337e-15
932,6,even,3,6,0.99999976,13.01759,-3.1587913,9.433813e-08,-5.7544475,7.037325e-09,-2.9859757,1.1213469e-07,13.01759,0.99999976,-8.35906,5.2028204e-10
933,2,even,1,2,1.0,15.949688,-4.5667453,1.2297761e-09,15.949688,1.0,-7.051569,1.0248989e-10,-4.359698,1.5126763e-09,-7.832425,4.694182e-11
934,2,even,1,2,1.0,25.36195,-3.4366758,3.1111122e-13,25.36195,1.0,-18.793217,6.662769e-20,-14.784899,3.6681266e-18,0.04126369,1.0077798e-11
935,7,odd,1,2,0.95669335,5.620561,-1.5529927,0.0007333949,5.620561,0.95669335,2.1527884,0.029835837,-12.738019,1.0179886e-08,1.3016183,0.012737366
936,2,even,1,2,1.0,18.287079,-6.350162,1.9960988e-11,18.287079,1.0,-3.9193935,2.2690891e-10,-8.366823,2.656791e-12,-7.8262763,4.5615634e-12
937,7,odd,2,4,0.729049,3.120752,-2.5316865,0.002558196,1.9513173,0.22640064,3.120752,0.729049,-4.948276,0.00022825615,0.26104328,0.041763898
938,8,even,4,8,0.9999994,12.687316,-2.9013333,1.6979901e-07,-2.117329,3.7189838e-07,-6.035022,7.3959128e-09,-5.590053,1.1540893e-08,12.687316,0.9999994
939,6,even,2,4,0.57530403,8.263532,-2.9768908,7.5551666e-06,-7.4417505,8.693207e-08,8.263532,0.57530403,7.9599886,0.42468834,-13.609285,1.82244e-10
940,1,odd,4,8,0.98550385,5.4788423,-0.5957273,0.0022672857,1.0210447,0.011419878,-6.7518606,4.8076336e-06,-1.6322399,0.0008041825,5.4788423,0.98550385
941,9,odd,2,4,0.999998,12.2675085,-3.353668,1.643646e-07,-5.672394,1.6173283e-08,12.2675085,0.999998,-6.566416,6.6150045e-09,-0.94180185,1.8334473e-06
942,7,odd,2,4,0.77965003,2.8104568,-2.181384,0.005296278,1.0782366,0.13791327,2.8104568,0.77965003,-3.8260007,0.0010226403,0.483894,0.07611781
943,1,odd,4,8,0.5753979,2.4900148,-1.770698,0.008120155,2.1386807,0.4049355,-1.8123391,0.007788965,-2.5413141,0.0037574205,2.4900148,0.5753979
944,2,even,1,2,1.0,29.294529,-5.659918,6.59899e-16,29.294529,1.0,-17.60264,4.2935585e-21,-17.862495,3.3110408e-21,-1.4925443,4.2593567e-14
945,8,even,4,8,0.99961483,9.419898,-3.5668614,2.2895747e-06,1.540293,0.00037823664,-2.8778007,4.560473e-06,-8.019629,2.6665086e-08,9.419898,0.99961483
946,2,even,1,2,1.0,21.27594,-1.696027,1.05536135e-10,21.27594,1.0,-18.333176,6.2802894e-18,-11.466568,6.0271146e-15,-0.041762393,5.5187294e-10
947,1,odd,1,2,0.9883847,5.3940387,-2.8443646,0.00026123595,5.3940387,0.9883847,-1.0872785,0.0015139998,-5.2110486,2.450164e-05,0.7819301,0.009815506
948,4,even,2,4,1.0,14.174457,-4.6580477,6.6244112e-09,-4.23662,1.0096515e-08,14.174457,1.0,-2.796221,4.2631246e-08,-7.442832,4.090071e-10
949,8,even,4,8,0.9032272,4.9254184,2.660127,0.09375478,-1.0989804,0.0021849114,-7.427887,3.897844e-06,-2.067795,0.0008292451,4.9254184,0.9032272
950,6,even,3,6,0.99999785,10.887732,-2.7273293,1.2219497e-06,-3.4376903,6.005473e-07,-4.6904984,1.7157727e-07,10.887732,0.99999785,-5.692735,6.297869e-08
951,6,even,3,6,0.99939203,6.8733387,-0.89450216,0.00042286862,-2.8004491,6.287284e-05,-2.2124994,0.00011318958,6.8733387,0.99939203,-4.74157,9.024962e-06
952,7,odd,2,4,0.59319437,2.8672767,-0.058592796,0.03180593,2.050155,0.26201466,2.8672767,0.59319437,-10.049879,1.4566237e-06,1.2089969,0.112983555
953,5,odd,4,8,0.85327387,4.003669,-0.64066416,0.008205033,0.75171244,0.03302035,-8.706257,2.5777326e-06,1.9132818,0.10549818,4.003669,0.85327387
954,7,odd,1,2,0.9999933,11.70907,-3.207598,3.324838e-07,11.70907,0.9999933,-4.724634,7.293399e-08,-8.414587,1.8213937e-09,-0.28670406,6.1701894e-06
955,9,odd,2,4,0.9992848,7.3372784,-2.1936023,7.2523755e-05,-0.05715797,0.00061422336,7.3372784,0.9992848,-4.330137,8.5623915e-06,-3.4842622,1.9950501e-05
956,5,odd,4,8,0.9999901,11.350782,-0.26602668,9.013214e-06,-5.6909366,3.9707356e-08,-2.6036901,8.7025256e-07,-6.4357104,1.885471e-08,11.350782,0.9999901
957,0,even,0,0,1.0,16.681145,16.681145,1.0,-1.2991614,1.5532882e-08,-7.409294,3.4486997e-11,-7.151317,4.4636808e-11,-8.568088,1.0824238e-11
958,8,even,4,8,1.0,15.967135,-3.1571934,4.9477715e-09,-2.3799357,1.0763868e-08,-7.8770375,4.411711e-11,-7.5564113,6.0793016e-11,15.967135,1.0
959,4,even,2,4,0.9999995,12.207351,-3.4300513,1.6171958e-07,-3.339177,1.7710407e-07,12.207351,0.9999995,-4.1029277,8.25156e-08,-5.713893,1.6477928e-08
960,0,even,0,0,0.9858846,5.7565236,5.7565236,0.9858846,0.27576625,0.0041073663,-7.722534,1.3802122e-06,-3.0389962,0.00014927269,1.151212,0.009857453
961,7,odd,1,2,0.99999595,11.805511,-3.6260927,1.9867244e-07,11.805511,0.99999595,-0.71209675,3.6615916e-06,-8.839681,1.081199e-09,-3.9990306,1.3682725e-07
962,3,odd,1,2,0.99822074,12.539225,-1.6760912,6.6925776e-07,12.539225,0.99822074,-11.062444,5.6124414e-11,-12.63057,1.1698309e-11,6.2090626,0.001778575
963,6,even,2,4,0.80747056,4.5862846,-2.902697,0.0004515473,-1.0443305,0.0028958865,4.5862846,0.80747056,3.135071,0.18917887,-7.8972225,3.059204e-06
964,1,odd,1,2,0.9991898,8.207968,-1.901358,4.0665276e-05,8.207968,0.9991898,-5.293564,1.3677518e-06,-5.8493657,7.845594e-07,1.0363175,0.00076743175
965,7,odd,1,2,0.6395674,3.9870884,-0.9425168,0.00462366,3.9870884,0.6395674,-2.9606354,0.00061450887,-6.0600176,2.770025e-05,3.3988838,0.35516673
966,1,odd,1,2,0.999907,10.235926,-4.918113,2.6220678e-07,10.235926,0.999907,-12.174312,1.8506216e-10,0.3337044,5.005868e-05,0.17285715,4.262109e-05
967,7,odd,2,4,0.99996924,11.137948,-3.2155116,5.8392686e-07,-3.240313,5.6962233e-07,11.137948,0.99996924,-10.258378,5.101293e-10,0.71040267,2.9604733e-05
968,6,even,3,6,0.9999999,13.232534,-4.2748485,2.4925276e-08,-3.2664418,6.832598e-08,-3.620731,4.7942383e-08,13.232534,0.9999999,-10.261716,6.260028e-11
969,2,even,1,2,0.99962187,11.584358,-0.41079515,6.1717283e-06,11.584358,0.99962187,-11.943394,6.051498e-11,-8.913303,1.2526058e-09,3.6878834,0.00037191206
970,3,odd,4,8,0.96943283,4.86771,1.3546109,0.028893365,-2.6350796,0.0005346845,-2.1349628,0.00088164833,-3.366072,0.00025741375,4.86771,0.96943283
971,5,odd,4,8,0.9999654,9.146267,-1.9423136,1.5285364e-05,-2.6806924,7.304689e-06,-4.258151,1.5084128e-06,-2.31819,1.04962655e-05,9.146267,0.9999654
972,5,odd,4,8,0.99999976,13.425875,-2.674107,1.0182792e-07,-2.402503,1.3360504e-07,-5.197012,8.169265e-09,-6.9659915,1.3929152e-09,13.425875,0.99999976
973,7,odd,1,2,0.99979514,11.692154,-1.1033475,2.7726512e-06,11.692154,0.99979514,-7.134822,6.6597647e-09,-12.672174,2.6219091e-11,3.1856446,0.00020210672
974,7,odd,1,2,0.9838627,5.6481495,-2.2718375,0.0003575427,5.6481495,0.9838627,0.19985215,0.004234176,-8.733277,5.586762e-07,1.2029246,0.011545106
975,4,even,2,4,0.99999857,11.843062,-2.145649,8.409675e-07,-2.7933533,4.4003266e-07,11.843062,0.99999857,-4.700653,6.5336316e-08,-6.2498837,1.38782e-08
976,8,even,4,8,0.9994186,7.4160805,-1.5564234,0.00012677645,-2.9003742,3.3064964e-05,-4.6469555,5.7655066e-06,-0.3686973,0.00041577793,7.4160805,0.9994186
977,1,odd,1,2,0.75135386,2.9369993,-1.5096155,0.008804492,2.9369993,0.75135386,-2.3049262,0.0039747087,-2.6852007,0.0027174032,1.7668027,0.23314954
978,9,odd,2,4,0.99986506,10.209255,0.9340546,9.3707175e-05,-5.7572913,1.16347785e-07,10.209255,0.99986506,-10.311699,1.2240643e-09,0.11177282,4.1177544e-05
979,7,odd,1,2,0.97927755,6.9597316,-4.1149006,1.5179377e-05,6.9597316,0.97927755,-1.5066264,0.00020606923,-8.660169,1.6116456e-07,3.0933943,0.020501085
980,1,odd,4,8,0.9919407,5.27329,-3.191744,0.00020901042,0.23287953,0.0064189383,-1.6278988,0.0009984757,-2.4636629,0.00043288228,5.27329,0.9919407
981,8,even,4,8,0.9997322,8.500607,-3.0471928,9.654688e-06,0.21145366,0.00025115986,-3.9167936,4.0464593e-06,-4.2347727,2.9442774e-06,8.500607,0.9997322
982,3,odd,1,2,0.55605525,4.0232387,3.6460392,0.38133118,4.0232387,0.55605525,-8.965751,1.270784e-06,-4.566935,0.00010338389,1.8376805,0.06250892
983,6,even,3,6,0.99999976,13.620069,-2.5685213,9.319336e-08,-6.268666,2.303733e-09,-2.267223,1.259613e-07,13.620069,0.99999976,-10.293356,4.116529e-11
984,2,even,1,2,1.0,23.21334,-7.9962125,2.7916661e-14,23.21334,1.0,-9.216231,8.241673e-15,-9.71534,5.0032915e-15,-7.1728387,6.3598974e-14
985,0,even,0,0,1.0,18.46585,18.46585,1.0,-3.9134576,1.9089288e-10,-9.611926,6.3969945e-13,-3.637816,2.5147784e-10,-10.311449,3.1781725e-13
986,5,odd,4,8,0.9560296,5.7411375,2.5188963,0.038112704,0.25157493,0.0039480682,-12.276208,1.4309933e-08,-0.47475046,0.0019096134,5.7411375,0.9560296
987,4,even,2,4,1.0,15.43534,-2.0657341,2.5083043e-08,-6.408563,3.2607209e-10,15.43534,1.0,-3.4929066,6.019597e-09,-9.544565,1.4169857e-11
988,0,even,0,0,0.9992888,7.094999,7.094999,0.9992888,-0.32015038,0.0006016344,-4.00837,1.5050789e-05,-2.5620923,6.392483e-05,-3.2993639,3.0582767e-05
989,2,even,1,2,1.0,21.721579,-0.83554995,1.5979507e-10,21.721579,1.0,-11.116694,5.4767084e-15,-14.1653805,2.5971182e-16,-5.6321325,1.3195765e-12
990,1,odd,1,2,0.5691818,2.9946775,-2.839605,0.001665153,2.9946775,0.5691818,-3.5070412,0.000854261,-1.4252082,0.0068504494,2.6941748,0.42144832
991,8,even,4,8,0.9996125,7.2504373,-1.88214,0.000108044806,-3.567188,2.0035342e-05,-1.4394435,0.00016821495,-2.051968,9.116924e-05,7.2504373,0.9996125
992,8,even,4,8,0.99983513,8.119225,-2.5496392,2.325412e-05,-0.92760384,0.000117744545,-4.080476,5.0311337e-06,-2.7645807,1.8756502e-05,8.119225,0.99983513
993,9,odd,2,4,0.99999344,10.746026,-2.5253015,1.723188e-06,-3.962931,4.092403e-07,10.746026,0.99999344,-6.324735,3.8570917e-08,-1.5758809,4.4530843e-06
994,9,odd,2,4,0.99978334,7.916023,-3.2800434,1.3725123e-05,-1.038057,0.00012918096,7.916023,0.99978334,-5.286737,1.8451011e-06,-1.6236042,7.192809e-05
995,6,even,3,6,0.99999976,12.282055,-3.5934067,1.2746018e-07,-4.626593,4.5359425e-08,-6.05435,1.0879288e-08,12.282055,0.99999976,-4.5216937,5.0376087e-08
996,2,even,1,2,0.8518966,7.7994676,-3.3130727,1.2713701e-05,7.7994676,0.8518966,-6.529683,5.097011e-07,-8.61532,6.33192e-08,6.049823,0.14809005
997,2,even,1,2,0.99999905,11.955477,-3.2792234,2.4190973e-07,11.955477,0.99999905,-3.8181899,1.411183e-07,-7.18269,4.8797717e-09,-2.4625716,5.4741986e-07
998,7,odd,1,2,0.9470094,4.8245645,-2.022172,0.0010065942,4.8245645,0.9470094,-1.1824251,0.0023310517,-6.4929767,1.1513532e-05,1.8760835,0.04964154
999,1,odd,4,8,0.9700668,5.0972385,-2.5682411,0.00045470122,1.5436909,0.027766142,-4.628522,5.7937203e-05,-1.2766587,0.0016544487,5.0972385,0.9700668
1000,7,odd,1,2,0.9951742,6.070154,-1.644098,0.00044426473,6.070154,0.9951742,-1.7495879,0.00039978657,-6.251309,4.4335934e-06,0.54783875,0.0039772964
1001,4,even,2,4,1.0,18.698824,-6.793779,8.486e-12,-5.1921744,4.209892e-11,18.698824,1.0,-7.0531907,6.547e-12,-6.2885823,1.4063958e-11
1002,3,odd,1,2,0.8310726,8.869127,-3.2349482,4.6015675e-06,8.869127,0.8310726,-6.7010784,1.4374228e-07,-11.6699,9.992e-10,7.2758512,0.1689227
1003,1,odd,4,8,0.9961804,6.447964,-0.9588201,0.0006048011,0.6601917,0.0030530947,-6.314889,2.8543097e-06,-2.2955587,0.00015888187,6.447964,0.9961804
1004,0,even,0,0,1.0,16.301765,16.301765,1.0,-3.6116498,2.2475708e-09,-11.091178,1.2688066e-12,-2.0821223,1.03747775e-08,-8.232432,2.2127526e-11
1005,5,odd,3,6,0.51301914,3.6429882,-2.6746905,0.0009255517,2.5129428,0.16571471,-11.542491,1.3036582e-07,3.6429882,0.51301914,3.1720595,0.3203405
1006,5,odd,4,8,0.99965215,7.8527613,-0.6375027,0.00020538755,-5.1652594,2.2191896e-06,-1.0969683,0.00012972706,-3.6080222,1.0531594e-05,7.8527613,0.99965215
1007,8,even,4,8,0.99966586,10.64687,-4.0118203,4.301965e-07,2.6391962,0.00033278717,-9.830803,1.2779523e-09,-3.261729,9.108085e-07,10.64687,0.99966586
1008,9,odd,4,8,0.9998952,9.036015,-2.8369381,6.975844e-06,-3.3118749,4.338449e-06,-0.24824767,9.2864655e-05,-5.298508,5.9504606e-07,9.036015,0.9998952
1009,0,even,0,0,0.9999876,11.610482,11.610482,0.9999876,0.30355558,1.22873635e-05,-4.8308244,7.238119e-08,-6.736301,1.0766836e-08,-6.2835884,1.6931637e-08
1010,6,even,3,6,0.99999905,12.028975,-4.312206,8.00046e-08,-2.698898,4.0157408e-07,-2.4779263,5.0087874e-07,12.028975,0.99999905,-9.369216,5.091948e-10
1011,9,odd,2,4,0.9997383,7.4938283,-1.9182162,8.171228e-05,-1.55664,0.00011730535,7.4938283,0.9997383,-4.3325477,7.307292e-06,-2.3066642,5.5409804e-05
1012,7,odd,4,8,0.57298297,3.1416216,-2.8638184,0.0014125779,2.6680653,0.35684437,1.0209479,0.068729766,-6.7065225,3.0279374e-05,3.1416216,0.57298297
1013,0,even,0,0,0.99999976,13.016026,13.016026,0.99999976,-2.4884536,1.8470983e-07,-6.6636705,2.8393363e-09,-4.3628826,2.8342358e-08,-5.8150086,6.634158e-09
1014,4,even,2,4,0.99999917,11.749598,-4.6491494,7.552914e-08,-2.8171136,4.7179924e-07,11.749598,0.99999917,-4.235552,1.14218764e-07,-4.054036,1.3695211e-07
1015,3,odd,4,8,0.99885905,8.025955,0.7230556,0.00067281444,0.35641497,0.00046629974,-6.7423086,3.8523763e-07,-5.4386225,1.4187714e-06,8.025955,0.99885905
1016,2,even,1,2,0.99649245,6.065125,-3.8358681,4.994905e-05,6.065125,0.99649245,0.17709757,0.0027627163,-1.248262,0.0006642177,-4.3208003,3.0755586e-05
1017,3,odd,1,2,0.99995935,15.367784,1.2754979,7.581946e-07,15.367784,0.99995935,-16.905575,9.634769e-15,-13.283318,3.6055176e-13,5.238755,3.9902607e-05
1018,4,even,2,4,0.99999964,12.453612,-3.694502,9.704262e-08,-3.1655617,1.6469437e-07,12.453612,0.99999964,-3.941136,7.583173e-08,-5.8882403,1.0820184e-08
1019,9,odd,2,4,0.9989409,6.6198797,-1.6933539,0.00024499002,-1.7435498,0.0002329959,6.6198797,0.9989409,-4.951343,9.423707e-06,-0.845848,0.00057176215
1020,3,odd,1,2,0.95283115,6.1158395,-1.1518759,0.0006647942,6.1158395,0.95283115,-4.682188,1.9475669e-05,-6.5471234,3.0169008e-06,3.0954576,0.046481565
1021,1,odd,4,8,0.7267121,3.235096,-3.9269555,0.0005635379,2.219807,0.26328608,-1.5716056,0.0059407107,-2.1013837,0.0034975081,3.235096,0.7267121
1022,5,odd,4,8,0.6169657,4.4663477,-2.598189,0.00052743824,-2.0235627,0.00093697687,-6.9285965,6.9422404e-06,3.9858098,0.38156286,4.4663477,0.6169657
1023,1,odd,4,8,0.96550924,4.236147,-3.0388744,0.00066873594,0.7240748,0.028805997,-1.3969433,0.0034541131,-2.1905942,0.0015619181,4.236147,0.96550924
1024,7,odd,2,4,0.9786043,4.85668,0.31941894,0.01047369,-2.379286,0.000704802,4.85668,0.9786043,-5.480533,3.1711177e-05,0.29151323,0.010185457
1025,9,odd,2,4,0.99935466,8.872485,-1.5291601,3.0362835e-05,-5.2305174,7.496585e-07,8.872485,0.99935466,-7.259606,9.854653e-08,1.4778779,0.0006141612
1026,4,even,2,4,0.99999976,12.784325,-5.349438,1.33231515e-08,-3.1563203,1.1941685e-07,12.784325,0.99999976,-5.2034945,1.5416616e-08,-3.8006377,6.269632e-08
1027,3,odd,4,8,0.99876827,11.439102,-3.055971,5.0621435e-07,4.7405257,0.0012311472,-7.563382,5.582016e-09,-10.645222,2.5607355e-10,11.439102,0.99876827
1028,6,even,3,6,1.0,14.511651,-5.3609433,2.3412172e-09,-4.4857945,5.6171237e-09,-5.490511,2.0567004e-09,14.511651,1.0,-7.0206394,4.4529178e-10
1029,9,odd,2,4,0.9997913,9.162365,-3.0774071,4.8333022e-06,0.6456158,0.00020004701,9.162365,0.9997913,-7.503121,5.7833702e-08,-3.3262405,3.7685722e-06
1030,0,even,0,0,0.9996859,8.199438,8.199438,0.9996859,0.050984465,0.00028909135,-3.7236304,6.6334655e-06,-5.3404603,1.3169235e-06,-2.782105,1.7007489e-05
1031,3,odd,4,8,0.75446546,4.6902027,0.11074983,0.0077411984,3.533225,0.23723042,-2.511374,0.0005623857,-9.405666,5.7000835e-07,4.6902027,0.75446546
1032,7,odd,0,0,0.58661187,3.6732008,3.6732008,0.58661187,1.0324674,0.041830674,3.0471797,0.31367022,-15.070583,4.2464783e-09,1.3573349,0.057887256
1033,9,odd,2,4,0.9906538,6.6007423,-2.46129,0.00011490294,-3.5237148,3.9712384e-05,6.6007423,0.9906538,-5.3441653,6.4315286e-06,1.9199704,0.009185199
1034,5,odd,4,8,0.99438983,5.045961,-1.5354122,0.0013781694,-1.8702796,0.0009859877,-1.4746903,0.0014644474,-1.2786683,0.001781579,5.045961,0.99438983
1035,3,odd,1,2,0.99985635,12.250315,1.5165263,2.1792774e-05,12.250315,0.99985635,-11.381388,5.4553126e-11,-12.146542,2.5381515e-11,3.2375424,0.000121826066
1036,3,odd,1,2,0.84030885,8.472536,-1.2575785,4.9969345e-05,8.472536,0.84030885,-7.667244,8.222834e-08,-11.675083,1.4943042e-09,6.811695,0.15964115
1037,5,odd,0,0,0.5968315,1.9616883,1.9616883,0.5968315,-1.5631149,0.017581226,0.12464993,0.09506839,-3.2470999,0.0032636523,1.2304244,0.2872552
1038,1,odd,1,2,0.979353,5.0781374,-2.5777128,0.0004634956,5.0781374,0.979353,-3.3686497,0.00021015819,-2.8825178,0.00034172015,1.1683856,0.019631594
1039,9,odd,2,4,0.99983776,7.7846537,-1.6224791,8.2122766e-05,-2.471973,3.5118293e-05,7.7846537,0.99983776,-3.979271,7.778969e-06,-2.4142373,3.720554e-05
1040,5,odd,4,8,0.999997,11.272412,-3.0676293,5.9183077e-07,-1.8914205,1.9187519e-06,-5.544215,4.973134e-08,-3.49538,3.8585864e-07,11.272412,0.999997
1041,1,odd,4,8,0.6681585,3.7490435,-2.0352867,0.002054834,3.032627,0.32639524,-5.4522133,6.742554e-05,-1.554299,0.0033240472,3.7490435,0.6681585
1042,4,even,2,4,0.9999987,11.524747,-2.72792,6.458699e-07,-5.1692724,5.621846e-08,11.524747,0.9999987,-2.9655042,5.0928764e-07,-4.705305,8.940812e-08
1043,3,odd,4,8,0.914052,6.944505,2.2007525,0.00795766,4.4832006,0.077990174,-9.347873,7.678586e-08,-9.26841,8.3136406e-08,6.944505,0.914052
1044,1,odd,4,8,0.90104544,4.3186264,-3.120175,0.0005298054,2.0842564,0.09646553,-3.3425305,0.00042417855,-2.0564117,0.0015349803,4.3186264,0.90104544
1045,5,odd,4,8,0.9989537,7.9681835,-2.623459,2.5098834e-05,0.78729236,0.0007601933,-8.041667,1.1131561e-07,-0.28215015,0.00026089812,7.9681835,0.9989537
1046,8,even,4,8,0.99959534,8.830313,-5.1213875,8.7232394e-07,-3.9836957,2.7212654e-06,1.0035446,0.00039875126,-4.1322346,2.3456407e-06,8.830313,0.99959534
1047,4,even,2,4,1.0,15.730765,-4.5406866,1.5711594e-09,-5.963961,3.7852957e-10,15.730765,1.0,-5.768596,4.6019946e-10,-4.955758,1.0374257e-09
1048,6,even,3,6,1.0,18.315914,-5.894033,3.060225e-11,-6.2549386,2.1331157e-11,-6.6835957,1.38947525e-11,18.315914,1.0,-9.995556,5.063896e-13
1049,5,odd,4,8,0.999997,11.508572,-3.812115,2.2197761e-07,-3.0076103,4.9625055e-07,-6.192025,2.0546015e-08,-1.512199,2.213858e-06,11.508572,0.999997
1050,0,even,0,0,0.99999976,13.313856,13.313856,0.99999976,-3.6192358,4.4264077e-08,-8.011984,5.474006e-10,-2.0188103,2.1933477e-07,-6.4749775,2.545767e-09
1051,5,odd,4,8,0.97087586,5.4240494,1.5604705,0.02038134,-4.445047,5.0242288e-05,-5.8372035,1.2487156e-05,0.7068891,0.008680146,5.4240494,0.97087586
1052,3,odd,4,8,0.63848066,3.605126,3.0186625,0.35518116,-1.1301296,0.005605993,-3.5567448,0.0004952069,-4.2934227,0.00023705639,3.605126,0.63848066
1053,7,odd,1,2,0.9626367,4.001967,-0.3233942,0.0127345,4.001967,0.9626367,-0.27278203,0.013395613,-5.738419,5.6658686e-05,-0.45389572,0.011176501
1054,1,odd,4,8,0.9966426,6.759641,-2.9484394,6.0586204e-05,1.021236,0.0032090887,-4.140471,1.8394197e-05,-2.813747,6.9321795e-05,6.759641,0.9966426
1055,6,even,3,6,0.999926,8.599675,-1.0869403,6.2104686e-05,-3.1710312,7.727074e-06,-4.1534605,2.8930197e-06,8.599675,0.999926,-4.9022675,1.368197e-06
1056,8,even,4,8,0.999882,10.098222,-2.4521973,3.5429996e-06,1.0206717,0.00011418759,-6.715535,4.986856e-08,-5.081611,2.5552376e-07,10.098222,0.999882
1057,2,even,1,2,0.58567196,2.9133213,-3.2201664,0.0012703242,2.9133213,0.58567196,0.624386,0.059372123,2.4087305,0.35360098,-5.929516,8.457831e-05
1058,7,odd,1,2,0.99706465,6.723416,-1.1579931,0.00037659192,6.723416,0.99706465,0.48946714,0.0019559322,-9.673241,7.546509e-08,-0.6876866,0.00060272956
1059,0,even,0,0,0.9999409,9.742378,9.742378,0.9999409,-6.803889,6.5166155e-08,-0.43637812,3.796614e-05,-1.031257,2.0943251e-05,-6.945608,5.655538e-08
1060,8,even,4,8,0.99999976,13.463048,-5.0019035,9.566956e-09,-2.0184228,1.8900897e-07,-7.05239,1.2310007e-09,-2.983214,7.202428e-08,13.463048,0.99999976
1061,9,odd,2,4,0.78203905,2.9360235,-0.93238175,0.016338093,-0.40784204,0.02760617,2.9360235,0.78203905,-4.76118,0.0003551202,1.4312276,0.17366163
1062,2,even,1,2,0.9999653,10.693787,-2.9938657,1.1363522e-06,10.693787,0.9999653,-5.953882,5.8883582e-08,-6.947988,2.1790104e-08,0.38991353,3.3501925e-05
1063,3,odd,1,2,0.69104934,11.08567,-3.4815965,3.258559e-07,11.08567,0.69104934,-12.890549,2.6715874e-11,-12.062042,6.117658e-11,10.28064,0.3089503
1064,5,odd,3,6,0.9865877,6.0219526,-0.63518655,0.0012675842,-6.4392104,3.822272e-06,-3.4406786,7.665971e-05,6.0219526,0.9865877,1.6179482,0.012064263
1065,8,even,4,8,1.0,15.675297,-5.7858095,4.7814586e-10,-2.9426816,8.209457e-09,-4.8910146,1.1699429e-09,-6.773209,1.7813037e-10,15.675297,1.0
1066,3,odd,0,0,0.9986203,6.825111,6.825111,0.9986203,0.028385008,0.0011158861,-3.0524347,5.124328e-05,-5.3987575,4.9050313e-06,-1.6526209,0.00020776303
1067,2,even,1,2,0.99709,6.4704986,-0.5928134,0.0008534477,6.4704986,0.99709,0.26952302,0.002021552,-5.3875475,7.0607466e-06,-4.0107,2.7977401e-05
1068,1,odd,1,2,0.89715296,4.4324126,-1.9183505,0.0015659038,4.4324126,0.89715296,-5.4832044,4.431684e-05,-1.7426276,0.0018667261,2.2320375,0.0993701
1069,2,even,1,2,0.99996495,13.006635,-7.7625146,9.551193e-10,13.006635,0.99996495,2.7494347,3.5102606e-05,-4.1850295,3.4177482e-08,-10.731337,4.905851e-11
1070,1,odd,4,8,0.99462694,6.4068,-1.6359463,0.00031969816,1.0696664,0.0047837957,-6.2933893,3.0341564e-06,-1.8179778,0.0002664924,6.4068,0.99462694
1071,5,odd,0,0,0.9933028,5.250582,5.250582,0.9933028,-0.4952073,0.0031748044,-4.0908923,8.71226e-05,-2.9414434,0.00027499822,-0.49978417,0.0031603074
1072,9,odd,2,4,0.99999857,14.746025,1.2878151,1.4294634e-06,-2.2935524,3.9792837e-08,14.746025,0.99999857,-11.529182,3.8799107e-12,-9.9486885,1.88461e-11
1073,9,odd,2,4,0.9999223,9.956371,-4.110337,7.7780857e-07,-3.9934337,8.742644e-07,9.956371,0.9999223,-6.0072436,1.16696036e-07,0.4700875,7.587965e-05
1074,6,even,3,6,0.9999999,14.004488,-4.357353,1.0606049e-08,-4.6463704,7.943927e-09,-2.1592047,9.554269e-08,14.004488,0.9999999,-11.475081,8.597337e-12
1075,3,odd,1,2,0.9998067,15.791937,-2.5539186,1.0774871e-08,15.791937,0.9998067,-16.605738,8.5071635e-15,-12.103655,7.673871e-13,7.240918,0.00019331064
1076,7,odd,1,2,0.99988985,9.697559,-1.4054005,1.50660035e-05,9.697559,0.99988985,0.39605784,9.127703e-05,-11.050882,9.750312e-10,-2.766953,3.8608546e-06
1077,5,odd,4,8,0.9999974,11.095182,-4.3879313,1.886982e-07,-2.640373,1.0832354e-06,-3.9514823,2.9195454e-07,-2.6806448,1.0404783e-06,11.095182,0.9999974
1078,2,even,1,2,0.9977118,5.722746,-3.935084,6.3776795e-05,5.722746,0.9977118,-1.1524035,0.0010307794,-1.3947655,0.00080892676,-2.1378794,0.00038475025
1079,5,odd,4,8,0.99415034,5.853442,0.20113775,0.0034888906,-0.23782855,0.0022492965,-3.6717103,7.256564e-05,-4.2955856,3.8885286e-05,5.853442,0.99415034
1080,6,even,3,6,0.9999994,12.931318,-1.8522638,3.7981468e-07,-4.765413,2.0625611e-08,-2.490503,2.0062623e-07,12.931318,0.9999994,-11.742567,1.9242764e-11
1081,5,odd,4,8,0.9996282,7.450252,-0.9750705,0.0002191631,-2.8314607,3.424108e-05,-4.2264776,8.48593e-06,-1.6657349,0.00010985396,7.450252,0.9996282
1082,5,odd,2,4,0.98868024,5.3828287,0.7817247,0.009927087,-4.308257,6.1132305e-05,5.3828287,0.98868024,-2.8879926,0.00025297853,-1.4378877,0.00107859
1083,3,odd,1,2,0.9992144,11.323795,-1.0510501,4.220186e-06,11.323795,0.9992144,-9.658376,7.7129053e-10,-10.358074,3.8312672e-10,4.1702223,0.00078145036
1084,6,even,3,6,0.9999994,11.64134,-4.3009143,1.1922474e-07,-3.1465993,3.7816332e-07,-5.1785393,4.9569994e-08,11.64134,0.9999994,-5.515859,3.5377123e-08
1085,5,odd,3,6,0.91627204,4.8635964,-2.185966,0.00079513044,-6.79744,7.901338e-06,-1.4179289,0.0017139278,4.8635964,0.91627204,2.4403336,0.08121098
1086,0,even,0,0,1.0,18.331114,18.331114,1.0,-4.101676,1.8095209e-10,-11.815361,8.082622e-14,-2.8958683,6.0428085e-10,-8.779834,1.682153e-12
1087,1,odd,4,8,0.98892945,4.665856,-2.8102121,0.00056020916,-0.4420169,0.0059819706,-1.4336174,0.0022192071,-1.3938959,0.0023091314,4.665856,0.98892945
1088,3,odd,1,2,0.99998486,12.010171,-0.6191659,3.2744767e-06,12.010171,0.99998486,-9.426703,4.898658e-10,-8.11871,1.8118912e-09,0.66872543,1.1870419e-05
1089,4,even,2,4,1.0,15.128495,-4.188047,4.0825596e-09,-2.712516,1.7854488e-08,15.128495,1.0,-4.0470214,4.70088e-09,-9.724379,1.608917e-11
1090,9,odd,2,4,0.9990434,6.955637,-2.4734993,8.027171e-05,-0.6009764,0.0005221423,6.955637,0.9990434,-6.344729,1.6722803e-06,-0.99388844,0.00035249206
1091,4,even,2,4,1.0,15.243519,-5.5021152,9.778801e-10,-6.7573977,2.7869154e-10,15.243519,1.0,-6.118225,5.2809557e-10,-2.1645827,2.7526903e-08
1092,4,even,2,4,0.99999976,13.407441,-4.848334,1.1792812e-08,-3.160962,6.3743194e-08,13.407441,0.99999976,-2.477717,1.2623018e-07,-7.6507273,7.154076e-10
1093,9,odd,2,4,0.9998667,8.023814,-1.7929553,5.4522192e-05,-1.6825813,6.088471e-05,8.023814,0.9998667,-3.9237533,6.474105e-06,-3.3565068,1.1416454e-05
1094,2,even,1,2,0.99999976,15.320066,-1.2479506,6.376788e-08,15.320066,0.99999976,-10.032993,9.7567674e-12,-10.42034,6.62344e-12,-0.58295375,1.2399555e-07
1095,3,odd,4,8,0.8137761,5.505929,-0.24277672,0.0025934249,4.0169888,0.18359734,-8.30264,8.1944467e-07,-4.627518,3.2329914e-05,5.505929,0.8137761
1096,9,odd,2,4,0.9998098,8.871769,-1.6746198,2.6283245e-05,-3.939936,2.7281278e-06,8.871769,0.9998098,-6.72899,1.6772339e-07,0.13845749,0.00016109733
1097,1,odd,4,8,0.83427024,4.091464,-1.2076397,0.0041680722,2.424156,0.15747225,-6.430647,2.2470464e-05,-1.2321883,0.004066998,4.091464,0.83427024
1098,7,odd,2,4,0.99934024,8.424071,-0.051809542,0.00020829805,-0.7746598,0.000101100915,8.424071,0.99934024,-13.191053,4.0962309e-10,0.4682757,0.0003503928
1099,7,odd,1,2,0.9998703,8.975611,-2.574059,9.637981e-06,8.975611,0.9998703,-0.10272007,0.000114097114,-7.610559,6.2612564e-08,-3.073167,5.8509454e-06
1100,0,even,0,0,1.0,20.517612,20.517612,1.0,-7.3535457,7.865197e-13,-11.654684,1.06598215e-14,-0.67657894,6.2442435e-10,-11.47965,1.26989e-14
1101,1,odd,4,8,0.99579203,6.7620096,-1.7138456,0.00020756382,1.2302449,0.0039423364,-5.5956655,4.278567e-06,-3.0654302,5.372366e-05,6.7620096,0.99579203
1102,4,even,2,4,0.9999416,9.048208,-2.1340442,1.39182275e-05,-1.0674684,4.0438215e-05,9.048208,0.9999416,-3.446314,3.7469047e-06,-5.87428,3.305372e-07
1103,6,even,3,6,0.8500091,7.0170608,5.282288,0.14997587,-4.659146,7.219572e-06,-4.5807533,7.808304e-06,7.0170608,0.8500091,-10.219705,2.777101e-08
1104,4,even,2,4,0.99999976,13.079152,-4.856134,1.6248165e-08,-5.421987,9.226936e-09,13.079152,0.99999976,-5.113027,1.2567158e-08,-2.2730844,2.1508404e-07
1105,7,odd,2,4,0.98894185,6.687419,-2.5755918,9.3820156e-05,2.151847,0.010602221,6.687419,0.98894185,-8.763564,1.9270547e-07,-1.2254039,0.0003619724
1106,1,odd,4,8,0.9970373,6.025792,-2.7881517,0.00014820545,-0.3103213,0.0017659252,-3.5395775,6.990756e-05,-0.90050703,0.0009787187,6.025792,0.9970373
1107,5,odd,3,6,0.7333712,3.7058563,0.7171629,0.03692757,-2.5497205,0.0014078658,-7.7729845,7.587989e-06,3.7058563,0.7333712,2.5388021,0.22828569
1108,4,even,2,4,0.9999987,11.53006,-2.5930467,7.352117e-07,-3.0134912,4.8285386e-07,11.53006,0.9999987,-5.34257,4.702293e-08,-4.682599,9.097699e-08
1109,4,even,2,4,0.99999976,12.358178,-3.8929446,8.754406e-08,-4.0571756,7.428521e-08,12.358178,0.99999976,-4.8921037,3.223276e-08,-3.484116,1.3175853e-07
1110,7,odd,1,2,0.99996686,12.015082,1.6822945,3.2547156e-05,12.015082,0.99996686,-2.29184,6.117415e-07,-11.8881,4.1587723e-11,-6.2789106,1.1350249e-08
1111,6,even,3,6,0.99999046,10.133324,-3.752643,9.319593e-07,-1.5722525,8.247624e-06,-5.153101,2.2971322e-07,10.133324,0.99999046,-5.743162,1.2732852e-07
1112,7,odd,2,4,0.9997769,8.445489,-0.32279268,0.00015555594,-2.0766664,2.6927059e-05,8.445489,0.9997769,-8.121824,6.3798424e-08,-1.6686513,4.0493716e-05
1113,1,odd,4,8,0.6328687,2.3875918,-2.0706468,0.007330359,1.715481,0.3231615,-2.8215845,0.0034593716,-0.5607216,0.033180077,2.3875918,0.6328687
1114,7,odd,1,2,0.99441874,6.4833336,0.19806823,0.001853161,6.4833336,0.99441874,0.6122055,0.002803953,-11.939121,9.926562e-09,-0.49764556,0.0009242057
1115,2,even,1,2,0.9967572,7.221254,0.8801503,0.0017566414,7.221254,0.9967572,-13.232209,1.3054595e-09,-1.3590678,0.00018715573,0.5782888,0.0012989314
1116,9,odd,2,4,0.9994324,8.874703,-1.3020302,3.802367e-05,-6.3401,2.466313e-07,8.874703,0.9994324,-5.72123,4.5795193e-07,1.3305308,0.00052888447
1117,5,odd,3,6,0.96719444,4.860107,-1.2933612,0.0020563477,-4.7934113,6.209318e-05,-2.3190885,0.0007372739,4.860107,0.96719444,1.3852297,0.029949788
1118,8,even,4,8,0.99989736,9.130471,-2.853517,6.242746e-06,-0.1915981,8.9419504e-05,-5.7918463,3.30579e-07,-2.7901115,6.6513853e-06,9.130471,0.99989736
1119,4,even,2,4,0.9999995,12.044158,-3.521098,1.7381808e-07,-3.6895895,1.468656e-07,12.044158,0.9999995,-4.0585494,1.01550725e-07,-5.151456,3.4043918e-08
1120,2,even,1,2,1.0,21.934517,-7.3518267,1.9103064e-13,21.934517,1.0,-11.715284,2.4326306e-15,-9.562012,2.0952287e-14,-3.2524166,1.1520033e-11
1121,0,even,0,0,1.0,23.263956,23.263956,1.0,-7.3867908,4.8814583e-14,-11.418346,8.6629654e-16,-4.3420067,1.025375e-12,-11.195938,1.082079e-15
1122,6,even,3,6,1.0,15.557627,-4.1633534,2.7245033e-09,-6.157042,3.7105594e-10,-5.9129233,4.7365095e-10,15.557627,1.0,-7.4129734,1.0568056e-10
1123,0,even,0,0,1.0,15.79276,15.79276,1.0,-2.482857,1.1561125e-08,-6.594815,1.8932138e-10,-6.16272,2.9164593e-10,-7.9015193,5.1251368e-11
1124,2,even,1,2,1.0,20.259445,-2.8817353,8.910728e-11,20.259445,1.0,-7.659842,7.4956247e-13,-15.767391,2.258103e-16,-2.9097657,8.664425e-11
1125,8,even,4,8,0.99991536,8.550753,-2.212994,2.1150841e-05,-1.2738276,5.4100623e-05,-3.6381476,5.086174e-06,-3.7967029,4.340415e-06,8.550753,0.99991536
1126,6,even,3,6,0.99999213,10.270702,-1.6343744,6.7559645e-06,-4.6575446,3.2865566e-07,-4.0436954,6.072012e-07,10.270702,0.99999213,-5.385791,1.586602e-07
1127,7,odd,1,2,0.99879944,6.7860084,-1.0254341,0.00040458707,6.7860084,0.99879944,-0.70794374,0.0005557714,-6.816379,1.2360513e-06,-1.5518808,0.00023898971
1128,7,odd,2,4,0.4400833,2.082266,1.217989,0.18543175,1.1363448,0.17089386,2.082266,0.4400833,-9.720708,3.2928237e-06,1.3113996,0.20358783
1129,3,odd,4,8,0.9998517,10.060003,-3.9883807,7.921365e-07,-2.8724775,2.4178566e-06,1.2217184,0.0001450499,-8.521347,8.514471e-09,10.060003,0.9998517
1130,2,even,1,2,1.0,26.201126,-1.0846927,1.4122767e-12,26.201126,1.0,-16.680298,2.38141e-19,-17.176323,1.4501511e-19,-3.7065241,1.026296e-13
1131,9,odd,2,4,0.9999654,10.5698595,0.26377416,3.342788e-05,-3.5794036,7.1620605e-07,10.5698595,0.9999654,-7.7177844,1.142253e-08,-3.9566221,4.9115e-07
1132,4,even,2,4,1.0,15.206195,-4.2278953,3.6297951e-09,-3.219184,9.95313e-09,15.206195,1.0,-4.0172534,4.480874e-09,-9.217656,2.4709065e-11
1133,4,even,2,4,0.9999969,12.773425,-5.845136,8.204657e-09,-4.831975,2.2598028e-08,12.773425,0.9999969,0.08304543,3.080609e-06,-7.141555,2.2440514e-09
1134,1,odd,4,8,0.91482115,4.131467,-3.1822586,0.00060957274,1.7031906,0.0806769,-2.976897,0.0007485363,-1.54183,0.003143798,4.131467,0.91482115
1135,4,even,2,4,0.9935999,5.4979124,-1.3273244,0.001079068,-2.7707593,0.00025478442,5.4979124,0.9935999,-3.5359597,0.00011853607,0.19550899,0.004947741
1136,6,even,3,6,0.99999976,12.7020645,-2.9089496,1.6604375e-07,-4.828781,2.4347274e-08,-5.751788,9.673711e-09,12.7020645,0.99999976,-5.8473253,8.792303e-09
1137,0,even,0,0,0.9998362,8.003679,8.003679,0.9998362,-2.1181898,4.0184357e-05,-4.4293036,3.984307e-06,-1.0775893,0.00011375858,-4.030901,5.9344034e-06
1138,2,even,1,2,1.0,20.938847,-2.0738058,1.0132851e-10,20.938847,1.0,-8.4066,1.8006697e-13,-14.169576,5.6572626e-16,-5.986108,2.0260087e-12
1139,1,odd,4,8,0.99871767,6.602712,-2.5580099,0.000104952254,-0.657556,0.000702018,-3.8132303,2.991276e-05,-1.1123637,0.00044547956,6.602712,0.99871767
1140,0,even,0,0,0.9999999,14.710068,14.710068,0.9999999,-3.6364243,1.0770091e-08,-9.234753,3.989299e-11,-0.957051,1.5698444e-07,-8.651728,7.146628e-11
1141,3,odd,0,0,0.98371327,5.4585333,5.4585333,0.98371327,1.2599126,0.014771707,-6.5551825,5.9618087e-06,-1.3961638,0.0010373167,-2.1844182,0.00047160333
1142,2,even,1,2,1.0,14.635252,-7.5171704,2.3951094e-10,14.635252,1.0,-7.7888737,1.825265e-10,-2.1224895,5.2747897e-08,-5.1149645,2.645998e-09
1143,4,even,2,4,1.0,16.645157,-5.191872,3.283213e-10,-3.3267412,2.1198996e-09,16.645157,1.0,-7.8855233,2.2205533e-11,-6.5988235,8.040213e-11
1144,2,even,1,2,0.9999726,10.21607,-7.1709876,2.811154e-08,10.21607,0.9999726,-6.409255,6.021456e-08,-0.5281506,2.1569114e-05,-1.8600783,5.693551e-06
1145,9,odd,2,4,0.99989355,8.902282,-1.6767607,2.544099e-05,-1.5428602,2.9086155e-05,8.902282,0.99989355,-8.68044,2.3113982e-08,-0.9634475,5.191848e-05
1146,8,even,4,8,0.9999989,12.92053,-4.3248425,3.239137e-08,-5.1147923,1.47013965e-08,-0.9200905,9.752013e-07,-6.654205,3.1535512e-09,12.92053,0.9999989
1147,9,odd,2,4,0.99945515,7.0529404,-0.8772189,0.00035953315,-2.0830252,0.00010766239,7.0529404,0.99945515,-3.9242506,1.7077718e-05,-2.6561918,6.06933e-05
1148,7,odd,1,2,0.5038751,3.8279192,-3.5194929,0.0003246253,3.8279192,0.5038751,3.5614245,0.38599855,-10.911737,1.99973e-07,2.3042662,0.10980163
1149,6,even,3,6,0.5926642,2.6927247,-0.6616002,0.020703508,-2.553249,0.0031225635,2.255335,0.38269502,2.6927247,0.5926642,-3.896758,0.0008147655
1150,8,even,4,8,0.99922144,7.821082,-1.1946833,0.000121384895,0.43291742,0.00061804865,-7.193725,3.011716e-07,-2.3355465,3.87877e-05,7.821082,0.99922144
1151,9,odd,2,4,0.80105364,4.0747905,-0.9211203,0.005419574,-2.5597136,0.0010527688,4.0747905,0.80105364,-5.5861406,5.1047296e-05,2.6485586,0.19242297
1152,0,even,0,0,1.0,22.517368,22.517368,1.0,-3.4323206,5.372714e-12,-12.306703,7.5179346e-16,-6.955249,1.58564e-13,-11.007722,2.7557431e-15
1153,4,even,2,4,0.9992318,7.6422806,-5.093245,2.9423745e-06,0.34228283,0.0006750213,7.6422806,0.9992318,-5.0364385,3.1143595e-06,-1.70597,8.705079e-05
1154,4,even,2,4,0.9999969,11.437423,-4.883664,8.162828e-08,-1.7148312,1.9410975e-06,11.437423,0.9999969,-2.3597322,1.0185214e-06,-6.7399206,1.2754948e-08
1155,7,odd,1,2,0.9724386,5.3375816,0.92623746,0.011804287,5.3375816,0.9724386,-0.30178905,0.0034571206,-11.8568,3.3146453e-08,0.96738374,0.012300122
1156,1,odd,1,2,0.904612,5.0006013,-2.4091191,0.00054759777,5.0006013,0.904612,-5.6534324,2.1353755e-05,-2.5970416,0.00045378268,2.7402687,0.09436531
1157,4,even,2,4,0.99962354,7.6069202,-2.7214863,3.267884e-05,-0.5308003,0.0002921928,7.6069202,0.99962354,-2.3763266,4.6149547e-05,-4.5083694,5.4730954e-06
1158,0,even,0,0,1.0,23.631905,23.631905,1.0,-6.754393,6.359146e-14,-13.292267,9.20526e-17,-2.7526581,3.478001e-12,-12.531485,1.9698756e-16
1159,4,even,2,4,1.0,15.605928,-4.616032,1.6508754e-09,-2.9084816,9.1052925e-09,15.605928,1.0,-3.2891264,6.2227503e-09,-10.188086,6.2777214e-12
1160,1,odd,1,2,0.6001275,3.3196814,-2.9388776,0.001148645,3.3196814,0.6001275,-3.2834063,0.0008138777,-2.2332625,0.0023261115,2.9029021,0.3955839
1161,4,even,2,4,0.999997,12.322529,-4.0510764,7.74519e-08,-5.5675635,1.6999264e-08,12.322529,0.999997,-6.4800973,6.825306e-09,-0.45756632,2.8162676e-06
1162,2,even,1,2,0.9999999,13.208796,-4.2471557,2.6240762e-08,13.208796,0.9999999,-3.8243043,4.005148e-08,-8.376358,4.2236398e-10,-2.4309292,1.6134437e-07
1163,7,odd,0,0,0.69188935,4.5350795,4.5350795,0.69188935,-2.3985841,0.0006741941,3.6911194,0.2975154,-10.771539,1.5576038e-07,0.29029322,0.009920861
1164,5,odd,4,8,0.99995875,11.310921,-1.7293279,2.1710707e-06,1.1607492,3.9067774e-05,-8.243157,3.2192469e-09,-6.346865,2.1443876e-08,11.310921,0.99995875
1165,4,even,2,4,1.0,14.623803,-5.57225,1.6942043e-09,-4.3420854,5.7972103e-09,14.623803,1.0,-5.868131,1.2602777e-09,-4.1189785,7.2462445e-09
1166,8,even,4,8,0.99950325,8.769527,-1.8088775,2.5447265e-05,1.1053379,0.0004691039,-6.371832,2.6544552e-07,-4.419824,1.8694825e-06,8.769527,0.99950325
1167,4,even,2,4,0.9999809,9.433799,-2.0479763,1.0316208e-05,-3.6404107,2.098625e-06,9.433799,0.9999809,-2.6830328,5.466615e-06,-4.1991673,1.2002448e-06
1168,9,odd,2,4,0.98365873,5.246379,-2.4714742,0.0004375457,-1.5311723,0.0011204471,5.246379,0.98365873,-4.5143065,5.6732613e-05,1.0447472,0.014726483
1169,1,odd,1,2,0.54345655,4.329533,-2.2012217,0.00079230784,4.329533,0.54345655,-5.1468453,4.165105e-05,-4.057256,0.00012383074,4.1531672,0.45558572
1170,1,odd,4,8,0.98161477,5.867981,-2.5036132,0.00022709306,1.8603603,0.017842408,-5.2212534,1.4995046e-05,-2.2225919,0.00030078084,5.867981,0.98161477
1171,6,even,3,6,1.0,17.803091,-7.745089,8.0272455e-12,-4.2937818,2.5319216e-10,-5.0199137,1.224883e-10,17.803091,1.0,-11.628191,1.6525575e-13
1172,1,odd,4,8,0.9398711,5.102583,-1.7253463,0.0010179728,2.3251626,0.058458813,-5.812475,1.7089083e-05,-2.1972485,0.00063502643,5.102583,0.9398711
1173,8,even,4,8,0.9999993,13.278706,-3.442607,5.4704813e-08,-1.0233252,6.1476163e-07,-7.689252,7.8294615e-10,-5.0688424,1.075873e-08,13.278706,0.9999993
1174,8,even,4,8,0.9983961,7.6939497,-2.5141628,3.6810852e-05,1.2286906,0.0015540912,-3.7265542,1.0950682e-05,-5.433643,1.986379e-06,7.6939497,0.9983961
1175,7,odd,4,8,0.9909469,6.569393,-2.0373755,0.00018120838,1.2854099,0.005026268,1.017668,0.0038456228,-10.881001,2.6148134e-08,6.569393,0.9909469
1176,7,odd,1,2,0.99983215,9.808849,-1.8126423,8.969691e-06,9.808849,0.99983215,-4.8635316,4.2441746e-07,-8.888296,7.58333e-09,1.0582867,0.00015834562
1177,6,even,3,6,1.0,17.917564,-6.5975966,2.2552809e-11,-7.124149,1.3320543e-11,-0.3112597,1.21149615e-08,17.917564,1.0,-14.910113,5.5350338e-15
1178,7,odd,1,2,0.9995889,9.126391,-3.491409,3.3111603e-06,9.126391,0.9995889,0.9934046,0.0002935689,-13.116859,2.1862503e-10,0.048633445,0.00011413039
1179,9,odd,2,4,0.9999331,10.85506,-0.93111324,7.6085366e-06,-6.7851186,2.1824217e-08,10.85506,0.9999331,-8.802617,2.9023544e-09,1.1212832,5.924418e-05
1180,1,odd,1,2,0.9848149,4.676102,-1.78555,0.0015384901,4.676102,0.9848149,-2.0224497,0.0012139768,-3.384944,0.00031080397,0.27864963,0.01212175
1181,5,odd,2,4,0.85098565,3.2051067,-0.7578743,0.016174149,-4.050825,0.0006007739,3.2051067,0.85098565,-1.2292084,0.010095402,1.2639121,0.122143984
1182,4,even,2,4,0.9999782,9.8815565,-1.0706599,1.7518765e-05,-2.7444828,3.2852713e-06,9.8815565,0.9999782,-4.271628,7.13412e-07,-5.403389,2.3005043e-07
1183,3,odd,4,8,0.9856807,5.1561875,-0.34997782,0.0040034917,0.34368724,0.008011132,-6.364787,9.777782e-06,-0.9064458,0.0022949222,5.1561875,0.9856807
1184,4,even,2,4,1.0,19.62782,-7.326405,1.9675665e-12,-4.0160184,5.390289e-11,19.62782,1.0,-7.2815223,2.057886e-12,-8.312798,7.337437e-13
1185,7,odd,2,4,0.8413301,4.974745,-3.5232768,0.00017152297,2.300745,0.05803141,4.974745,0.8413301,-11.367062,6.726824e-08,2.8495882,0.10046682
1186,6,even,3,6,1.0,13.926589,-5.3310657,4.3301913e-09,-4.2077646,1.33152795e-08,-4.9209943,6.5252683e-09,13.926589,1.0,-7.392163,5.5129434e-10
1187,5,odd,4,8,0.6503816,2.392066,-0.64014757,0.031354114,-5.4159083,0.00026436753,1.2840492,0.2147646,0.5515169,0.103235245,2.392066,0.6503816
1188,2,even,1,2,1.0,23.937363,-3.842841,8.6141256e-13,23.937363,1.0,-15.638534,6.4924137e-18,-12.289974,1.8478533e-16,-3.5589042,1.144255e-12
1189,9,odd,2,4,0.99863786,6.206662,-2.1768045,0.0002283046,-2.6645691,0.00014017848,6.206662,0.99863786,-2.3436294,0.0001932252,-0.9222578,0.0008004927
1190,2,even,1,2,0.9999994,12.763014,-4.623634,2.8123827e-08,12.763014,0.9999994,-8.37023,6.636646e-10,-4.322804,3.799475e-08,-1.4844815,6.4921863e-07
1191,0,even,0,0,1.0,15.339102,15.339102,1.0,-2.6153631,1.5939525e-08,-7.356845,1.3908363e-10,-4.142098,3.4627623e-09,-8.447866,4.6714417e-11
1192,9,odd,4,8,0.7848227,5.4284573,3.312209,0.09455763,3.5556076,0.120615534,-6.752572,4.023627e-06,-10.288309,1.17237526e-07,5.4284573,0.7848227
1193,7,odd,2,4,1.0,14.36749,-2.951057,3.010585e-08,-5.7378736,1.855032e-09,14.36749,1.0,-7.8212466,2.3096938e-10,-3.1458557,2.4777107e-08
1194,2,even,1,2,1.0,22.38365,-5.003851,1.2757322e-12,22.38365,1.0,-12.070586,1.0882178e-15,-12.720921,5.6791013e-16,-2.7985096,1.1575163e-11
1195,6,even,3,6,0.9999993,11.622844,-3.3737092,3.0695824e-07,-3.3159852,3.251985e-07,-6.826768,9.714829e-09,11.622844,0.9999993,-4.591085,9.0861555e-08
1196,9,odd,2,4,0.999995,11.310097,-1.3490072,3.1784741e-06,-1.9302653,1.7773854e-06,11.310097,0.999995,-5.6185236,4.4462283e-08,-6.754904,1.4271441e-08
1197,8,even,4,8,0.99999344,11.26951,-3.6348653,3.365963e-07,-0.7953527,5.758291e-06,-3.380846,4.3393854e-07,-7.306412,8.56203e-09,11.26951,0.99999344
1198,7,odd,2,4,0.9933422,6.445022,-1.0162156,0.00057111616,-0.70996195,0.0007757625,6.445022,0.9933422,-9.739843,9.291823e-08,1.2136906,0.0053108074
1199,7,odd,0,0,0.79357034,5.9694104,5.9694104,0.79357034,-8.486588,4.1823992e-07,4.62202,0.20626289,-2.8379397,0.00011874131,-3.7511923,4.7641035e-05
1200,1,odd,1,2,0.84079874,5.680048,-3.181419,0.00011918063,5.680048,0.84079874,-5.3963175,1.301031e-05,-4.4828963,3.2432556e-05,4.0148296,0.15903653
1201,0,even,0,0,0.99999964,13.13845,13.13845,0.99999964,-2.5802205,1.4909676e-07,-6.434822,3.1581702e-09,-2.2294655,2.1173814e-07,-8.910215,2.6569705e-10
1202,9,odd,2,4,0.99999857,13.109681,-3.548637,5.8261815e-08,-3.7206666,4.9053785e-08,13.109681,0.99999857,-10.88668,3.7888925e-11,-0.43645355,1.309145e-06
1203,5,odd,4,8,0.9040213,4.0363955,1.4976524,0.07138658,-2.5139525,0.0012924047,-5.916376,4.3027354e-05,0.37613532,0.023256687,4.0363955,0.9040213
1204,2,even,1,2,1.0,17.862595,-5.045365,1.1251225e-10,17.862595,1.0,-12.058333,1.0127579e-13,-6.8367314,1.875941e-11,-2.6508067,1.2335113e-09
1205,5,odd,3,6,0.6617957,4.7093644,-1.2396593,0.0017262186,-4.080076,0.00010081347,-6.2720666,1.1260277e-05,4.7093644,0.6617957,4.0326076,0.33636603
1206,8,even,4,8,0.7985249,4.1355066,-1.233779,0.0037190958,-0.664862,0.0065692347,-7.8989267,4.740242e-06,2.7059665,0.19118203,4.1355066,0.7985249
1207,0,even,0,0,0.99999964,14.020691,14.020691,0.99999964,-7.6854434,3.7423575e-10,-1.2625095,2.3045722e-07,-2.5814588,6.162795e-08,-9.674471,5.1206116e-11
1208,8,even,4,8,0.9999633,11.22226,-4.9325747,9.638922e-08,1.000694,3.6375943e-05,-6.4206877,2.1764516e-08,-4.413361,1.6200174e-07,11.22226,0.9999633
1209,7,odd,1,2,0.7321616,4.1809583,-2.354973,0.0010619104,4.1809583,0.7321616,3.1563077,0.26278877,-7.6890182,5.123206e-06,-1.0331241,0.0039825365
1210,1,odd,1,2,0.9540915,4.415891,-2.515806,0.0009315202,4.415891,0.9540915,-1.1047515,0.0038194899,-4.7196097,0.00010282349,1.2700373,0.04105471
1211,2,even,1,2,1.0,29.183414,-3.588864,5.850333e-15,29.183414,1.0,-18.47139,2.0127112e-21,-17.75912,4.103136e-21,-2.8270085,1.2532869e-14
1212,8,even,4,8,1.0,14.8875675,-3.6348648,9.032539e-09,-5.0578885,2.1767006e-09,-3.430641,1.1079063e-08,-7.1159363,2.7797115e-10,14.8875675,1.0
1213,0,even,0,0,0.99998987,10.853653,10.853653,0.99998987,-0.6937205,9.661285e-06,-4.6689053,1.8139872e-07,-4.276578,2.6854667e-07,-6.6657333,2.4627642e-08
1214,0,even,0,0,0.9999999,15.32892,15.32892,0.9999999,-0.5564775,1.2619999e-07,-7.1301136,1.7626474e-10,-6.01067,5.399254e-10,-9.598339,1.493581e-11
1215,4,even,2,4,0.99999976,12.642457,-4.6429553,3.11201e-08,-4.2642336,4.544828e-08,12.642457,0.99999976,-5.3458047,1.5409796e-08,-3.1294713,1.4136383e-07
1216,0,even,0,0,1.0,18.227734,18.227734,1.0,-3.870033,2.5296576e-10,-10.096439,4.9999767e-13,-3.5235357,3.577201e-10,-10.085318,5.0558955e-13
1217,0,even,0,0,1.0,14.6321,14.6321,1.0,-4.137144,7.0570048e-09,-8.924143,5.883737e-11,-2.2537818,4.640394e-08,-6.805625,4.8945675e-10
1218,4,even,2,4,0.9999745,9.117298,-2.2239482,1.1872661e-05,-3.1877625,4.528654e-06,9.117298,0.9999745,-2.893344,6.079016e-06,-3.5896034,3.0300632e-06
1219,5,odd,4,8,0.9951165,8.078505,2.741864,0.0047885105,-1.1881816,9.405961e-05,-7.8796835,1.16767204e-07,-5.9433665,8.095664e-07,8.078505,0.9951165
1220,2,even,1,2,0.9999083,10.187725,-7.1006827,3.1024147e-08,10.187725,0.9999083,-1.7410187,6.5973995e-06,0.8164653,8.5128275e-05,-8.97304,4.770301e-09
1221,2,even,1,2,0.999998,14.612776,-9.099883,5.0317913e-11,14.612776,0.999998,-12.18234,2.3068953e-12,-2.100914,5.5123383e-08,1.5299777,2.0807126e-06
1222,1,odd,4,8,0.9986027,7.121144,-2.7609308,5.101083e-05,0.41682482,0.0012238944,-4.7839146,6.746706e-06,-1.942666,0.00011561919,7.121144,0.9986027
1223,3,odd,4,8,0.9996718,12.191518,-3.5214794,1.4989577e-07,4.1693025,0.00032798483,-7.52878,2.725464e-09,-10.37006,1.5903369e-10,12.191518,0.9996718
1224,5,odd,4,8,0.9999659,10.291632,-4.3481965,4.3851938e-07,-2.3301249,3.2993314e-06,-0.112150356,3.0316576e-05,-6.956755,3.229283e-08,10.291632,0.9999659
1225,5,odd,1,2,0.62126094,4.9948115,4.4780293,0.37054276,4.9948115,0.62126094,-12.767702,1.1998091e-08,-2.5722873,0.00032131042,0.62675,0.007874972
1226,9,odd,2,4,0.7897737,4.300224,-3.0667672,0.0004989524,-1.6076133,0.0021466522,4.300224,0.7897737,-5.025845,7.034648e-05,2.9636588,0.20751038
1227,3,odd,4,8,0.9995654,9.769478,-1.239043,1.6552793e-05,1.9895643,0.0004178667,-5.972995,1.4552654e-07,-8.251572,1.4906266e-08,9.769478,0.9995654
1228,3,odd,1,2,0.9704971,9.026075,5.5298386,0.029416967,9.026075,0.9704971,-10.592312,2.9297929e-09,-9.884104,5.948505e-09,-0.3062192,8.5907326e-05
1229,8,even,4,8,0.9999995,16.018314,-5.0184145,7.309118e-10,1.5727125,5.325432e-07,-10.378907,3.4342548e-12,-7.3955226,6.7842114e-11,16.018314,0.9999995
1230,1,odd,4,8,0.9739095,4.783414,-2.319157,0.0008015146,1.082927,0.024066757,-2.6138213,0.0005969532,-2.567473,0.00062527205,4.783414,0.9739095
1231,5,odd,4,8,0.9996007,8.010125,-2.8254611,1.9678459e-05,-5.1210527,1.9816569e-06,-2.0022068,4.4825592e-05,0.0026640221,0.00033283595,8.010125,0.9996007
1232,0,even,0,0,0.99997425,9.750355,9.750355,0.99997425,-0.96657133,2.2165967e-05,-3.0815032,2.6741382e-06,-4.2028346,8.7135567e-07,-6.1826615,1.2032835e-07
1233,5,odd,4,8,0.99707544,7.2026167,1.3029687,0.0027323954,-7.56679,3.841103e-07,-1.8307097,0.00011901571,-2.3218832,7.2826646e-05,7.2026167,0.99707544
1234,9,odd,0,0,0.9999864,10.097038,10.097038,0.9999864,-1.288497,1.1358447e-05,-3.948449,7.945412e-07,-3.4225917,1.3442907e-06,-6.398705,6.8546306e-08
1235,8,even,4,8,0.99998355,10.377731,-4.4838514,3.5130915e-07,-0.72725314,1.503694e-05,-4.2801886,4.3066456e-07,-3.8986354,6.307327e-07,10.377731,0.99998355
1236,9,odd,2,4,0.9921715,8.008861,-4.753229,2.8449956e-06,-4.1490803,5.205472e-06,8.008861,0.9921715,-5.8314385,9.678789e-07,3.165575,0.007819421
1237,9,odd,2,4,0.9999125,9.03221,-4.4168496,1.4424783e-06,-1.8024479,1.9702873e-05,9.03221,0.9999125,-6.0725446,2.7545462e-07,-0.5915285,6.613405e-05
1238,0,even,0,0,1.0,21.32814,21.32814,1.0,-5.9728837,1.3909648e-12,-12.409918,2.227136e-15,-2.0835855,6.798555e-11,-11.983835,3.4103086e-15
1239,4,even,2,4,0.9999999,13.334468,-4.8089814,1.3194709e-08,-2.974887,8.259185e-08,13.334468,0.9999999,-3.9407086,3.144024e-08,-6.462204,2.5258884e-09
1240,5,odd,4,8,0.9999813,10.377634,-3.4996133,9.401131e-07,-1.0155048,1.127235e-05,-7.01177,2.804591e-08,-1.5655683,6.5031704e-06,10.377634,0.9999813
1241,7,odd,1,2,0.90074116,3.6612375,-0.6637237,0.011920465,3.6612375,0.90074116,1.0760541,0.0678999,-7.124903,1.8631112e-05,-0.17568372,0.01941987
1242,9,odd,0,0,0.4361651,1.319853,1.319853,0.4361651,-3.9221437,0.0023071757,0.8721586,0.2787531,0.30865937,0.15867011,0.06295667,0.12410457
1243,1,odd,4,8,0.95351106,5.439237,-3.549856,0.00011896312,2.4093757,0.04607588,-3.0673544,0.00019273466,-3.7098193,0.000101377365,5.439237,0.95351106
1244,7,odd,4,8,0.3946346,2.9976344,2.8098,0.32705414,2.646233,0.27770486,-3.4842455,0.0006041578,-9.06985,2.266488e-06,2.9976344,0.3946346
1245,4,even,2,4,1.0,15.706693,-5.3557186,7.123781e-10,-8.094178,4.6069457e-11,15.706693,1.0,-5.7928987,4.6009327e-10,-1.9780916,2.0873532e-08
1246,0,even,0,0,1.0,15.898794,15.898794,1.0,-1.5837641,2.555177e-08,-5.189298,6.9431677e-10,-8.754034,1.9652271e-11,-7.637372,6.003058e-11
1247,4,even,2,4,0.999806,7.7830515,-3.3076918,1.5249908e-05,-1.4143727,0.00010128037,7.7830515,0.999806,-1.7848939,6.992135e-05,-4.020149,7.4791246e-06
1248,6,even,3,6,0.9999851,9.768253,-2.1216846,6.85897e-06,-2.0159128,7.6242145e-06,-5.4308863,2.506635e-07,9.768253,0.9999851,-6.3454366,1.0044009e-07
1249,5,odd,0,0,0.53952765,2.4841273,2.4841273,0.53952765,-3.4135263,0.0014814783,-2.3427691,0.004322342,-0.75043935,0.021245124,2.2651484,0.43342343
1250,9,odd,2,4,1.0,14.351291,-2.9963624,2.9242216e-08,-3.513485,1.7435166e-08,14.351291,1.0,-8.290307,1.4685171e-10,-4.9482217,4.152676e-09
1251,4,even,2,4,0.9999815,10.757786,-5.7975335,6.458153e-08,-3.3299878,7.6163997e-07,10.757786,0.9999815,-0.19463131,1.75153e-05,-5.5029125,8.670825e-08
1252,3,odd,3,6,0.5210545,2.3549294,-1.4506838,0.011591143,2.220081,0.45532265,-4.4291234,0.0005896665,2.3549294,0.5210545,-1.4636273,0.011442081
1253,5,odd,0,0,0.99895096,6.0851464,6.0851464,0.99895096,-2.3839688,0.00020963034,-2.1181884,0.00027345202,-1.7767166,0.00038475156,-2.5295472,0.00018123006
1254,0,even,0,0,1.0,14.303778,14.303778,1.0,-2.9044287,3.3617933e-08,-9.966279,2.881694e-11,-2.9992902,3.057546e-08,-5.854601,1.7592493e-09
1255,3,odd,4,8,0.70553005,6.6115217,-0.78613937,0.00043226694,5.7362742,0.29403588,-6.273531,1.7889913e-06,-9.30006,8.673676e-08,6.6115217,0.70553005
1256,9,odd,2,4,0.99906164,7.8233,-3.303728,1.4695543e-05,-3.6320174,1.0583057e-05,7.8233,0.99906164,-4.657995,3.7934549e-06,0.8214187,0.00090931414
1257,1,odd,4,8,0.73499334,3.577643,-2.8180702,0.0012264804,2.5365326,0.25949857,-3.5392911,0.00059626356,-1.7178408,0.0036853957,3.577643,0.73499334
1258,2,even,1,2,0.99999976,15.414504,0.15915439,2.3696572e-07,15.414504,0.99999976,-11.997997,1.2442321e-12,-8.988824,2.5221405e-11,-2.249471,2.1312436e-08
1259,2,even,1,2,0.9999995,17.33279,-3.5698478,8.3579477e-10,17.33279,0.9999995,-18.833748,1.9636851e-16,-6.397041,4.9461216e-11,2.6845863,4.3487628e-07
1260,8,even,4,8,0.99991477,8.643398,-2.7476718,1.129494e-05,-1.0847659,5.957647e-05,-2.668028,1.2231311e-05,-4.4021816,2.1594324e-06,8.643398,0.99991477
1261,4,even,2,4,1.0,16.015541,-6.0735264,2.5517605e-10,-6.302715,2.0291044e-10,16.015541,1.0,-6.0174146,2.699039e-10,-3.4098067,3.6616636e-09
1262,6,even,3,6,0.889698,3.025876,-1.0624924,0.014917184,-1.8235142,0.0069691427,-2.0713742,0.005439201,3.025876,0.889698,0.65355,0.08297639
1263,6,even,3,6,1.0,14.5185585,-3.3719442,1.6992345e-08,-6.2998486,9.092445e-10,-6.143414,1.0632113e-09,14.5185585,1.0,-6.6117544,6.656121e-10
1264,3,odd,2,4,0.9996356,7.883892,-2.3357537,3.6433936e-05,-5.091767,2.3151806e-06,7.883892,0.9996356,-2.7348914,2.4443447e-05,-0.22335477,0.0003012377
1265,8,even,4,8,0.9999999,14.600599,-4.8078923,3.7239116e-09,-1.8328964,7.294963e-08,-6.2525606,8.781876e-10,-6.1075463,1.0152355e-09,14.600599,0.9999999
1266,5,odd,3,6,0.9269642,6.5837083,-4.542367,1.3648019e-05,0.046239108,0.0013423817,-11.390454,1.4487155e-08,6.5837083,0.9269642,4.0240006,0.071679674
1267,9,odd,2,4,0.99992216,8.274028,-2.4462333,2.2091039e-05,-3.1633718,1.07836695e-05,8.274028,0.99992216,-3.4271917,8.283066e-06,-1.9388455,3.6692018e-05
1268,8,even,4,8,0.9999474,9.384077,-3.2150228,3.3748736e-06,-0.74422234,3.9931212e-05,-5.732815,2.721413e-07,-2.2319725,9.0196745e-06,9.384077,0.9999474
1269,0,even,0,0,0.9999926,10.105757,10.105757,0.9999926,-3.5533125,1.1693337e-06,-4.6847563,3.771886e-07,-2.00619,5.493448e-06,-4.8130546,3.3177156e-07
1270,2,even,1,2,0.9999975,11.983868,-3.1747096,2.6104334e-07,11.983868,0.9999975,-9.007909,7.6451606e-10,-4.2432094,8.9674444e-08,-1.0916003,2.0960192e-06
1271,4,even,2,4,1.0,15.768483,-5.38198,6.523349e-10,-7.180668,1.079719e-10,15.768483,1.0,-4.043831,2.4866906e-09,-4.419013,1.7087629e-09
1272,9,odd,2,4,0.99213696,7.691834,-3.4669907,1.4136945e-05,-4.259502,6.3998878e-06,7.691834,0.99213696,-6.222875,8.9844235e-07,2.8514156,0.007841599
1273,6,even,3,6,0.99992466,8.268258,-1.6333466,5.009046e-05,-3.8811715,5.2909927e-06,-4.0955286,4.2701486e-06,8.268258,0.99992466,-2.793448,1.5701067e-05
1274,0,even,0,0,0.9999993,12.549777,12.549777,0.9999993,-2.9820523,1.7972633e-07,-6.3481283,6.2050267e-09,-1.9523655,5.032677e-07,-7.4203777,2.123597e-09
1275,2,even,1,2,0.99998593,9.761218,-4.2879395,7.916297e-07,9.761218,0.99998593,-1.7625272,9.892245e-06,-2.9521918,3.0104422e-06,-5.144846,3.3602572e-07
1276,8,even,4,8,0.99999976,13.26576,-4.586169,1.7660613e-08,-3.0669572,8.06846e-08,-5.8176856,5.1542366e-09,-3.1337376,7.547244e-08,13.26576,0.99999976
1277,3,odd,1,2,0.9999653,12.814159,-0.94837946,1.0543631e-06,12.814159,0.9999653,-11.437411,2.9353586e-11,-9.137462,2.9276329e-10,2.5126014,3.357959e-05
1278,1,odd,1,2,0.9966878,6.1697745,-2.7101393,0.00013869531,6.1697745,0.9966878,-2.9024572,0.00011442981,-3.78291,4.7442023e-05,0.3678638,0.0030117664
1279,0,even,0,0,0.9955012,5.272306,5.272306,0.9955012,-2.4235346,0.00045266887,-2.2127655,0.0005588776,-0.48047358,0.0031596676,-2.7466664,0.0003276773
1280,5,odd,3,6,0.9998461,8.085253,-1.226218,9.036759e-05,-4.50147,3.416557e-06,-4.4184556,3.7122895e-06,8.085253,0.9998461,-1.6977535,5.6393277e-05
1281,0,even,0,0,0.9999999,15.511528,15.511528,0.9999999,-4.482171,2.0741837e-09,-8.978089,2.313634e-11,-1.0873442,6.1830235e-08,-9.313452,1.6544294e-11
1282,2,even,1,2,0.99999917,12.904833,-6.5867615,3.4269503e-09,12.904833,0.99999917,-7.814806,1.0036326e-09,-2.9507587,1.3001804e-07,-1.2836679,6.886716e-07
1283,0,even,0,0,1.0,14.095684,14.095684,1.0,-3.104244,3.3897372e-08,-6.957259,7.19155e-10,-4.687301,6.9607005e-09,-5.4737353,3.1703624e-09
1284,2,even,1,2,0.99997246,8.960951,-4.715735,1.1488917e-06,8.960951,0.99997246,-3.2372015,5.039619e-06,-2.173161,1.46051125e-05,-2.958715,6.657984e-06
1285,3,odd,4,8,0.914082,3.7936492,0.19734201,0.025068521,0.85735816,0.04850318,-0.5126297,0.012325145,-6.88016,2.1154792e-05,3.7936492,0.914082
1286,9,odd,2,4,0.9999976,11.318963,-3.901551,2.4536556e-07,-2.6931317,8.215305e-07,11.318963,0.9999976,-6.7720466,1.3905081e-08,-2.2310963,1.3040162e-06
1287,9,odd,2,4,0.9994497,7.1367917,-2.120319,9.537814e-05,-4.2994103,1.0791491e-05,7.1367917,0.9994497,-2.130087,9.445107e-05,-0.82114536,0.0003496815
1288,5,odd,3,6,0.8962557,6.0697923,-3.8443687,4.433703e-05,-2.0620441,0.00026352418,-8.148026,5.9939276e-07,6.0697923,0.8962557,3.9105186,0.1034359
1289,1,odd,4,8,0.97730756,5.6562433,-3.045428,0.00016253366,1.8762554,0.022305058,-3.4664524,0.00010668289,-3.3644178,0.00011814294,5.6562433,0.97730756
1290,7,odd,1,2,0.4879761,1.9568329,-1.1978756,0.02081259,1.9568329,0.4879761,1.6889093,0.37328526,-4.931373,0.00049760955,0.53239506,0.1174284
1291,0,even,0,0,1.0,18.635223,18.635223,1.0,-4.942744,5.7573044e-11,-11.15628,1.1526946e-13,-1.8760957,1.2360832e-09,-10.41226,2.4257064e-13
1292,1,odd,4,8,0.9788791,4.3038955,-3.158718,0.000562027,-0.55521876,0.00759351,-0.15311064,0.011352094,-2.1042252,0.0016133091,4.3038955,0.9788791
1293,6,even,3,6,0.9958948,5.3866415,-2.4266224,0.00040267626,-0.34451473,0.00323001,-2.99483,0.0002281322,5.3866415,0.9958948,-2.9259324,0.000244404
1294,1,odd,4,8,0.9988174,7.404411,-2.5526884,4.7333975e-05,0.5990011,0.001106456,-4.254551,8.63104e-06,-3.4059033,2.0166304e-05,7.404411,0.9988174
1295,0,even,0,0,1.0,21.063663,21.063663,1.0,1.7955921,4.2853134e-09,-14.801439,2.6545012e-16,-7.1573997,5.5430373e-13,-12.231468,3.468231e-15
1296,1,odd,4,8,0.9999275,8.596741,-3.192365,7.586214e-06,-1.7583253,3.1828808e-05,-3.6289291,4.9026125e-06,-1.8804411,2.8169974e-05,8.596741,0.9999275
1297,1,odd,4,8,0.80835336,4.3917885,-1.8708953,0.0015408212,2.936672,0.18864799,-5.9747367,2.5437612e-05,-1.9438487,0.0014324154,4.3917885,0.80835336
1298,4,even,2,4,0.99999976,13.881541,-3.3174415,3.3929453e-08,-1.899599,1.4006763e-07,13.881541,0.99999976,-2.5736673,7.1382864e-08,-10.790524,1.9277817e-11
1299,0,even,0,0,0.9999993,13.83152,13.83152,0.9999993,-0.35879233,6.87425e-07,-8.189786,2.7306649e-10,-6.255431,1.8895012e-09,-6.1248913,2.1529818e-09
1300,2,even,1,2,1.0,29.10083,-3.7134252,5.6098365e-15,29.10083,1.0,-20.112106,4.2373397e-22,-17.525099,5.631389e-21,-1.0179622,8.3095016e-14
1301,7,odd,1,2,0.45351428,2.5817435,1.1960664,0.113448575,2.5817435,0.45351428,1.5388231,0.15982929,-12.032444,2.0404693e-07,2.0749488,0.2732076
1302,2,even,1,2,1.0,16.32358,-5.8686733,2.3015845e-10,16.32358,1.0,-4.4200654,9.798274e-10,-7.605146,4.0540234e-11,-5.601678,3.005946e-10
1303,0,even,0,0,0.99997103,8.938192,8.938192,0.99997103,-2.3691661,1.2281854e-05,-4.9013567,9.762198e-07,-2.6403246,9.364862e-06,-3.0384686,6.289118e-06
1304,0,even,0,0,1.0,16.638351,16.638351,1.0,-6.01629,1.4494858e-10,-9.808995,3.2663575e-12,-0.13206086,5.2083767e-08,-9.298895,5.4399766e-12
1305,7,odd,1,2,0.9138263,4.5479417,-1.8023409,0.0015957722,4.5479417,0.9138263,-0.5389465,0.0056448984,-7.684465,4.4503786e-06,2.098845,0.07892861
1306,8,even,4,8,0.99994946,12.983265,-4.6548586,2.1869495e-08,3.0892823,5.0474948e-05,-8.34287,5.4721233e-10,-7.828824,9.1496205e-10,12.983265,0.99994946
1307,4,even,2,4,1.0,13.527127,-4.703615,1.2091739e-08,-4.7348714,1.17196475e-08,13.527127,1.0,-5.22119,7.2062454e-09,-3.411509,4.4019338e-08
1308,4,even,2,4,0.9999989,11.757319,-4.2099166,1.1628327e-07,-2.4231615,6.9421645e-07,11.757319,0.9999989,-3.558289,2.2310797e-07,-5.898614,2.148449e-08
1309,2,even,1,2,0.99998856,11.253804,-2.6282842,9.355792e-07,11.253804,0.99998856,-0.2145185,1.0456003e-05,-7.2036977,9.638369e-09,-6.4630013,2.0215506e-08
1310,6,even,3,6,0.99999976,14.193791,-3.9981902,1.2569627e-08,-5.279978,3.4885825e-09,-1.3489116,1.7778287e-07,14.193791,0.99999976,-11.92408,4.541015e-12
1311,7,odd,2,4,0.97077405,6.461209,-2.6147847,0.00011103611,2.867203,0.026684633,6.461209,0.97077405,-12.375363,6.404697e-09,0.4711088,0.0024302492
1312,0,even,0,0,0.9999999,14.140839,14.140839,0.9999999,-2.2510874,7.604612e-08,-7.119667,5.843589e-10,-4.7149878,6.4716965e-09,-6.7673993,8.311278e-10
1313,2,even,1,2,0.9999987,12.142742,-1.4491643,1.2505742e-06,12.142742,0.9999987,-3.4523797,1.6870355e-07,-6.675319,6.7207697e-09,-6.168089,1.1161088e-08
1314,6,even,3,6,0.99999976,13.615015,-3.3953655,4.097187e-08,-5.309835,6.0400676e-09,-1.7887917,2.0427332e-07,13.615015,0.99999976,-11.310751,1.495813e-11
1315,4,even,2,4,1.0,14.704733,-3.9594572,7.83872e-09,-4.1949263,6.194164e-09,14.704733,1.0,-3.8782191,8.502101e-09,-7.6533384,1.949905e-10
1316,3,odd,0,0,0.83964646,3.64948,3.64948,0.83964646,-3.568384,0.0006157691,-3.7639363,0.0005063964,1.8974754,0.14561647,-0.4723332,0.0136149395
1317,1,odd,4,8,0.9993691,7.52812,-3.0396602,2.5715628e-05,0.053406037,0.00056689023,-3.345772,1.8934537e-05,-3.321425,1.94012e-05,7.52812,0.9993691
1318,3,odd,1,2,0.98739713,7.106825,2.7033947,0.012081102,7.106825,0.98739713,-6.363938,1.393844e-06,-7.1952543,6.069847e-07,-0.44246864,0.00051984674
1319,0,even,0,0,0.9999988,12.108101,12.108101,0.9999988,-1.7663994,9.427153e-07,-6.5393467,7.971057e-09,-3.0711212,2.557096e-07,-6.3282466,9.844538e-09
1320,5,odd,3,6,0.99581844,5.9466796,-0.15952227,0.0022196807,-6.10288,5.822679e-06,-2.1999514,0.00028849824,5.9466796,0.99581844,-0.4455099,0.0016675834
1321,9,odd,2,4,0.9997179,7.7177577,-2.4123685,3.9849205e-05,-4.1555734,6.9719667e-06,7.7177577,0.9997179,-2.9834743,2.2510829e-05,-0.73731524,0.00021275794
1322,7,odd,1,2,0.9998828,9.477578,0.06737193,8.1874496e-05,9.477578,0.9998828,-0.9877507,2.8504563e-05,-11.586859,7.108532e-10,-2.4173136,6.8243803e-06
1323,7,odd,1,2,0.9963045,8.581366,-2.5324223,1.4850308e-05,8.581366,0.9963045,-2.1328204,2.2145236e-05,-12.563232,6.537472e-10,2.9743874,0.003658578
1324,4,even,2,4,0.9999988,12.538692,-2.1881914,4.0197133e-07,-1.6565139,6.840685e-07,12.538692,0.9999988,-3.5023656,1.0800819e-07,-9.90589,1.7883006e-10
1325,2,even,1,2,0.94771004,7.654411,0.33003643,0.00062479876,7.654411,0.94771004,4.7451406,0.051664878,-7.281655,3.0904704e-07,-10.713882,9.986811e-09
1326,8,even,4,8,0.9999684,9.588131,-1.9663742,9.592424e-06,-1.2732202,1.9184987e-05,-5.785366,2.1055297e-07,-3.2907891,2.5511886e-06,9.588131,0.9999684
1327,7,odd,0,0,0.6737887,4.0409727,4.0409727,0.6737887,-1.4091398,0.0028944765,3.295518,0.31972516,-8.707478,1.9585837e-06,-1.1938598,0.0035897542
1328,8,even,4,8,0.9999999,15.235313,-4.63043,2.3573123e-09,-1.1006569,8.0422645e-08,-7.5219717,1.3080857e-10,-6.3703666,4.1378254e-10,15.235313,0.9999999
1329,7,odd,4,8,0.5986679,4.043965,0.773219,0.022736266,-0.88456017,0.004332662,3.5742168,0.3742631,-12.415121,4.256925e-08,4.043965,0.5986679
1330,4,even,2,4,0.99993837,9.148751,-4.404416,1.2998925e-06,-3.052563,5.0235403e-06,9.148751,0.99993837,-4.470606,1.2166386e-06,-0.675657,5.4111155e-05
1331,2,even,1,2,1.0,18.732674,-3.2148867,2.9396532e-10,18.732674,1.0,-8.412847,1.6249903e-12,-12.349882,3.1696955e-14,-3.0686667,3.4025013e-10
1332,7,odd,2,4,0.46417367,2.2127109,2.0183074,0.38216612,-0.20362636,0.041426532,2.2127109,0.46417367,-8.179047,1.4242866e-05,0.7929082,0.11221943
1333,3,odd,1,2,0.99643254,8.079282,2.4131925,0.003449028,8.079282,0.99643254,-5.404685,1.3881471e-06,-8.5301075,6.0965114e-08,-0.97174674,0.00011685204
1334,6,even,3,6,0.99999845,11.329527,-2.238276,1.281084e-06,-4.579306,1.2327673e-07,-4.148156,1.8972604e-07,11.329527,0.99999845,-6.894903,1.21683e-08
1335,6,even,3,6,1.0,15.893529,-4.965177,8.7333185e-10,-5.289532,6.314126e-10,-3.4226282,4.084133e-09,15.893529,1.0,-12.135042,6.719636e-13
1336,2,even,1,2,0.9999136,8.466504,-1.3461266,5.4750883e-05,8.466504,0.9999136,-3.1620977,8.906864e-06,-5.2714524,1.0805468e-06,-2.272348,2.1683953e-05
1337,7,odd,2,4,0.58850706,4.904073,4.5454555,0.41115534,-3.0742,0.00020175838,4.904073,0.58850706,-7.421464,2.6111938e-06,-3.4890566,0.00013324838
1338,2,even,1,2,1.0,24.565647,-8.856023,3.0560015e-15,24.565647,1.0,-11.512874,2.144357e-16,-10.008881,9.648802e-16,-5.2247186,1.1540079e-13
1339,3,odd,1,2,0.9093352,10.821716,-3.7628477,4.2143273e-07,10.821716,0.9093352,-9.942021,8.7326835e-10,-11.9186125,1.2098299e-10,8.516167,0.09066434
1340,5,odd,4,8,0.97049236,4.7847195,0.5315873,0.013800035,-0.0028847512,0.008086527,-7.4562225,4.6861755e-06,-0.06278104,0.007616395,4.7847195,0.97049236
1341,3,odd,1,2,0.99999213,11.616205,-2.3446195,8.6474347e-07,11.616205,0.99999213,-8.9785185,1.1371614e-09,-5.4337287,3.938258e-08,-0.25472474,6.990646e-06
1342,5,odd,4,8,0.9988086,8.266228,-3.563176,7.2784255e-06,-0.7002839,0.00012746052,-8.209464,6.985216e-08,1.4146608,0.0010565368,8.266228,0.9988086
1343,9,odd,2,4,0.9983583,7.8150816,1.3450019,0.0015465596,-1.4724066,9.242333e-05,7.8150816,0.9983583,-6.6212344,5.3662916e-07,-5.242649,2.1300318e-06
1344,0,even,0,0,0.99999964,12.93392,12.93392,0.99999964,-1.828196,3.8805615e-07,-6.5581293,3.4253897e-09,-4.47817,2.7417325e-08,-5.986054,6.069597e-09
1345,9,odd,2,4,0.9990569,8.270014,-1.2075759,7.6476026e-05,-4.3097315,3.4377658e-06,8.270014,0.9990569,-7.2641835,1.7913243e-07,1.2157762,0.00086292654
1346,4,even,2,4,1.0,14.535807,-4.663589,4.5899524e-09,-4.8029633,3.9928127e-09,14.535807,1.0,-2.9064355,2.6603004e-08,-7.002882,4.4245219e-10
1347,7,odd,1,2,0.8636933,4.182432,2.0169728,0.09906323,4.182432,0.8636933,-0.9409837,0.005143849,-10.684576,3.0178657e-07,0.890049,0.03209931
1348,3,odd,1,2,0.9999573,13.857117,3.0699222,2.0661531e-05,13.857117,0.9999573,-14.714379,3.9042605e-13,-13.046533,2.0695477e-12,3.137192,2.2099235e-05
1349,6,even,3,6,0.9999999,14.356099,-5.44292,2.5199698e-09,-3.968175,1.1012067e-08,-1.5287429,1.2627017e-07,14.356099,0.9999999,-12.702471,1.7726048e-12
1350,6,even,3,6,0.99972326,7.2080884,-1.8445866,0.000117045005,-1.9069557,0.000109968074,-4.8830094,5.6076733e-06,7.2080884,0.99972326,-2.8220417,4.4040222e-05
1351,3,odd,2,4,0.84674543,3.947334,-1.6567259,0.003118462,-2.9133775,0.0008875313,3.947334,0.84674543,2.209126,0.14888766,-3.8134122,0.00036083086
1352,0,even,0,0,0.99999785,11.56477,11.56477,0.99999785,-2.2660336,9.848218e-07,-7.87576,3.6064896e-09,-2.0616813,1.2081097e-06,-5.4174194,4.214325e-08
1353,4,even,2,4,0.9999999,13.111331,-4.7415576,1.764368e-08,-4.590309,2.052461e-08,13.111331,0.9999999,-5.583094,7.6052595e-09,-2.7283466,1.3210379e-07
1354,6,even,3,6,0.9999864,9.785429,-2.8548117,3.238973e-06,-1.7239215,1.0035674e-05,-6.088692,1.276295e-07,9.785429,0.9999864,-5.4094634,2.517306e-07
1355,4,even,2,4,0.99999833,11.366126,-2.9579558,6.013534e-07,-2.815912,6.9313575e-07,11.366126,0.99999833,-3.4564939,3.652726e-07,-6.2177844,2.3088948e-08
1356,6,even,3,6,0.99996054,9.786508,-2.2886465,5.699148e-06,-4.1928263,8.4885846e-07,-0.5334918,3.296582e-05,9.786508,0.99996054,-9.119038,6.1575696e-09
1357,1,odd,4,8,0.98996115,5.419818,0.007757567,0.004417639,-1.7918844,0.00073049223,-5.7961307,1.3322746e-05,0.10676883,0.00487742,5.419818,0.98996115
1358,2,even,1,2,1.0,15.50411,-9.316511,1.6616557e-11,15.50411,1.0,-6.96402,1.7466868e-10,-4.1097083,3.03268e-09,-2.3438354,1.7731091e-08
1359,2,even,1,2,1.0,19.946285,-6.9745436,2.0343805e-12,19.946285,1.0,-9.43574,1.7359928e-13,-10.653486,5.1367456e-14,-1.4872576,4.915083e-10
1360,2,even,1,2,0.9999304,8.284106,-3.744713,5.969254e-06,8.284106,0.9999304,-2.3126662,2.4994823e-05,-3.7563343,5.9002837e-06,-2.0423717,3.2751963e-05
1361,0,even,0,0,1.0,14.272019,14.272019,1.0,-5.466836,2.6762337e-09,-5.0803633,3.938828e-09,-2.8454504,3.6810974e-08,-8.109602,1.9045174e-10
1362,8,even,4,8,0.99999917,12.564577,-3.8872993,7.162107e-08,-1.5254456,7.599419e-07,-5.2884245,1.7641682e-08,-5.610169,1.2788157e-08,12.564577,0.99999917
1363,2,even,1,2,0.9999999,15.779797,-0.020198263,1.3745152e-07,15.779797,0.9999999,-9.120246,1.5347883e-11,-11.779821,1.0740139e-12,-2.1806736,1.5844073e-08
1364,5,odd,4,8,0.65933657,3.0190241,1.0555695,0.09255282,-3.7172227,0.00078269443,-4.4927917,0.00036038517,2.037047,0.24696752,3.0190241,0.65933657
1365,1,odd,4,8,0.9941605,5.4377904,-2.6378675,0.0003092024,-1.0897876,0.0014540034,-2.932706,0.00023024806,-0.117049925,0.003846096,5.4377904,0.9941605
1366,6,even,3,6,0.9999999,13.056034,-3.9997313,3.915392e-08,-4.689614,1.9640982e-08,-5.411367,9.5435375e-09,13.056034,0.9999999,-5.8738556,6.0097065e-09
1367,9,odd,2,4,0.9847525,6.069666,-1.6519628,0.0004363815,-1.8364198,0.00036287543,6.069666,0.9847525,-7.8209753,9.134783e-07,1.8477869,0.014447355
1368,1,odd,4,8,0.9997845,7.901964,-2.2680273,3.8294394e-05,-4.6897917,3.3991969e-06,-1.4337373,8.819885e-05,-1.4631338,8.564382e-05,7.901964,0.9997845
1369,7,odd,2,4,0.98979586,6.2350683,-1.510117,0.0004284048,1.126283,0.005981752,6.2350683,0.98979586,-10.764618,4.098975e-08,0.6709848,0.0037939784
1370,1,odd,4,8,0.99791855,6.092819,-2.9128783,0.00012245329,-2.8631394,0.000128698,-0.71732074,0.0011002435,-1.1274942,0.0007300502,6.092819,0.99791855
1371,2,even,1,2,0.9999995,15.922225,-2.682959,8.315165e-09,15.922225,0.9999995,-13.573405,1.549567e-13,-8.503193,2.467034e-11,1.2672997,4.3196306e-07
1372,4,even,2,4,1.0,14.3693075,-4.4671006,6.5985986e-09,-5.1994653,3.172413e-09,14.3693075,1.0,-4.084278,9.676296e-09,-5.806063,1.7296078e-09
1373,0,even,0,0,0.99999845,11.750202,11.750202,0.99999845,-1.713243,1.4219985e-06,-5.1061883,4.7792764e-08,-4.6794252,7.3232385e-08,-5.158778,4.534423e-08
1374,7,odd,2,4,0.76934075,2.5297375,0.10283119,0.06794019,-3.0076497,0.0030287413,2.5297375,0.76934075,-1.999828,0.008297619,0.90408057,0.15139268
1375,8,even,4,8,0.9998919,8.420004,-2.4644353,1.8745674e-05,-1.0466609,7.738068e-05,-3.8716047,4.5896036e-06,-3.38797,7.444151e-06,8.420004,0.9998919
1376,5,odd,2,4,0.9653329,5.7918444,-2.3858354,0.0002711164,-5.6256375,1.0620073e-05,5.7918444,0.9653329,-2.577792,0.00022376399,2.4504762,0.03416169
1377,1,odd,2,4,0.9975198,6.1907115,-0.591614,0.0011308236,-3.906076,4.1109524e-05,6.1907115,0.9975198,-3.1165729,9.053558e-05,-0.51748294,0.0012178387
1378,2,even,1,2,0.9967327,7.430111,-2.9334488,3.145878e-05,7.430111,0.9967327,-4.7229767,5.254844e-06,-5.1027555,3.5943795e-06,1.6971959,0.0032270476
1379,4,even,2,4,1.0,17.342087,-5.349025,1.3975747e-10,-4.8016915,2.415903e-10,17.342087,1.0,-6.8624625,3.076788e-11,-6.433177,4.7264352e-11
1380,6,even,4,8,0.700503,2.0212088,-3.1933477,0.003808525,-1.8305767,0.014879929,0.8661026,0.2206753,-0.43402675,0.060133263,2.0212088,0.700503
1381,8,even,4,8,0.9999999,14.805146,-3.0743494,1.7180415e-08,-2.0819016,4.6349886e-08,-7.4894657,2.077651e-10,-6.6213646,4.949769e-10,14.805146,0.9999999
1382,2,even,1,2,0.9999949,14.3014965,-2.0322282,8.060299e-08,14.3014965,0.9999949,-12.4415045,2.4303031e-12,-8.604035,1.1278498e-10,2.097809,5.011914e-06
1383,8,even,4,8,0.9999944,10.876763,-4.4498925,2.2065576e-07,-1.5903864,3.851086e-06,-2.5219758,1.5170475e-06,-5.771288,5.8862717e-08,10.876763,0.9999944
1384,1,odd,4,8,0.9838934,5.1165543,-2.5185626,0.00047539987,0.81470877,0.013325399,-4.0740213,0.000100353325,-0.9840128,0.0022054922,5.1165543,0.9838934
1385,8,even,4,8,0.9999597,9.175204,-3.1233122,4.5583192e-06,-2.3941138,9.451301e-06,-1.3932116,2.571449e-05,-5.112703,6.234814e-07,9.175204,0.9999597
1386,2,even,1,2,0.9999995,12.572403,-3.6584346,8.933814e-08,12.572403,0.9999995,-9.145778,3.6975442e-10,-2.1301286,4.1188062e-07,-4.477508,3.9383774e-08
1387,9,odd,1,2,0.8850394,3.3061001,0.030839123,0.033460688,3.3061001,0.8850394,0.68444574,0.06432688,-5.86303,9.222738e-05,-0.64157474,0.017080842
1388,8,even,4,8,0.9999565,9.067984,-1.4741229,2.6399905e-05,-3.106624,5.1596035e-06,-4.685667,1.0637671e-06,-2.3557796,1.09321045e-05,9.067984,0.9999565
1389,8,even,4,8,0.9999312,9.912362,-2.997306,2.4738456e-06,0.27079135,6.4966436e-05,-6.4760456,7.630881e-08,-3.6470592,1.291779e-06,9.912362,0.9999312
1390,8,even,4,8,1.0,15.937584,-5.470685,5.0408916e-10,-2.5965462,8.927494e-09,-5.279498,6.1029237e-10,-7.4522853,6.948782e-11,15.937584,1.0
1391,8,even,4,8,0.9999994,13.37104,-3.225955,6.1946366e-08,-1.1111639,5.134028e-07,-8.566787,2.9683977e-10,-4.518606,1.7006892e-08,13.37104,0.9999994
1392,1,odd,4,8,0.9988953,7.370119,-2.667948,4.3655895e-05,0.47135466,0.0010079165,-4.6203604,6.1961355e-06,-2.5956545,4.6928806e-05,7.370119,0.9988953
1393,3,odd,4,8,0.997454,6.5818133,-0.5482899,0.0007985984,0.021238798,0.0014114695,-1.4171659,0.0003349503,-7.211114,1.0202366e-06,6.5818133,0.997454
1394,3,odd,4,8,0.9871208,5.842369,-0.82046694,0.0012610647,1.3585415,0.011144709,-1.8045136,0.00047138028,-7.241257,2.0522195e-06,5.842369,0.9871208
1395,5,odd,4,8,0.9040737,4.1388206,1.8339533,0.09020128,-2.3419383,0.0013856263,-1.2303997,0.00421096,-4.720616,0.00012841025,4.1388206,0.9040737
1396,5,odd,4,8,0.99705744,6.1940765,-0.41896746,0.0013387878,-0.31818777,0.001480743,-4.5153675,2.2267308e-05,-3.0059626,0.000100738165,6.1940765,0.99705744
1397,1,odd,4,8,0.9997869,7.884492,-2.1912403,4.2079693e-05,-0.99255484,0.00013952598,-4.032054,6.677553e-06,-2.7194066,2.481376e-05,7.884492,0.9997869
1398,7,odd,2,4,0.96535504,5.4827332,2.1451182,0.034290932,-3.242274,0.00015684281,5.4827332,0.96535504,-4.27581,5.579634e-05,-3.3455942,0.00014144684
1399,0,even,0,0,0.99991894,9.975323,9.975323,0.99991894,0.5333634,7.931839e-05,-5.914955,1.2557547e-07,-3.359076,1.6177419e-06,-6.876666,4.7999716e-08
1400,7,odd,2,4,0.5759564,2.9471438,-0.87544686,0.012596782,2.4294436,0.34320632,2.9471438,0.5759564,-8.964909,3.864124e-06,0.814094,0.06823668
1401,3,odd,1,2,0.8274972,5.0286527,3.097758,0.120002314,5.0286527,0.8274972,-9.953368,2.5772547e-07,-5.018264,3.5846428e-05,2.2703822,0.052464414
1402,6,even,3,6,0.9999999,14.054163,-2.6780007,5.411445e-08,-5.2895517,3.9731134e-09,-5.391997,3.5862473e-09,14.054163,0.9999999,-8.601267,1.4483442e-10
1403,4,even,2,4,0.999956,9.823642,-2.3033743,5.4110897e-06,-7.334413,3.5345373e-08,9.823642,0.999956,-3.1684327,2.2782135e-06,-0.4019119,3.6230926e-05
1404,6,even,3,6,0.99922645,8.863054,1.6963612,0.0007712738,-4.411674,1.7160204e-06,-6.3351564,2.5070608e-07,8.863054,0.99922645,-6.128516,3.0825322e-07
1405,6,even,3,6,0.9934534,6.0864086,-2.415423,0.00020176655,-0.5369348,0.0013202799,-7.8128567,9.1363614e-07,6.0864086,0.9934534,0.7993671,0.0050235935
1406,8,even,4,8,0.94362646,12.897079,-5.0078373,1.5804966e-08,10.079349,0.056373518,-16.07829,2.4601217e-13,-9.148727,2.514362e-10,12.897079,0.94362646
1407,8,even,4,8,0.9999981,13.018479,-4.1563587,3.4758525e-08,-0.1980805,1.8202053e-06,-6.5600452,3.1416194e-09,-6.0852876,5.0505466e-09,13.018479,0.9999981
1408,4,even,2,4,1.0,15.837764,-4.9463305,9.409851e-10,-4.1557274,2.0746111e-09,15.837764,1.0,-6.066011,3.0712252e-10,-6.2140493,2.6486174e-10
1409,4,even,2,4,1.0,14.290875,-4.5168257,6.7907724e-09,-3.612709,1.6771523e-08,14.290875,1.0,-4.2737336,8.6594945e-09,-7.071657,5.276787e-10
1410,1,odd,4,8,0.9896958,5.2730093,-1.2845193,0.0014047634,0.4934342,0.008313014,-3.9587052,9.6876654e-05,-2.3385344,0.00048961,5.2730093,0.9896958
1411,2,even,1,2,1.0,16.559357,-3.3345063,2.291948e-09,16.559357,1.0,-5.103276,3.9087553e-10,-10.507661,1.7576971e-12,-4.7843847,5.3768817e-10
1412,2,even,1,2,1.0,29.24881,-4.831707,1.5813195e-15,29.24881,1.0,-19.886755,4.5781973e-22,-17.031534,7.956147e-21,-0.8326766,8.62535e-14
1413,7,odd,2,4,0.9980835,6.7167025,0.15949073,0.0014171175,-1.4372882,0.00028703423,6.7167025,0.9980835,-7.216429,8.873285e-07,-1.7424537,0.00021154466
1414,2,even,1,2,0.99999964,13.459383,-9.493716,1.0754641e-10,13.459383,0.99999964,-2.2284205,1.5377066e-07,-1.7418331,2.5014728e-07,-7.5358424,7.618844e-10
1415,5,odd,4,8,0.9298032,6.1113644,3.5237343,0.069919385,-5.7160773,6.788881e-06,-2.0762873,0.0002585468,-5.141631,1.20580535e-05,6.1113644,0.9298032
1416,0,even,0,0,1.0,19.486507,19.486507,1.0,-6.971253,3.2325176e-12,-10.126719,1.377649e-13,-1.7157294,6.1942085e-10,-10.903133,6.337919e-14
1417,2,even,1,2,1.0,23.241093,-2.7139218,5.3441683e-12,23.241093,1.0,-8.109119,2.425358e-14,-16.18766,7.5216e-18,-6.7027545,9.898108e-14
1418,6,even,3,6,0.9999995,12.655164,-3.8072693,7.086896e-08,-3.29889,1.1782629e-07,-2.6040287,2.3605689e-07,12.655164,0.9999995,-10.881901,5.997675e-11
1419,5,odd,1,2,0.5428018,2.5786288,2.0541723,0.32127187,2.5786288,0.5428018,-0.103424534,0.037139863,-8.84535,5.932945e-06,0.874785,0.09878051
1420,5,odd,4,8,0.91551846,5.799239,-2.2980115,0.00027866068,-0.43090442,0.0018028108,-9.866542,1.439146e-07,3.3913338,0.08239997,5.799239,0.91551846
1421,3,odd,1,2,0.8511332,5.673463,1.356246,0.011351522,5.673463,0.8511332,-12.910245,7.230957e-09,-2.9307923,0.0001560331,3.849494,0.13735926
1422,0,even,0,0,0.99997306,9.609669,9.609669,0.99997306,-1.0443866,2.3604278e-05,-3.6035488,1.8262521e-06,-3.987185,1.2443712e-06,-5.3282347,3.2549121e-07
1423,8,even,4,8,0.9999969,12.528373,-2.6968563,2.442112e-07,-0.2468647,2.8299821e-06,-5.6656647,1.2543772e-08,-7.923513,1.3117701e-09,12.528373,0.9999969
1424,8,even,4,8,0.99999654,11.264512,-3.6657634,3.2799142e-07,-1.5129633,2.8236539e-06,-4.9289284,9.2742134e-08,-4.4111466,1.5564896e-07,11.264512,0.99999654
1425,0,even,0,0,0.8610237,7.3985147,7.3985147,0.8610237,5.5746493,0.1389698,-4.685267,4.865138e-06,-8.017874,1.7368512e-07,-5.9350414,1.3942006e-06
1426,3,odd,1,2,0.980514,4.497185,-0.44136885,0.007025333,4.497185,0.980514,-5.9339747,2.8924014e-05,-0.29208714,0.008156414,-0.938031,0.0042753266
1427,4,even,2,4,0.9999914,10.073877,-3.5523243,1.2084039e-06,-4.5416965,4.4929664e-07,10.073877,0.9999914,-3.4789305,1.3004291e-06,-2.0137634,5.628602e-06
1428,9,odd,2,4,1.0,14.904269,-3.237902,1.3211584e-08,-3.1439533,1.4512992e-08,14.904269,1.0,-7.861567,1.2969485e-10,-6.2118416,6.751327e-10
1429,0,even,0,0,0.99999964,13.538424,13.538424,0.99999964,-5.8483276,3.805755e-09,-4.6636667,1.2443199e-08,-1.2388233,3.8222865e-07,-8.885832,1.8250278e-10
1430,6,even,3,6,0.99999917,11.708654,-3.187117,3.3950678e-07,-2.8346431,4.829762e-07,-7.057418,7.0794326e-09,11.708654,0.99999917,-5.3462524,3.9187515e-08
1431,7,odd,4,8,0.5642694,7.5191507,-2.2694347,3.164884e-05,7.26057,0.4356988,-7.665825,1.434615e-07,-10.125578,1.2259641e-08,7.5191507,0.5642694
1432,1,odd,4,8,0.99692374,5.802072,-2.4437416,0.00026154757,-0.3035332,0.0022234702,-2.437658,0.00026314353,-2.2170262,0.00032810422,5.802072,0.99692374
1433,9,odd,2,4,0.9999857,10.511299,-0.729948,1.312146e-05,-5.4181623,1.2075817e-07,10.511299,0.9999857,-3.6601028,7.005387e-07,-4.2213116,3.9967065e-07
1434,1,odd,4,8,0.7773177,2.234223,-3.0543592,0.003924611,-0.34436348,0.058983795,0.33992708,0.116927415,-0.66400284,0.042846475,2.234223,0.7773177
1435,4,even,2,4,0.9999933,11.9682,-5.5095553,2.567466e-08,-1.3261374,1.6839912e-06,11.9682,0.9999933,-0.22736692,5.0527756e-06,-10.264706,2.2098795e-10
1436,9,odd,2,4,0.9990237,6.843981,-1.7546058,0.0001841861,-2.973153,5.445637e-05,6.843981,0.9990237,-4.1132183,1.7415048e-05,-0.39093387,0.0007202648
1437,5,odd,4,8,0.9994374,8.911545,1.0495808,0.0003849,-3.7593472,3.1394763e-06,-10.464059,3.8462566e-09,0.25856438,0.00017450738,8.911545,0.9994374
1438,6,even,3,6,1.0,16.909485,-4.186071,6.89154e-10,-5.205998,2.4852384e-10,-7.301854,3.055973e-11,16.909485,1.0,-10.379895,1.4072564e-12
1439,7,odd,2,4,0.98307806,5.966031,1.3974302,0.010196942,-1.9400748,0.00036225116,5.966031,0.98307806,-10.621144,6.1499165e-08,0.92578673,0.006362647
1440,2,even,1,2,1.0,15.447371,-2.2123842,2.1402549e-08,15.447371,1.0,-11.243447,2.5604996e-12,-6.3483787,3.4215758e-10,-3.3966522,6.548546e-09
1441,1,odd,1,2,0.5917748,2.7388256,-1.4897035,0.008624416,2.7388256,0.5917748,-3.802254,0.0008538897,-1.6340939,0.00746486,2.325128,0.39128205
1442,0,even,0,0,1.0,18.04638,18.04638,1.0,-5.773515,4.5201322e-11,-6.65551,1.8711383e-11,-3.3817334,4.941846e-10,-11.20788,1.9725894e-13
1443,8,even,4,8,0.9999999,14.850843,-5.2022066,1.9546569e-09,-0.8790199,1.4743723e-07,-5.9239035,9.498224e-10,-7.490377,1.9830378e-10,14.850843,0.9999999
1444,7,odd,1,2,0.40233317,2.2323463,-0.07348689,0.040102854,2.2323463,0.40233317,2.021776,0.32593897,-9.691655,2.667213e-06,1.6801738,0.2316223
1445,9,odd,2,4,0.99981874,8.719152,-0.2137922,0.00013194498,-5.2407475,8.653938e-07,8.719152,0.99981874,-1.2253727,4.7980968e-05,-5.7713275,5.090795e-07
1446,1,odd,1,2,0.99710876,6.697387,-1.2308149,0.0003593917,6.697387,0.99710876,-6.835697,1.3225085e-06,-2.691909,8.3372506e-05,0.6874458,0.002447136
1447,1,odd,4,8,0.6526696,3.0864906,-1.580173,0.006137438,2.416073,0.3338372,-4.313677,0.00039887932,-1.4548494,0.006956881,3.0864906,0.6526696
1448,8,even,4,8,0.99998724,10.586508,-3.3970964,8.452637e-07,-0.7934336,1.14221775e-05,-4.299861,3.4270988e-07,-5.3337936,1.218696e-07,10.586508,0.99998724
1449,4,even,2,4,0.99999225,11.294988,-5.7300525,4.0375305e-08,-5.8275166,3.66258e-08,11.294988,0.99999225,-0.5595358,7.1062823e-06,-3.3839698,4.217029e-07
1450,4,even,2,4,0.99999666,11.225253,-2.174388,1.515683e-06,-2.7286081,8.7079036e-07,11.225253,0.99999666,-2.658002,9.344961e-07,-7.6026998,6.654605e-09
1451,0,even,0,0,1.0,16.850405,16.850405,1.0,-3.1713753,2.016747e-09,-8.724118,7.818536e-12,-4.2807364,6.6506145e-10,-9.371381,4.092822e-12
1452,8,even,4,8,0.9999814,9.889634,-3.5360625,1.4766788e-06,-1.2287688,1.4836488e-05,-3.2431028,1.9793229e-06,-4.9967856,3.4269058e-07,9.889634,0.9999814
1453,1,odd,4,8,0.9989969,7.1501107,-3.0707,3.6368245e-05,-0.21829149,0.0006302427,-4.8119497,6.375395e-06,-0.8650632,0.00033007935,7.1501107,0.9989969
1454,6,even,3,6,0.99995697,9.545794,-4.102808,1.181596e-06,-0.59273046,3.9525396e-05,-7.546549,3.7746034e-08,9.545794,0.99995697,-3.4524212,2.264271e-06
1455,2,even,1,2,1.0,17.376923,-1.808344,4.6552673e-09,17.376923,1.0,-11.046624,4.527004e-13,-9.361261,2.4420483e-12,-3.5858893,7.869846e-10
1456,5,odd,4,8,0.9596563,5.412155,-0.31452885,0.0031264278,2.1365461,0.036269102,-8.633081,7.6268805e-07,-1.5083818,0.0009474683,5.412155,0.9596563
1457,4,even,2,4,0.99999833,11.588021,-4.5836325,9.478493e-08,-5.6349144,3.3126362e-08,11.588021,0.99999833,-2.7459793,5.9541793e-07,-2.2770007,9.51693e-07
1458,9,odd,2,4,0.99999404,11.489897,-3.555927,2.9219925e-07,-1.6826597,1.9020792e-06,11.489897,0.99999404,-10.217087,3.7391615e-10,-0.97955424,3.842233e-06
1459,3,odd,1,2,0.9999597,13.144577,-1.6890346,3.6126582e-07,13.144577,0.9999597,-9.504835,1.4570277e-10,-10.981909,3.326464e-11,3.0170166,3.996123e-05
1460,1,odd,4,8,0.9878713,5.373955,-1.8295466,0.0007349529,-0.7882089,0.0020821244,-5.598792,1.6954968e-05,0.7078389,0.009294628,5.373955,0.9878713
1461,2,even,1,2,1.0,14.574001,-9.932138,2.2757194e-11,14.574001,1.0,-2.600919,3.475574e-08,-5.9520173,1.2180457e-09,-3.0516882,2.2144192e-08
1462,0,even,0,0,0.9998246,8.892541,8.892541,0.9998246,-1.7727687,2.3336654e-05,-4.6703115,1.2872166e-06,0.09320875,0.00015080723,-8.470728,2.8784026e-08
1463,4,even,2,4,0.99977845,7.711521,-5.6100936,1.638324e-06,-1.6118691,8.9290836e-05,7.711521,0.99977845,-1.9853963,6.1459075e-05,-1.8674417,6.915336e-05
1464,3,odd,4,8,0.99827707,9.028641,-0.58118933,6.6950684e-05,2.6267207,0.0016555123,-9.202203,1.2069708e-08,-5.6036906,4.4107261e-07,9.028641,0.99827707
1465,8,even,4,8,0.99999607,11.690449,-4.4210925,1.0065714e-07,-0.81796473,3.6954168e-06,-5.9658446,2.1476685e-08,-3.8664274,1.7528016e-07,11.690449,0.99999607
1466,9,odd,2,4,0.9997793,8.593902,-4.225424,2.7073338e-06,0.10214912,0.0002051081,8.593902,0.9997793,-2.7512207,1.1824426e-05,-5.2070503,1.0144412e-06
1467,7,odd,2,4,0.66732234,3.1243713,1.3378489,0.11180439,1.9281228,0.20174907,3.1243713,0.66732234,-10.048122,1.2693874e-06,-0.42801332,0.019122938
1468,9,odd,2,4,0.99974316,8.740346,-5.1140256,9.616369e-07,-1.1185505,5.2266594e-05,8.740346,0.99974316,-6.802549,1.7770317e-07,0.24065112,0.00020347821
1469,4,even,2,4,0.99094594,6.671011,-4.416192,1.5168369e-05,-2.4062474,0.00011320011,6.671011,0.99094594,-4.7803454,1.0538744e-05,1.9601057,0.008915176
1470,6,even,3,6,0.9998987,8.393807,-2.3709908,2.112825e-05,-1.5047672,5.024115e-05,-7.7407002,9.836217e-08,8.393807,0.9998987,-2.02856,2.9756338e-05
1471,4,even,2,4,1.0,13.805664,-4.9335175,7.2723854e-09,-3.7844694,2.2945738e-08,13.805664,1.0,-4.16107,1.5745144e-08,-5.7010517,3.375522e-09
1472,7,odd,2,4,1.0,15.3379545,-2.271342,2.2510209e-08,-5.0244174,1.4346119e-09,15.3379545,1.0,-9.115814,2.3980751e-11,-4.491096,2.4454172e-09
1473,0,even,0,0,1.0,16.020199,16.020199,1.0,-2.3049161,1.100281e-08,-7.9864025,3.750296e-11,-4.5211654,1.1994956e-09,-8.94452,1.4386687e-11
1474,7,odd,2,4,0.99991465,8.3906555,-1.9761777,3.1456086e-05,-3.3799,7.728152e-06,8.3906555,0.99991465,-4.345734,2.9418425e-06,-1.6596333,4.3169573e-05
1475,6,even,3,6,0.9999999,13.217543,-3.1952019,7.44793e-08,-4.5244155,1.9713568e-08,-6.009615,4.464281e-09,13.217543,0.9999999,-6.619418,2.4261506e-09
1476,1,odd,4,8,0.99987173,8.396519,-3.1449456,9.717403e-06,-1.373064,5.7156867e-05,-4.3807626,2.8238505e-06,-1.349846,5.849947e-05,8.396519,0.99987173
1477,3,odd,4,8,0.9049194,5.1983185,-1.8513871,0.00078516634,-0.45245922,0.0031805942,-9.339164,4.3960392e-07,2.9025888,0.091114424,5.1983185,0.9049194
1478,2,even,1,2,1.0,26.7292,2.2618496,2.3657284e-11,26.7292,1.0,-21.886913,7.696458e-22,-17.067945,9.5310607e-20,-3.475569,7.624923e-14
1479,5,odd,0,0,0.4015128,0.80866694,0.80866694,0.4015128,-1.4524444,0.04185152,0.6230256,0.33348507,-1.2056608,0.053565845,-0.053219628,0.16958477
1480,5,odd,4,8,0.9983955,6.706895,-0.43665028,0.0007886791,-5.1514926,7.0675774e-06,-0.58512855,0.0006798561,-2.248329,0.00012885411,6.706895,0.9983955
1481,7,odd,4,8,0.48109415,3.3293228,3.2618282,0.44969445,1.1954954,0.056953527,-0.34057623,0.01225782,-12.68708,5.3259193e-08,3.3293228,0.48109415
1482,7,odd,1,2,0.961617,5.255121,0.4748135,0.008071251,5.255121,0.961617,1.7315766,0.028362604,-11.586451,4.6644498e-08,-0.9460467,0.0019492568
1483,9,odd,2,4,0.993895,5.937771,-3.1053715,0.00011747723,-3.274286,9.921901e-05,5.937771,0.993895,-2.7953515,0.00016017469,0.78152084,0.0057280865
1484,9,odd,2,4,0.999987,10.644409,-0.91200036,9.574351e-06,-3.934094,4.6626315e-07,10.644409,0.999987,-7.873744,9.0711465e-09,-2.0824623,2.9701903e-06
1485,6,even,3,6,0.9999976,11.513132,-1.612512,1.9934453e-06,-5.762753,3.1417933e-08,-6.9718323,9.377368e-09,11.513132,0.9999976,-3.3716516,3.4325708e-07
1486,2,even,1,2,1.0,21.55026,-2.9381537,2.3164162e-11,21.55026,1.0,-18.525154,3.9397413e-18,-13.204962,8.0537613e-16,2.7048142,6.539235e-09
1487,2,even,1,2,0.99993277,12.064798,-7.098369,4.7589674e-09,12.064798,0.99993277,2.4581907,6.7278175e-05,-5.37336,2.6710067e-08,-7.917782,2.097232e-09
1488,5,odd,4,8,0.9872477,5.902827,-1.5609663,0.0005661638,-3.5482213,7.760472e-05,-4.2781715,3.7400285e-05,1.4987265,0.012071176,5.902827,0.9872477
1489,5,odd,4,8,0.9982951,7.358891,-2.3652222,5.9721428e-05,-3.2775457,2.398354e-05,-4.832648,5.064551e-06,0.9328776,0.0016161317,7.358891,0.9982951
1490,7,odd,1,2,0.97507733,5.9816375,-1.8692148,0.00037971465,5.9816375,0.97507733,-2.2512574,0.00025914225,-7.7453127,1.0653703e-06,2.2888863,0.024282737
1491,1,odd,1,2,0.6497504,3.7134814,-2.7381127,0.0010253089,3.7134814,0.6497504,-4.2476587,0.00022660386,-2.1553106,0.0018363799,3.0866826,0.3471613
1492,6,even,3,6,1.0,14.162684,-2.9611542,3.6577283e-08,-4.6168027,6.9850925e-09,-5.5495625,2.7484024e-09,14.162684,1.0,-9.537284,5.0960597e-11
1493,0,even,0,0,1.0,16.71664,16.71664,1.0,-2.5260065,4.395664e-09,-6.883459,5.6312784e-11,-7.026035,4.8830023e-11,-8.484671,1.1355589e-11
1494,3,odd,4,8,0.999608,8.379122,-1.192606,6.964359e-05,0.27215284,0.000301313,-7.530472,1.2313485e-07,-2.3934941,2.0957634e-05,8.379122,0.999608
1495,2,even,1,2,1.0,14.869767,-8.821323,5.141508e-11,14.869767,1.0,-1.883531,5.2982838e-08,-6.3062396,6.358832e-10,-4.5567026,3.6575591e-09
1496,3,odd,1,2,0.9999186,12.135062,2.1850638,4.7723803e-05,12.135062,0.9999186,-13.058962,1.1437718e-11,-9.797781,2.9829933e-10,1.8366243,3.3682925e-05
1497,4,even,2,4,0.99995744,9.129132,-1.5739722,2.247411e-05,-1.8606274,1.6872897e-05,9.129132,0.99995744,-4.18835,1.645404e-06,-4.25411,1.5406837e-06
1498,6,even,3,6,0.99380153,7.004711,-1.842352,0.0001429121,-4.298979,1.2250941e-05,1.9019777,0.0060424157,7.004711,0.99380153,-6.8500633,9.555372e-07
1499,3,odd,1,2,1.0,18.740303,-0.3451701,5.1437987e-09,18.740303,1.0,-13.846749,7.0408225e-15,-13.145382,1.4197863e-14,-0.27854773,5.498171e-09
1500,5,odd,4,8,0.81402,4.0048265,2.5073555,0.18209234,-2.7893965,0.00091188814,-4.293667,0.00020260269,-1.6771537,0.002773208,4.0048265,0.81402
1501,2,even,1,2,1.0,17.285463,0.414874,4.7118967e-08,17.285463,1.0,-13.991889,2.6086684e-14,-10.645514,7.4085096e-13,-1.1860431,9.504447e-09
1502,7,odd,1,2,0.61316013,3.6410615,-1.7806213,0.0027099857,3.6410615,0.61316013,2.02239,0.12150487,-11.527721,1.5843644e-07,2.7931623,0.26262495
1503,4,even,2,4,0.9999994,12.396714,-2.8374727,2.42034e-07,-3.1188636,1.8267123e-07,12.396714,0.9999994,-3.4429657,1.3210348e-07,-7.207055,3.0633096e-09
1504,8,even,4,8,0.9596044,4.4768744,-2.6083238,0.000803581,-0.70071214,0.005413709,-4.3146677,0.00014587269,1.1376694,0.03403251,4.4768744,0.9596044
1505,3,odd,1,2,0.99959975,12.0197525,-1.7464248,1.05015e-06,12.0197525,0.99959975,-9.8494005,3.1781477e-10,-10.653402,1.422329e-10,4.194096,0.0003991965
1506,7,odd,2,4,0.9999149,8.856101,-2.3207338,1.3993465e-05,-0.92528933,5.64884e-05,8.856101,0.9999149,-6.7951436,1.5948272e-07,-2.285717,1.4492153e-05
1507,4,even,2,4,1.0,18.217054,-6.1624274,2.5830057e-11,-6.1503463,2.6144007e-11,18.217054,1.0,-6.43333,1.9700346e-11,-6.1235523,2.685399e-11
1508,9,odd,2,4,0.9933571,5.8082905,-1.8720189,0.00045876415,-2.7122676,0.00019800398,5.8082905,0.9933571,-4.1074977,4.906063e-05,0.68842447,0.0059371213
1509,8,even,4,8,0.9999796,10.3487625,-2.4477692,2.770308e-06,-0.63496274,1.6975391e-05,-3.981292,5.9776113e-07,-6.5246367,4.698581e-08,10.3487625,0.9999796
1510,5,odd,4,8,0.9358886,5.1654825,-2.7278788,0.00034928584,-3.792021,0.00012051188,2.4756565,0.06354005,-3.9632192,0.00010154983,5.1654825,0.9358886
1511,7,odd,0,0,0.65860313,3.9813735,3.9813735,0.65860313,-4.4099107,0.00014939481,3.3208306,0.34021518,-3.1720908,0.00051512633,-3.168229,0.0005171193
1512,0,even,0,0,0.9999994,13.354519,13.354519,0.9999994,-1.1407256,5.067513e-07,-10.445157,4.6124556e-11,-3.1693223,6.6647885e-08,-5.5191355,6.3573506e-09
1513,3,odd,1,2,0.9604708,9.81637,0.6645491,0.0001018354,9.81637,0.9604708,-11.774486,4.0336212e-10,-11.506985,5.270707e-10,6.623409,0.03942746
1514,2,even,1,2,1.0,19.403812,-3.2353518,1.4720956e-10,19.403812,1.0,-10.2936535,1.2663519e-13,-12.233967,1.8192277e-14,-2.4677572,3.17174e-10
1515,8,even,4,8,0.99961025,7.943438,-2.435468,3.106912e-05,-0.043178096,0.00033985008,-4.491099,3.977223e-06,-3.1702318,1.49013285e-05,7.943438,0.99961025
1516,0,even,0,0,0.99998283,10.773106,10.773106,0.99998283,-0.23998344,1.6484231e-05,-3.486811,6.4119416e-07,-6.919049,2.0719902e-08,-5.340389,1.0045941e-07
1517,4,even,2,4,0.99990666,9.551537,-2.868694,4.0357268e-06,-3.764426,1.6478219e-06,9.551537,0.99990666,0.20747161,8.747495e-05,-6.513244,1.0546629e-07
1518,4,even,2,4,0.9999919,10.036842,-2.7865956,2.696797e-06,-2.44155,3.8080218e-06,10.036842,0.9999919,-3.7560444,1.0228733e-06,-4.629319,4.271333e-07
1519,6,even,3,6,0.9999974,10.379703,-4.505363,3.4316042e-07,-3.576174,8.69038e-07,-4.203858,4.6391543e-07,10.379703,0.9999974,-3.4324973,1.0033139e-06
1520,8,even,4,8,0.99945515,7.085535,-2.5182338,6.743716e-05,-0.79573745,0.00037754627,-3.0191429,4.086555e-05,-2.6523557,5.8972742e-05,7.085535,0.99945515
1521,1,odd,4,8,0.949531,4.392791,-2.576212,0.0008931198,1.3440927,0.045027353,-3.81379,0.00025908143,-1.0070299,0.004289402,4.392791,0.949531
1522,2,even,1,2,0.99993277,8.868062,-4.9286942,1.0188621e-06,8.868062,0.99993277,-5.4437113,6.0876073e-07,-1.5176282,3.0869007e-05,-1.4010395,3.468621e-05
1523,0,even,0,0,0.99969935,7.264358,7.264358,0.99969935,-1.4671707,0.00016136689,-3.9309576,1.3734274e-05,-2.5677576,5.368291e-05,-2.273775,7.2029536e-05
1524,2,even,1,2,0.999984,11.82757,-9.495612,5.4884935e-10,11.82757,0.999984,-4.1624775,1.13658956e-07,0.7725011,1.5806569e-05,-5.9976892,1.8137646e-08
1525,0,even,0,0,0.999811,13.539396,13.539396,0.999811,-7.62979,6.401141e-10,-7.7078695,5.9203586e-10,4.9662056,0.00018907254,-13.589813,1.6513985e-12
1526,1,odd,4,8,0.81984067,3.9785674,-2.5714736,0.0011724186,2.4473789,0.17731388,-3.2441306,0.0005983447,-2.658503,0.0010746976,3.9785674,0.81984067
1527,0,even,0,0,0.99999714,13.773041,13.773041,0.99999714,-8.732849,1.6819572e-10,0.93656087,2.6618668e-06,-1.7179668,1.8721452e-07,-12.367632,4.438629e-12
1528,1,odd,4,8,0.96395916,4.538035,-2.0320508,0.0013511599,1.0136843,0.028408783,-4.572561,0.00010650677,-0.51261294,0.0061743357,4.538035,0.96395916
1529,5,odd,4,8,0.99786514,9.4375,-4.267057,1.1149572e-06,3.179792,0.0019115418,-13.758615,8.416426e-11,1.0277965,0.00022222051,9.4375,0.99786514
1530,7,odd,1,2,0.94421023,5.1816335,1.8156415,0.03260145,5.1816335,0.94421023,-1.1092715,0.001749699,-12.314564,2.3799455e-08,1.3964764,0.021438569
1531,6,even,3,6,0.999912,8.001773,-2.1981637,3.7169393e-05,-2.8550663,1.9270654e-05,-2.4288552,2.9511937e-05,8.001773,0.999912,-5.086711,2.0687382e-06
1532,8,even,4,8,0.58047605,4.362384,-3.6272414,0.00019675883,-4.978604,5.0938328e-05,4.0353827,0.41857138,-2.3511474,0.0007049115,4.362384,0.58047605
1533,7,odd,2,4,0.55007404,3.3979995,0.503456,0.03043244,0.69565386,0.036881395,3.3979995,0.55007404,-12.350763,7.958299e-08,3.0349684,0.38261214
1534,4,even,2,4,0.9999999,13.16884,-3.2593606,7.3336906e-08,-3.5822713,5.3098766e-08,13.16884,0.9999999,-4.957124,1.3427442e-08,-5.867302,5.4039133e-09
1535,7,odd,1,2,0.9986798,6.374836,-1.0174797,0.0006151546,6.374836,0.9986798,-1.1861196,0.0005196908,-4.7806563,1.427767e-05,-2.2972908,0.00017106827
1536,6,even,3,6,0.9999957,10.908556,-2.554769,1.4221656e-06,-5.375606,8.469859e-08,-6.252941,3.522529e-08,10.908556,0.9999957,-1.9177346,2.6891257e-06
1537,4,even,2,4,1.0,16.113688,-3.2704606,3.8156776e-09,-5.057637,6.3886646e-10,16.113688,1.0,-4.1577435,1.5711924e-09,-9.173449,1.0421645e-11
1538,8,even,4,8,0.9996462,8.057726,-2.8048232,1.9155845e-05,-0.055416614,0.00029946983,-5.176457,1.7877794e-06,-2.248529,3.3411536e-05,8.057726,0.9996462
1539,4,even,2,4,1.0,14.444241,-4.027424,9.502942e-09,-7.635553,2.5755345e-10,14.444241,1.0,-4.184811,8.119062e-09,-3.301891,1.9631472e-08
1540,5,odd,4,8,0.9994062,7.0505342,-1.3584316,0.00022272785,-3.5639613,2.4542871e-05,-1.0454292,0.00030458588,-3.0286283,4.1919622e-05,7.0505342,0.9994062
1541,3,odd,4,8,0.87424314,4.686574,0.9771452,0.021411534,2.558952,0.104140066,-3.6900768,0.00020123289,-7.6070046,4.0049645e-06,4.686574,0.87424314
1542,2,even,1,2,1.0,17.048647,-4.4056945,4.813907e-10,17.048647,1.0,-10.685374,9.021278e-13,-9.061369,4.5768237e-12,-0.79796857,1.7754713e-08
1543,4,even,2,4,0.9999987,11.835502,-4.3147235,9.6838036e-08,-1.9204648,1.0613514e-06,11.835502,0.9999987,-5.37429,3.3564646e-08,-4.5183306,7.899876e-08
1544,5,odd,0,0,0.63479215,4.0742817,4.0742817,0.63479215,-2.8539174,0.0006219465,-3.6141155,0.00029080576,-3.9817905,0.0002013371,3.5183954,0.36409372
1545,3,odd,4,8,0.95040065,8.848167,-3.5319762,3.992808e-06,5.895158,0.04959421,-4.809638,1.112749e-06,-11.399249,1.5295547e-09,8.848167,0.95040065
1546,3,odd,4,8,0.75530887,2.903511,0.3846061,0.06083844,-0.21813872,0.033297323,1.2904673,0.15051803,-7.010408,3.7373524e-05,2.903511,0.75530887
1547,9,odd,2,4,0.9999893,9.833635,-2.2390435,5.71344e-06,-3.1669624,2.2589538e-06,9.833635,0.9999893,-4.662364,5.0636396e-07,-3.1635952,2.2665736e-06
1548,9,odd,2,4,0.99987805,8.138022,-2.5251422,2.3388033e-05,-2.6722214,2.0189143e-05,8.138022,0.99987805,-4.1784515,4.476827e-06,-1.3757542,7.381868e-05
1549,8,even,4,8,0.9999008,9.219314,-4.3571177,1.2699533e-06,-2.2835174,1.0100459e-05,-0.1248834,8.7462846e-05,-5.6872516,3.3582896e-07,9.219314,0.9999008
1550,9,odd,2,4,0.99988294,8.713244,-0.54583186,9.523213e-05,-2.8744936,9.278087e-06,8.713244,0.99988294,-5.8068395,4.942613e-07,-2.61516,1.2025014e-05
1551,7,odd,1,2,0.9733786,5.6954904,-0.97787654,0.0012304822,5.6954904,0.9733786,-0.9180946,0.0013062862,-10.1565075,1.2701261e-07,1.9962839,0.024084458
1552,8,even,4,8,0.9999827,9.949337,-3.0906575,2.1716758e-06,-1.9183687,7.0131564e-06,-5.587916,1.7875143e-07,-1.8037728,7.864692e-06,9.949337,0.9999827
1553,4,even,2,4,0.9999994,12.134724,-3.0064123,2.6563657e-07,-3.2614794,2.0583238e-07,12.134724,0.9999994,-3.4384122,1.724539e-07,-6.310783,9.754787e-09
1554,1,odd,4,8,0.8067094,2.4827437,-1.3704156,0.017112413,0.62341624,0.12566704,-2.2549617,0.007065744,-0.4387136,0.04344545,2.4827437,0.8067094
1555,5,odd,4,8,0.98839045,7.1530104,1.8476058,0.0049070506,2.159125,0.0067005716,-9.354953,6.692852e-08,-6.0154624,1.8877031e-06,7.1530104,0.98839045
1556,9,odd,2,4,0.99999034,9.968106,-3.3475971,1.6483875e-06,-3.1260152,2.0572681e-06,9.968106,0.99999034,-4.8439503,3.6914875e-07,-2.1240058,5.6034883e-06
1557,5,odd,3,6,0.97343206,6.8338494,-2.3618636,9.877753e-05,-7.5641828,5.436504e-07,-3.8123984,2.3157887e-05,6.8338494,0.97343206,3.2281098,0.026445564
1558,0,even,0,0,0.99999344,11.3653,11.3653,0.99999344,-0.6486314,6.059169e-06,-7.738929,5.0481925e-09,-3.5185716,3.4356876e-07,-4.9709063,8.040311e-08
1559,2,even,1,2,0.9999994,12.519997,-2.70343,2.4465243e-07,12.519997,0.9999994,-2.2146685,3.9885597e-07,-7.977096,1.2537912e-09,-5.423625,1.6113264e-08
1560,5,odd,2,4,0.8586604,3.1303499,0.5826895,0.06720268,-4.535242,0.0004024362,3.1303499,0.8586604,-1.6663821,0.00708969,0.5743535,0.0666448
1561,4,even,2,4,0.9999987,11.518914,-3.4908369,3.0293347e-07,-4.493822,1.1111073e-07,11.518914,0.9999987,-5.294351,4.9898937e-08,-2.320171,9.766995e-07
1562,4,even,2,4,0.99999976,13.713768,-2.844151,6.441503e-08,-5.3225827,5.402789e-09,13.713768,0.99999976,-1.8617992,1.7203507e-07,-8.526924,2.1927547e-10
1563,9,odd,2,4,0.99464935,5.6681294,-1.0560807,0.0011950404,-2.9905143,0.00017269063,5.6681294,0.99464935,-3.604568,9.345201e-05,0.12401052,0.0038894643
1564,6,even,3,6,0.9999994,13.437672,-6.527103,2.1350501e-09,-3.1363294,6.3387326e-08,-1.1292869,4.7168282e-07,13.437672,0.9999994,-11.111563,2.1797302e-11
1565,7,odd,1,2,0.9999534,10.101328,-2.4282238,3.6179676e-06,10.101328,0.9999534,-4.2556076,5.8189136e-07,-8.206273,1.1196679e-08,0.03335007,4.241432e-05
1566,4,even,2,4,0.9999981,11.311206,-3.4667423,3.8195984e-07,-2.3725188,1.1408622e-06,11.311206,0.9999981,-4.16652,1.8971784e-07,-5.2440557,6.45863e-08
1567,3,odd,1,2,0.9062448,5.9144564,-1.959503,0.0003448485,5.9144564,0.9062448,-1.5556738,0.00051642745,-10.013668,1.0958447e-07,3.6366038,0.0928938
1568,0,even,0,0,0.9999988,12.399088,12.399088,0.9999988,-2.2891223,4.1782144e-07,-7.466506,2.357665e-09,-1.7059714,7.4860014e-07,-7.198084,3.0835847e-09
1569,0,even,0,0,0.99997914,10.472858,10.472858,0.99997914,-0.35070592,1.9924e-05,-6.587759,3.8963584e-08,-3.8771105,5.8597436e-07,-4.518375,3.0858928e-07
1570,1,odd,4,8,0.9977063,6.6202784,-2.3774955,0.00012340111,0.18761301,0.0016044701,-5.4582157,5.6673416e-06,-0.8647025,0.000560166,6.6202784,0.9977063
1571,7,odd,4,8,0.7155919,4.3724236,-3.1563077,0.00038457316,2.6527927,0.12818559,2.8481295,0.15583782,-11.210636,1.2218806e-07,4.3724236,0.7155919
1572,6,even,3,6,0.9998832,8.934892,-0.3622084,9.167902e-05,-1.6761603,2.4639286e-05,-7.2213163,9.624923e-08,8.934892,0.9998832,-5.914444,3.5560242e-07
1573,0,even,0,0,0.99944836,6.950779,6.950779,0.99944836,-1.3125889,0.0002576472,-4.2348466,1.3864529e-05,-2.9789712,4.867708e-05,-1.4196669,0.0002314844
1574,8,even,4,8,0.9745096,4.377383,-4.005516,0.00022291497,0.35966423,0.017535295,-1.6901942,0.0022577234,-0.8044612,0.0054744408,4.377383,0.9745096
1575,6,even,3,6,0.9444682,3.4722688,-0.18767253,0.024304964,-1.7435964,0.005128211,-3.5948174,0.0008053614,3.4722688,0.9444682,-0.14781941,0.02529315
1576,6,even,3,6,1.0,15.233292,-5.109383,1.4631497e-09,-3.9121432,4.8444346e-09,-4.6713743,2.2673208e-09,15.233292,1.0,-10.970546,4.1669437e-12
1577,6,even,3,6,1.0,15.046448,-1.7713841,4.967167e-08,-7.4098525,1.7674719e-10,-3.9893525,5.405759e-09,15.046448,1.0,-11.2283535,3.881493e-12
1578,9,odd,2,4,0.99999356,10.838641,-2.9532516,1.0238921e-06,-5.264891,1.0146629e-07,10.838641,0.99999356,-4.95397,1.3846925e-07,-1.3197436,5.244185e-06
1579,9,odd,2,4,0.9999918,10.400356,-2.4046571,2.7469432e-06,-3.1430826,1.3126702e-06,10.400356,0.9999918,-6.7695994,3.492844e-08,-1.9773277,4.2114993e-06
1580,2,even,1,2,0.9981267,7.245128,-2.7311938,4.6400644e-05,7.245128,0.9981267,0.9329941,0.0018107595,-4.2279205,1.0387325e-05,-4.796036,5.8853784e-06
1581,0,even,0,0,0.9999993,12.102356,12.102356,0.9999993,-3.3607285,1.9251631e-07,-4.792489,4.5989864e-08,-2.3373818,5.356751e-07,-7.521553,3.002232e-09
1582,4,even,2,4,1.0,15.480409,-4.9110966,1.3934179e-09,-3.8325555,4.0971937e-09,15.480409,1.0,-4.1985435,2.8414504e-09,-7.9911957,6.403423e-11
1583,0,even,0,0,1.0,16.653627,16.653627,1.0,-2.2299223,6.294757e-09,-10.449042,1.6961353e-12,-3.8635125,1.2289085e-09,-8.580159,1.0992723e-11
1584,8,even,4,8,0.9996338,7.6945047,-2.1108005,5.5137978e-05,-0.45904255,0.0002876076,-3.4745991,1.4098109e-05,-3.8814068,9.386126e-06,7.6945047,0.9996338
1585,3,odd,0,0,0.9319176,7.037579,7.037579,0.9319176,4.4167385,0.067789264,-7.1676164,6.3116005e-07,-8.41255,1.8174896e-07,-1.0299027,0.00029222318
1586,8,even,4,8,0.99975675,10.109308,-2.70876,2.7106778e-06,1.7762635,0.00024038031,-6.8114552,4.4802306e-08,-5.6665425,1.4077634e-07,10.109308,0.99975675
1587,6,even,3,6,1.0,18.400877,-5.167546,5.8125168e-11,-6.722854,1.2271623e-11,-3.8643112,2.1396937e-10,18.400877,1.0,-13.59591,1.2704907e-14
1588,1,odd,1,2,0.988159,5.5051136,-3.0741446,0.00018573873,5.5051136,0.988159,-1.872891,0.00061744766,-4.5170784,4.3877724e-05,1.0066122,0.010993918
1589,4,even,2,4,0.99996686,8.877854,-2.4244127,1.2344496e-05,-2.8216388,8.297748e-06,8.877854,0.99996686,-3.6485794,3.6293131e-06,-2.7522864,8.893647e-06
1590,2,even,1,2,0.9999788,9.704601,-5.916838,1.6431835e-07,9.704601,0.9999788,-1.5208493,1.3330289e-05,-2.092804,7.5238963e-06,-5.3330374,2.9459628e-07
1591,7,odd,1,2,0.8870078,4.2342525,-3.7108142,0.00031436118,4.2342525,0.8870078,-1.8958435,0.0019304589,-3.456151,0.00040553435,2.1499827,0.11034193
1592,6,even,3,6,0.9999999,13.732191,-4.100357,1.8006228e-08,-2.827863,6.4277586e-08,-6.4974604,1.6382248e-09,13.732191,0.9999999,-8.162221,3.1001107e-10
1593,5,odd,0,0,0.5531261,3.6930206,3.6930206,0.5531261,-3.5839252,0.00038237247,-4.239527,0.00019850091,-2.0808172,0.001719009,3.4745512,0.44457406
1594,0,even,0,0,1.0,15.21649,15.21649,1.0,-2.6990306,1.6572525e-08,-9.389722,2.0590061e-11,-3.0940404,1.1164468e-08,-7.990161,8.3460315e-11
1595,4,even,2,4,0.9999994,11.938752,-4.787525,5.4433993e-08,-3.731711,1.5646019e-07,11.938752,0.9999994,-3.3047113,2.3979914e-07,-4.1443005,1.0356626e-07
1596,6,even,3,6,0.99999976,12.76635,-5.2389255,1.5149839e-08,-2.863805,1.6289584e-07,-4.023322,5.10902e-08,12.76635,0.99999976,-7.916464,1.0412813e-09
1597,0,even,0,0,1.0,14.745817,14.745817,1.0,-2.8427606,2.2981478e-08,-7.496561,2.1890612e-10,-3.3756175,1.3488409e-08,-7.9050784,1.4549258e-10
1598,7,odd,2,4,0.88991517,3.324835,0.20593613,0.039339423,0.5368435,0.05476956,3.324835,0.88991517,-5.689181,0.000108295666,-0.7020159,0.015867537
1599,1,odd,4,8,0.78361434,3.5617847,-2.1652455,0.0025520236,2.2489974,0.21084636,-2.5482857,0.0017399334,-2.8811066,0.0012473557,3.5617847,0.78361434
1600,1,odd,4,8,0.9943453,5.763447,-2.8225155,0.00018565265,0.37008506,0.004520954,-3.6623397,8.016225e-05,-1.2802403,0.00086796633,5.763447,0.9943453
1601,4,even,2,4,1.0,14.071851,-4.446496,9.069518e-09,-3.4981523,2.3412317e-08,14.071851,1.0,-3.5483646,2.2265747e-08,-7.367631,4.885976e-10
1602,8,even,4,8,1.0,17.76998,-4.020454,3.4398126e-10,-2.572171,1.4639175e-09,-6.225357,3.792781e-11,-10.848112,3.7266682e-13,17.76998,1.0
1603,5,odd,4,8,0.9998221,7.843261,-1.5219359,8.563862e-05,-2.035617,5.1236642e-05,-3.0357268,1.884684e-05,-2.8730073,2.2177184e-05,7.843261,0.9998221
1604,3,odd,1,2,0.93755066,8.597492,-4.7069173,1.5630156e-06,8.597492,0.93755066,-7.4150577,1.04191535e-07,-6.9981046,1.5809323e-07,5.888549,0.06244758
1605,6,even,3,6,0.9997079,7.7484355,-0.50001746,0.0002615866,-4.2459145,6.177218e-06,-3.195847,1.7653532e-05,7.7484355,0.9997079,-4.169839,6.665496e-06
1606,6,even,3,6,0.99997616,9.263463,-2.8103814,5.706705e-06,-3.1153593,4.2066404e-06,-1.929502,1.3770412e-05,9.263463,0.99997616,-6.6870937,1.1823631e-07
1607,8,even,0,0,0.9993445,7.432858,7.432858,0.9993445,-0.26091546,0.00045535696,-1.1467054,0.00018778388,-3.9373465,1.1526514e-05,-6.57749,8.224295e-07
1608,0,even,0,0,1.0,19.068096,19.068096,1.0,-5.2631145,2.710749e-11,-10.061221,2.2351045e-13,-3.5736017,1.4683715e-10,-9.837374,2.7958506e-13
1609,4,even,2,4,0.9983063,7.0837994,-4.3506966,1.0797552e-05,0.6234653,0.001561624,7.0837994,0.9983063,-2.0117679,0.00011197188,-4.4956956,9.340138e-06
1610,2,even,1,2,1.0,16.01687,-3.8375618,2.3841262e-09,16.01687,1.0,-7.0371275,9.7224624e-11,-9.482614,8.427803e-12,-2.3671265,1.0373649e-08
1611,4,even,2,4,0.99971014,7.832634,-3.5061252,1.1899082e-05,-0.7626793,0.0001849171,7.832634,0.99971014,-1.4848651,8.981226e-05,-4.806383,3.2420426e-06
1612,2,even,1,2,0.9999962,13.878038,-3.3020766,3.4575567e-08,13.878038,0.9999962,-16.324879,7.6390276e-14,-3.185429,3.8853376e-08,1.403025,3.820927e-06
1613,4,even,2,4,0.99998724,10.244489,-2.0282907,4.677288e-06,-1.8347907,5.6758417e-06,10.244489,0.99998724,-2.723493,2.3338434e-06,-7.0859985,2.9748145e-08
1614,0,even,0,0,1.0,18.773426,18.773426,1.0,-2.458358,6.013856e-10,-11.300204,8.6933634e-14,-5.1372485,4.1278675e-11,-9.558859,4.959581e-13
1615,9,odd,2,4,0.99982685,8.427808,-0.35889032,0.00015272501,-3.5664895,6.178283e-06,8.427808,0.99982685,-4.687071,2.0146767e-06,-2.879982,1.227479e-05
1616,8,even,4,8,0.99993634,8.79743,-2.5649137,1.1624362e-05,-1.8357676,2.4100898e-05,-4.8748,1.1539804e-06,-1.729045,2.6815283e-05,8.79743,0.99993634
1617,1,odd,4,8,0.89459527,4.005493,-2.3244915,0.0015942233,1.7645447,0.095146984,-4.547303,0.00017266102,-0.65188724,0.008490864,4.005493,0.89459527
1618,2,even,1,2,1.0,21.934052,-4.340013,3.8843516e-12,21.934052,1.0,-12.020047,1.7944143e-15,-10.84285,5.823347e-15,-5.0784564,1.8561654e-12
1619,6,even,3,6,0.9999981,11.479535,-1.8023212,1.7051483e-06,-4.5236273,1.1217965e-07,-5.5354877,4.078203e-08,11.479535,0.9999981,-6.16661,2.1695808e-08
1620,0,even,0,0,0.9999999,14.193635,14.193635,0.9999999,-2.249534,7.224745e-08,-6.1677465,1.4360326e-09,-5.0642414,4.329224e-09,-6.8763475,7.070055e-10
1621,6,even,3,6,0.99999154,9.964474,-2.0719457,5.924422e-06,-5.106005,2.850826e-07,-3.5571878,1.3415697e-06,9.964474,0.99999154,-3.9333472,9.2097775e-07
1622,9,odd,2,4,0.99533784,6.00954,-2.4629595,0.00020816638,-2.2847676,0.0002487703,6.00954,0.99533784,-3.8318279,5.2956446e-05,0.53011876,0.0041522947
1623,5,odd,4,8,0.5756241,2.3365407,1.4662883,0.24109773,-5.8514733,0.00016000358,-1.2153469,0.016503416,1.0967699,0.16661471,2.3365407,0.5756241
1624,1,odd,4,8,0.99915373,7.564885,-1.8567746,8.088307e-05,0.37020126,0.00074993004,-4.3703985,6.549445e-06,-4.0634017,8.902905e-06,7.564885,0.99915373
1625,8,even,4,8,0.9995408,7.689317,-2.5155425,3.6973135e-05,-0.63990116,0.00024124989,-5.577691,1.729865e-06,-0.93688375,0.00017926237,7.689317,0.9995408
1626,7,odd,2,4,0.6513933,4.1309342,3.4998038,0.34653476,-5.8344975,3.0613395e-05,4.1309342,0.6513933,-3.5529022,0.0002997751,-1.7933866,0.0017415803
1627,1,odd,1,2,0.96264315,4.5526633,-2.3993347,0.0009209818,4.5526633,0.96264315,-2.74639,0.00065091875,-3.0258536,0.0004922178,1.2466575,0.035292722
1628,1,odd,4,8,0.7607613,3.1751556,-1.1032866,0.010547378,1.9033248,0.21325506,-5.080908,0.0001975539,-0.73532754,0.015238674,3.1751556,0.7607613
1629,2,even,1,2,1.0,14.957041,-4.7812905,2.6776377e-09,14.957041,1.0,-3.333234,1.1392898e-08,-6.1516666,6.8015027e-10,-7.640869,1.5340956e-10
1630,3,odd,1,2,0.86483043,9.298765,-2.217603,8.618584e-06,9.298765,0.86483043,-8.9696455,1.0070741e-08,-11.098143,1.1985783e-09,7.4426975,0.1351609
1631,3,odd,1,2,0.89414734,6.3927894,-3.501333,4.5128036e-05,6.3927894,0.89414734,4.2582664,0.10577854,-7.4496303,8.7040746e-07,-3.973065,2.8156312e-05
1632,2,even,1,2,0.9997942,11.183791,0.97545385,3.68541e-05,11.183791,0.9997942,-13.293338,2.3422247e-11,-7.399585,8.496753e-09,2.4984002,0.00016900264
1633,1,odd,1,2,0.9652073,5.2576833,-2.3393486,0.00048447534,5.2576833,0.9652073,-3.0525355,0.00023743154,-4.7773495,4.2311793e-05,1.9125354,0.03402839
1634,3,odd,4,8,0.60639554,2.6757274,0.93588114,0.10645117,-2.3656018,0.003920437,-4.9291763,0.00030198705,1.9133974,0.28293085,2.6757274,0.60639554
1635,5,odd,4,8,0.7555758,5.059523,-0.30593395,0.003532561,-2.990834,0.00024101965,-9.405081,3.9480315e-07,3.9153876,0.24065027,5.059523,0.7555758
1636,6,even,3,6,1.0,16.309204,-6.579672,1.14679946e-10,-4.276295,1.1477082e-09,-5.9198647,2.218391e-10,16.309204,1.0,-8.604063,1.5146266e-11
1637,0,even,0,0,0.9999982,12.861539,12.861539,0.9999982,-0.37080562,1.7916987e-06,-4.329717,3.4192574e-08,-5.2723784,1.3321073e-08,-10.238219,9.2875624e-11
1638,9,odd,2,4,0.9767893,4.834814,-2.0182967,0.0010316508,-1.2958541,0.0021246409,4.834814,0.9767893,-4.8341584,6.1747545e-05,0.94590724,0.019992637
1639,2,even,1,2,0.9999056,9.346909,-6.2099977,1.7525915e-07,9.346909,0.9999056,-1.9098471,1.2918499e-05,-6.243402,1.6950125e-07,-0.07003985,8.132617e-05
1640,0,even,0,0,1.0,15.075307,15.075307,1.0,-3.0032248,1.4079707e-08,-7.3659086,1.7943366e-10,-3.7204077,6.8726544e-09,-8.030306,9.233353e-11
1641,1,odd,4,8,0.87387615,3.2278256,-1.8178607,0.0056251767,1.112182,0.10535073,-0.949343,0.013406904,-2.990641,0.0017410213,3.2278256,0.87387615
1642,8,even,4,8,0.9999993,13.075643,-3.797592,4.6994536e-08,-1.2343025,6.099152e-07,-5.5211315,8.385382e-09,-6.5238805,3.076343e-09,13.075643,0.9999993
1643,0,even,0,0,1.0,18.404194,18.404194,1.0,-3.0284014,4.9197446e-10,-9.855721,5.3318157e-13,-6.1967626,2.0698582e-11,-8.485857,2.09797e-12
1644,8,even,4,8,0.9876323,5.019826,-0.8098785,0.0029025977,-0.24585152,0.005102002,-0.40744722,0.0043407073,-5.67359,2.241318e-05,5.019826,0.9876323
1645,1,odd,4,8,0.99089277,5.93955,-3.0794563,0.00011998358,1.1870401,0.008551411,-4.266534,3.660842e-05,-1.8772801,0.0003992275,5.93955,0.99089277
1646,0,even,0,0,1.0,18.508404,18.508404,1.0,-4.0488014,1.597829e-10,-11.001415,1.5277364e-13,-2.6417813,6.5251654e-10,-10.650646,2.1696291e-13
1647,2,even,1,2,1.0,30.518448,-5.0914054,3.426398e-16,30.518448,1.0,-20.297344,8.530646e-23,-17.536999,1.3482942e-21,-1.6657921,1.05332604e-14
1648,4,even,2,4,0.9999988,11.232954,-3.8248518,2.8872037e-07,-4.1045847,2.182685e-07,11.232954,0.9999988,-3.5390296,3.8424506e-07,-3.6516843,3.433076e-07
1649,1,odd,4,8,0.9997584,8.197041,-1.3044963,7.4718795e-05,-1.2542367,7.857017e-05,-7.240617,1.974266e-07,-1.1392225,8.814703e-05,8.197041,0.9997584
1650,3,odd,4,8,0.99042916,7.3788314,-1.63624,0.000120400255,2.726,0.009443317,-4.569802,6.4061624e-06,-6.685609,7.721734e-07,7.3788314,0.99042916
1651,0,even,0,0,0.999997,11.150976,11.150976,0.999997,-1.7869768,2.4050112e-06,-5.3775907,6.633359e-08,-5.1851277,8.0411674e-08,-3.8536758,3.0448166e-07
1652,1,odd,4,8,0.9971185,6.314577,-2.3402665,0.00017377849,0.3523307,0.0025667055,-3.1705878,7.5751654e-05,-3.3188133,6.5315835e-05,6.314577,0.9971185
1653,8,even,4,8,0.99999964,13.09293,-4.0106783,3.732481e-08,-1.9745162,2.8595076e-07,-6.611081,2.7711309e-09,-4.2250447,3.0123072e-08,13.09293,0.99999964
1654,5,odd,0,0,0.95354533,3.4736223,3.4736223,0.95354533,-0.6745305,0.015059879,-2.4249475,0.0026159226,-1.9975184,0.004011022,-0.17701544,0.024767915
1655,6,even,3,6,0.9999964,10.490322,-2.714135,1.8423643e-06,-3.0364463,1.3347425e-06,-4.5759583,2.8628332e-07,10.490322,0.9999964,-5.990261,6.959405e-08
1656,7,odd,2,4,0.8645337,4.7951093,0.1041727,0.007934765,2.8376973,0.12209242,4.7951093,0.8645337,-12.412262,2.9088126e-08,-0.27347332,0.0054390687
1657,0,even,0,0,0.9607908,5.1552567,5.1552567,0.9607908,-4.5236187,6.0137707e-05,1.9401847,0.03857809,-2.7296815,0.0003616127,-3.2762375,0.00020935225
1658,0,even,0,0,0.9999993,14.864006,14.864006,0.9999993,0.631765,6.591984e-07,-9.231978,3.429622e-11,-5.3616443,1.6447926e-09,-8.936455,4.6088317e-11
1659,2,even,1,2,1.0,20.203566,-6.6161337,2.2508835e-12,20.203566,1.0,-8.767123,2.6193294e-13,-8.806805,2.5174234e-13,-5.114772,1.01015064e-11
1660,1,odd,4,8,0.99712795,6.779548,-2.7548993,7.2109564e-05,0.8773772,0.0027256527,-3.8867538,2.3250639e-05,-3.1005716,5.103517e-05,6.779548,0.99712795
1661,6,even,3,6,0.99999595,10.6785555,-2.9437263,1.2131551e-06,-3.7676005,5.3224625e-07,-2.2860777,2.3416915e-06,10.6785555,0.99999595,-8.14645,6.6742527e-09
1662,5,odd,2,4,0.9721078,4.8163586,-0.30028698,0.0058288593,-3.978161,0.00014733407,4.8163586,0.9721078,-3.5898843,0.00021723499,1.0141482,0.021698786
1663,1,odd,4,8,0.95730764,5.117268,-2.4970243,0.00047228747,1.9860592,0.04180082,-3.6194632,0.00015372243,-3.0729477,0.00026551308,5.117268,0.95730764
1664,5,odd,4,8,0.99821645,5.9777627,-0.94354075,0.0009847839,-2.267973,0.0002619072,-2.280012,0.00025877298,-2.2083344,0.000278002,5.9777627,0.99821645
1665,1,odd,1,2,0.9057559,4.044878,-2.3840063,0.001462117,4.044878,0.9057559,-2.821933,0.0009436112,-2.8862615,0.0008848213,1.7464579,0.090953626
1666,1,odd,4,8,0.9468814,5.7588787,-2.5287046,0.000238256,2.8710296,0.05273739,-5.627326,1.074805e-05,-3.1179535,0.00013217107,5.7588787,0.9468814
1667,4,even,2,4,0.9993198,7.642172,-4.0307684,8.515515e-06,-0.967151,0.00018227338,7.642172,0.9993198,0.01752662,0.0004879363,-5.8542686,1.3749111e-06
1668,6,even,3,6,0.9971244,5.8759055,-0.7097791,0.0013760139,-0.80205125,0.0012547282,-6.0834446,6.3807156e-06,5.8759055,0.9971244,-2.4623454,0.00023850247
1669,3,odd,2,4,0.62767476,4.0484643,-3.0549667,0.0005161238,3.038367,0.2285888,4.0484643,0.62767476,-11.040737,1.7562161e-07,2.570825,0.14322013
1670,6,even,3,6,0.99995935,10.936617,-2.7724917,1.1122239e-06,-4.833545,1.4160798e-07,0.79624754,3.9452618e-05,10.936617,0.99995935,-11.252237,2.3093268e-10
1671,9,odd,2,4,0.99999344,10.877278,-2.0250807,2.492148e-06,-3.175806,7.885335e-07,10.877278,0.99999344,-8.293213,4.7245345e-09,-1.7585318,3.2533787e-06
1672,3,odd,1,2,0.96384686,7.924932,0.57657564,0.0006203795,7.924932,0.96384686,-10.134998,1.3825465e-08,-7.729304,1.5327093e-07,4.6244535,0.035532717
1673,0,even,0,0,1.0,21.976025,21.976025,1.0,-3.9175262,5.682949e-12,-13.1773,5.408855e-16,-3.9549103,5.4744195e-12,-12.194336,1.445443e-15
1674,8,even,4,8,0.9999286,9.151037,-1.9440985,1.518493e-05,-0.67380315,5.408725e-05,-4.599041,1.0675442e-06,-4.615496,1.0501219e-06,9.151037,0.9999286
1675,8,even,4,8,0.99998546,10.69519,-0.7578665,1.0616812e-05,-2.1316538,2.6876085e-06,-2.9146051,1.2283853e-06,-8.692369,3.802624e-09,10.69519,0.99998546
1676,9,odd,2,4,0.92968404,3.3758168,-1.8514149,0.0049908827,-0.123495184,0.028093347,3.3758168,0.92968404,-2.853016,0.0018331065,0.1076459,0.035398662
1677,4,even,2,4,1.0,18.490871,-4.586384,9.498945e-11,-5.018435,6.1664916e-11,18.490871,1.0,-6.232234,1.831856e-11,-9.238539,9.062962e-13
1678,6,even,3,6,0.9999962,10.772166,-4.146929,3.3167876e-07,-1.8827214,3.1919067e-06,-6.6668787,2.6688083e-08,10.772166,0.9999962,-4.340947,2.731848e-07
1679,9,odd,2,4,0.99967957,7.676077,-1.9674709,6.4821805e-05,-1.2859405,0.00012814635,7.676077,0.99967957,-6.0179076,1.1288564e-06,-1.2995399,0.00012641544
1680,5,odd,2,4,0.9666313,3.7815342,-2.4524848,0.0018960976,-1.77548,0.0037314713,3.7815342,0.9666313,-0.80991954,0.009799816,-0.20517643,0.01794132
1681,5,odd,4,8,0.7705769,2.7268598,0.74953574,0.10667805,-3.1779826,0.0021007555,-2.7748086,0.003143922,0.8461613,0.11750033,2.7268598,0.7705769
1682,4,even,2,4,0.999405,6.698311,-1.5023291,0.0002743146,-2.0856426,0.00015308017,6.698311,0.999405,-2.4533234,0.00010598326,-2.9959164,6.1601626e-05
1683,9,odd,2,4,0.9999552,9.027487,-2.549845,9.375823e-06,-3.62395,3.2028113e-06,9.027487,0.9999552,-4.765875,1.0223501e-06,-1.3501834,3.111828e-05
1684,3,odd,4,8,0.6946988,4.544019,-0.60847515,0.004018802,3.7064967,0.30065274,-2.4644973,0.00062811124,-8.435789,1.6022756e-06,4.544019,0.6946988
1685,7,odd,2,4,0.6627772,4.3911457,-0.7219624,0.003988163,3.7013457,0.33249965,4.3911457,0.6627772,-8.918315,1.0993659e-06,-2.4147906,0.0007338156
1686,2,even,1,2,0.9999964,11.691223,-1.1779722,2.576191e-06,11.691223,0.9999964,-3.258208,3.2176803e-07,-2.7249968,5.4842053e-07,-10.786482,1.730036e-10
1687,7,odd,4,8,0.9618198,5.6187954,2.2864687,0.03434651,-2.4004238,0.00031651257,0.0075179785,0.0035167933,-9.450316,2.7457543e-07,5.6187954,0.9618198
1688,2,even,1,2,1.0,23.01627,-5.0750904,6.310697e-13,23.01627,1.0,-16.822136,4.9934445e-18,-10.928123,1.8119132e-15,-0.9872504,3.7618658e-11
1689,4,even,2,4,0.9999993,12.024774,-2.6274068,4.3315018e-07,-3.8226845,1.3107991e-07,12.024774,0.9999993,-5.1220613,3.5745693e-08,-4.3214626,7.96011e-08
1690,9,odd,2,4,0.99996984,9.653293,-1.0240469,2.3060951e-05,-3.5724432,1.803528e-06,9.653293,0.99996984,-6.412268,1.0539069e-07,-2.5243506,5.144034e-06
1691,9,odd,2,4,0.9999999,13.752124,-2.2629805,1.1084817e-07,-3.7455275,2.5169014e-08,13.752124,0.9999999,-5.554748,4.12223e-09,-7.1072063,8.727871e-10
1692,9,odd,2,4,0.99998593,10.128371,-1.9587175,5.6316803e-06,-3.5730247,1.1208647e-06,10.128371,0.99998593,-6.1953096,8.1415926e-08,-1.7250255,7.1142513e-06
1693,8,even,4,8,0.9962135,6.7315326,-0.017338283,0.0011677638,0.768858,0.002563278,-6.9713182,1.1150136e-06,-3.084219,5.4378284e-05,6.7315326,0.9962135
1694,3,odd,1,2,0.9999465,12.091419,-1.749972,9.743989e-07,12.091419,0.9999465,-7.020855,5.007507e-09,-11.046398,8.940264e-11,2.238067,5.2567833e-05
1695,4,even,2,4,0.9999945,11.257638,-3.987268,2.3945245e-07,-5.0879326,7.965388e-08,11.257638,0.9999945,-5.21748,6.997525e-08,-0.9453775,5.015283e-06
1696,5,odd,1,2,0.99778396,9.377176,3.248606,0.0021748643,9.377176,0.99778396,-14.478778,4.3503846e-11,-4.0135245,1.5259096e-06,-0.7573927,3.9595794e-05
1697,8,even,4,8,0.9915221,5.4539003,-2.489838,0.00035186886,-0.23603427,0.0033511599,0.11181958,0.0047453283,-4.967232,2.9543493e-05,5.4539003,0.9915221
1698,3,odd,1,2,0.9897495,7.4233556,1.3549266,0.002291079,7.4233556,0.9897495,-7.9334717,2.119045e-07,-7.6768765,2.7389103e-07,2.600206,0.0079589905
1699,3,odd,1,2,0.99917835,11.50243,-0.5243501,5.9769386e-06,11.50243,0.99917835,-11.774165,7.7758126e-11,-9.616024,6.729999e-10,4.3917174,0.0008156424
1700,5,odd,4,8,0.9999641,9.0502,-3.3626642,4.065798e-06,-4.0171585,2.1130147e-06,-1.941163,1.6845966e-05,-2.2119598,1.2849621e-05,9.0502,0.9999641
1701,7,odd,1,2,0.99975294,9.612317,0.32876766,9.29177e-05,9.612317,0.99975294,-4.6015487,6.7125796e-07,-11.38899,7.5707746e-10,0.8297283,0.00015334257
1702,6,even,3,6,0.9999999,13.773819,-3.7382128,2.4809685e-08,-4.001153,1.90734e-08,-3.3136547,3.7931912e-08,13.773819,0.9999999,-11.227987,1.38628805e-11
1703,5,odd,4,8,0.8381989,4.5211315,-3.010411,0.0004491998,1.1674778,0.029300414,-8.218092,2.4590797e-06,2.6730494,0.13204904,4.5211315,0.8381989
1704,3,odd,0,0,0.5555782,2.281069,2.281069,0.5555782,1.9184177,0.3865874,-4.2575574,0.00080362917,-1.6028081,0.01142875,-0.21898805,0.045602035
1705,3,odd,1,2,0.89023155,6.800403,4.704073,0.109415375,6.800403,0.89023155,-8.427618,2.1679897e-07,-6.93964,9.600145e-07,-1.0353509,0.00035194785
1706,3,odd,1,2,0.952694,7.0803375,0.242775,0.0010219691,7.0803375,0.952694,-11.128095,1.1779646e-08,-4.7039466,7.262793e-06,4.055682,0.046276692
1707,3,odd,4,8,0.9998791,8.426033,-1.6958266,4.0186464e-05,-1.3982675,5.4113785e-05,-5.399207,9.901979e-07,-2.1483204,2.55602e-05,8.426033,0.9998791
1708,6,even,3,6,1.0,16.70411,-4.254431,7.903541e-10,-5.729455,1.80812e-10,-4.693568,5.094556e-10,16.70411,1.0,-12.140773,2.9704792e-13
1709,8,even,4,8,0.99999535,10.950763,-3.2269638,6.961286e-07,-2.164577,2.0140883e-06,-2.2276356,1.8910038e-06,-6.6856055,2.190891e-08,10.950763,0.99999535
1710,1,odd,4,8,0.55115867,4.89997,-2.325273,0.00040123,4.6935725,0.44837287,-6.2862535,7.641195e-06,-4.232245,5.9594455e-05,4.89997,0.55115867
1711,5,odd,0,0,0.6349897,3.147039,3.147039,0.6349897,-2.9417922,0.0014401939,-6.8699675,2.8342376e-05,2.1485963,0.23396371,1.5577136,0.12957805
1712,2,even,1,2,1.0,21.633991,-1.4996428,8.978219e-11,21.633991,1.0,-12.156749,2.1128451e-15,-13.4585705,5.747711e-16,-4.2113156,5.96384e-12
1713,2,even,1,2,1.0,22.147717,-5.1787605,1.3560066e-12,22.147717,1.0,-10.145032,9.450134e-15,-10.701181,5.418812e-15,-6.515733,3.5614147e-13
1714,5,odd,2,4,0.42127994,0.8763581,-0.023746677,0.1712617,-1.6864595,0.032475304,0.8763581,0.42127994,-0.55827594,0.10034995,0.4484964,0.27463308
1715,3,odd,0,0,0.85934025,4.7808595,4.7808595,0.85934025,2.529582,0.09045816,-9.635425,4.71251e-07,-3.6303086,0.00019109144,1.9369178,0.050010014
1716,9,odd,2,4,0.99896634,7.013512,-1.2473726,0.00025816297,-3.6236398,2.3982504e-05,7.013512,0.99896634,-4.356479,1.1524613e-05,-0.19427875,0.0007400261
1717,0,even,0,0,0.9999999,16.324959,16.324959,0.9999999,0.2682409,1.0632993e-07,-8.189199,2.2575443e-11,-7.266087,5.6824954e-11,-9.2948885,7.47209e-12
1718,5,odd,4,8,0.7585769,6.1824064,-2.5297334,0.00012484331,-7.3143563,1.0433496e-06,5.0369225,0.24128054,-4.5492277,1.656953e-05,6.1824064,0.7585769
1719,4,even,2,4,0.9999839,9.839488,-4.890558,4.0069656e-07,-3.4992185,1.610891e-06,9.839488,0.9999839,-3.7418375,1.263858e-06,-1.4274865,1.2788164e-05
1720,3,odd,3,6,0.99957055,7.7468057,-2.6425302,3.0745552e-05,-0.11978278,0.00038317527,-6.684968,5.3972633e-07,7.7468057,0.99957055,-3.3578453,1.5035747e-05
1721,7,odd,2,4,0.8503258,4.634077,-2.3827949,0.000762424,2.8190653,0.13846366,4.634077,0.8503258,-9.4097805,6.7673017e-07,0.23480894,0.010447382
1722,0,even,0,0,1.0,15.25761,15.25761,1.0,-2.7624047,1.492817e-08,-9.842317,1.25672615e-11,-3.0145988,1.1600598e-08,-6.923915,2.3264064e-10
1723,9,odd,2,4,0.99981624,8.809338,-4.0124803,2.7006954e-06,-0.5596398,8.531491e-05,8.809338,0.99981624,-7.881018,5.641453e-08,-0.44304138,9.586561e-05
1724,3,odd,4,8,0.99988186,9.018217,-1.7809298,2.0414505e-05,-0.25942487,9.348025e-05,-3.4227772,3.952697e-06,-6.2308373,2.384343e-07,9.018217,0.99988186
1725,0,even,0,0,0.9999651,9.301642,9.301642,0.9999651,-1.3165439,2.4466128e-05,-5.0536146,5.8287566e-07,-2.3141685,9.021994e-06,-4.7577257,7.835718e-07
1726,9,odd,2,4,0.98742115,6.3045344,-2.0707254,0.00022760066,-1.9304171,0.0002618838,6.3045344,0.98742115,-7.695676,8.208968e-07,1.9016986,0.012088575
1727,3,odd,4,8,0.9989128,7.079279,-0.48386052,0.000518678,-0.5028119,0.00050894095,-5.6265,3.0302458e-06,-2.7005541,5.6519737e-05,7.079279,0.9989128
1728,2,even,1,2,1.0,19.952717,-4.6769743,2.011225e-11,19.952717,1.0,-3.4807835,6.652121e-11,-14.179987,1.5009085e-15,-6.616625,2.8912224e-12
1729,7,odd,0,0,0.9935486,6.775104,6.775104,0.9935486,1.4891926,0.005029755,-0.25775623,0.0008767115,-13.20196,2.095368e-09,-0.73328084,0.00054492796
1730,2,even,1,2,0.9842201,6.9522715,-5.075619,5.8809233e-06,6.9522715,0.9842201,2.8147254,0.015710095,-6.554407,1.3403438e-06,-2.7097375,6.2652e-05
1731,3,odd,1,2,0.8128044,10.055414,-1.8262013,5.6216777e-06,10.055414,0.8128044,-9.553075,2.478147e-09,-13.483087,4.867933e-11,8.587048,0.18718995
1732,5,odd,4,8,0.9997497,8.1482725,-0.55874354,0.00016537974,-1.6998453,5.283334e-05,-2.2129424,3.162809e-05,-6.3815646,4.893994e-07,8.1482725,0.9997497
1733,9,odd,2,4,0.99859744,6.2718716,-2.617935,0.00013759304,-1.5926728,0.00038358555,6.2718716,0.99859744,-3.422349,6.155225e-05,-0.8331583,0.0008198135
1734,1,odd,4,8,0.9768247,5.4378543,-4.1667056,6.585811e-05,-2.771742,0.00026572603,1.6653574,0.022461668,-2.4086375,0.00038205733,5.4378543,0.9768247
1735,1,odd,1,2,0.6448691,4.8654685,-1.5399156,0.0010657334,4.8654685,0.6448691,-5.97058,1.2689241e-05,-4.667893,4.668585e-05,4.2657347,0.35400584
1736,5,odd,4,8,0.9999844,9.870625,-2.646017,3.6650913e-06,-5.195283,2.8638664e-07,-2.78303,3.195811e-06,-1.8132625,8.428404e-06,9.870625,0.9999844
1737,8,even,4,8,0.99875176,7.9470057,-5.690224,1.1936688e-06,-5.0572042,2.2480249e-06,1.1775984,0.0011469418,-1.2843324,9.779986e-05,7.9470057,0.99875176
1738,0,even,0,0,1.0,18.212826,18.212826,1.0,-5.747564,3.9276683e-11,-12.355644,5.3000773e-14,-1.7848645,2.06592e-09,-7.815339,4.9672046e-12
1739,5,odd,4,8,0.9999331,9.752495,0.08932113,6.357816e-05,-3.2960985,2.1529743e-06,-5.969326,1.4861783e-07,-4.0376153,1.0256578e-06,9.752495,0.9999331
1740,9,odd,2,4,0.94948953,4.3183303,-2.2043395,0.0013955027,-2.9562397,0.0006579373,4.3183303,0.94948953,-2.7466576,0.00081134366,1.3261985,0.04764572
1741,0,even,0,0,0.9999999,14.812893,14.812893,0.9999999,-0.80100423,1.6556575e-07,-6.868215,3.8371975e-10,-7.023294,3.2859754e-10,-6.970109,3.4654754e-10
1742,4,even,2,4,0.9999751,9.378435,-2.9938178,4.23436e-06,-4.7162166,7.564139e-07,9.378435,0.9999751,-3.179888,3.5154328e-06,-1.6333505,1.6505606e-05
1743,1,odd,4,8,0.9404772,4.3127975,-3.3880866,0.0004254974,1.4922739,0.056028675,-2.4557624,0.0010809362,-1.8466072,0.001987709,4.3127975,0.9404772
1744,3,odd,4,8,0.9704137,7.8994646,-2.6468751,2.5511716e-05,4.4081535,0.029559681,-6.983487,3.3371296e-07,-6.1323233,7.816798e-07,7.8994646,0.9704137
1745,4,even,2,4,0.99997807,10.522756,-3.9210324,5.33498e-07,-2.5270011,2.1505673e-06,10.522756,0.99997807,-0.33843052,1.9188336e-05,-7.7445807,1.1657012e-08
1746,1,odd,4,8,0.99915195,6.6882725,-2.6706955,8.611592e-05,-1.4424059,0.00029411883,-2.7788055,7.72915e-05,-1.1588948,0.00039052623,6.6882725,0.99915195
1747,7,odd,2,4,0.9954094,5.8596244,0.20998874,0.0035026446,-2.0064864,0.0003817625,5.8596244,0.9954094,-5.210627,1.5497179e-05,-1.41363,0.00069066504
1748,4,even,2,4,0.9981806,5.9086056,-2.8148086,0.00016243455,-1.0473008,0.0009512559,5.9086056,0.9981806,-2.6937685,0.00018333505,-1.6467607,0.00052234216
1749,4,even,2,4,0.9999999,13.003072,-4.121545,3.654883e-08,-3.5964541,6.178992e-08,13.003072,0.9999999,-4.631577,2.1946693e-08,-5.077609,1.4049472e-08
1750,3,odd,4,8,0.9926046,7.0883017,-4.3468394,1.0728964e-05,2.168938,0.0072497614,-1.8253826,0.00013354036,-6.4340367,1.3307582e-06,7.0883017,0.9926046
1751,6,even,3,6,0.9999949,11.321054,-3.773087,2.7841693e-07,-3.6229384,3.2352233e-07,-0.9811794,4.5415654e-06,11.321054,0.9999949,-10.107952,4.9374016e-10
1752,9,odd,2,4,0.9999993,12.01366,-2.4154143,5.414171e-07,-4.1391735,9.658575e-08,12.01366,0.9999993,-6.1500573,1.292997e-08,-3.7017655,1.4958124e-07
1753,0,even,0,0,1.0,18.401535,18.401535,1.0,-3.409095,3.371036e-10,-10.055371,4.3784765e-13,-4.9112706,7.505461e-11,-9.260143,9.69808e-13
1754,0,even,0,0,1.0,14.255291,14.255291,1.0,-2.496563,5.305939e-08,-4.6398454,6.2222405e-09,-6.06029,1.5033342e-09,-7.9271545,2.3242684e-10
1755,0,even,0,0,0.9999993,12.497435,12.497435,0.9999993,-2.504739,3.0523796e-07,-6.9676857,3.5188872e-09,-2.3029845,3.734732e-07,-6.5834875,5.167267e-09
1756,4,even,2,4,0.99999297,10.100114,-2.3330865,3.984065e-06,-3.8452187,8.782456e-07,10.100114,0.99999297,-3.8981314,8.329833e-07,-3.423143,1.3394342e-06
1757,3,odd,1,2,0.99995625,17.233644,-4.9577003,2.3035743e-10,17.233644,0.99995625,-9.663835,2.0823506e-12,-19.18248,1.5298892e-16,7.1956506,4.370543e-05
1758,7,odd,1,2,0.9985638,7.4917846,-0.9486067,0.0002156554,7.4917846,0.9985638,0.7643909,0.0011959303,-8.366095,1.2953473e-07,-3.1265488,2.4428231e-05
1759,0,even,0,0,1.0,16.101013,16.101013,1.0,-1.2218659,2.9975673e-08,-7.8636303,3.910998e-11,-6.7174478,1.2304631e-10,-8.288498,2.5572306e-11
1760,3,odd,0,0,0.9867026,7.15462,7.15462,0.9867026,2.8324602,0.013094718,-5.4333596,3.3674094e-06,-7.626314,3.757578e-07,-1.3546724,0.0001989058
1761,6,even,3,6,0.9999305,9.294571,-2.0577908,1.174091e-05,-3.4409063,2.9445723e-06,-0.51676667,5.4822656e-05,9.294571,0.9999305,-8.964692,1.1750952e-08
1762,0,even,0,0,0.9999521,9.68339,9.68339,0.9999521,-0.43411693,4.03647e-05,-6.657611,8.0015326e-08,-4.665607,5.8652824e-07,-2.217506,6.783998e-06
1763,0,even,0,0,1.0,18.330479,18.330479,1.0,-2.7928894,6.7025197e-10,-7.8519664,4.2570465e-12,-7.551327,5.750091e-12,-8.905927,1.4838155e-12
1764,8,even,3,6,0.6674521,2.9988437,-3.1651332,0.0014042326,2.075674,0.2651506,-6.073908,7.659033e-05,2.9988437,0.6674521,0.68376434,0.06591648
1765,8,even,4,8,0.99999666,12.982943,-3.9012444,4.6482445e-08,0.34464076,3.245292e-06,-5.570824,8.753873e-09,-8.475878,4.7923804e-10,12.982943,0.99999666
1766,7,odd,1,2,0.9999347,8.786823,-1.5921147,3.1078227e-05,8.786823,0.9999347,-2.662321,1.0657894e-05,-6.462568,2.383664e-07,-1.8761122,2.339471e-05
1767,7,odd,1,2,0.9991277,7.6543703,-0.47553822,0.00029433813,7.6543703,0.9991277,-1.762039,8.130669e-05,-10.062965,2.0187395e-08,0.04765742,0.0004966696
1768,4,even,2,4,0.9999958,10.8721075,-5.19805,1.0491008e-07,-3.1968634,7.7610747e-07,10.8721075,0.9999958,-4.777058,1.5982758e-07,-1.7915479,3.1640445e-06
1769,1,odd,4,8,0.9948349,5.8878117,-3.1427088,0.0001190819,0.21219905,0.0034108595,-4.093832,4.600216e-05,-0.55153555,0.0015891981,5.8878117,0.9948349
1770,7,odd,2,4,0.70164895,3.4615507,2.4407103,0.2527985,0.44036156,0.034200624,3.4615507,0.70164895,-9.662106,1.4014847e-06,-0.6626144,0.011350571
1771,4,even,2,4,1.0,18.028704,-6.033007,3.5492123e-11,-9.634233,9.685878e-13,18.028704,1.0,-6.2103376,2.972477e-11,-2.6072185,1.0912725e-09
1772,0,even,0,0,1.0,14.702944,14.702944,1.0,-3.235893,1.6190567e-08,-8.470761,8.62556e-11,-3.6152575,1.1079147e-08,-6.6021113,5.5889715e-10
1773,8,even,4,8,0.99987805,9.410348,-2.9871087,4.1285716e-06,0.28938663,0.000109336186,-7.20154,6.102326e-08,-2.280343,8.370366e-06,9.410348,0.99987805
1774,0,even,0,0,0.9999989,13.171879,13.171879,0.9999989,-6.662335,2.432821e-09,-2.332941,1.8464682e-07,-0.8273215,8.3219254e-07,-10.660326,4.4648254e-11
1775,4,even,2,4,1.0,17.743,-6.2684293,3.7322347e-11,-9.710238,1.1945645e-12,17.743,1.0,-6.977123,1.8373286e-11,-0.8523969,8.3969605e-09
1776,8,even,4,8,0.99999976,13.464447,-4.3710823,1.7952626e-08,-1.7244039,2.5325963e-07,-5.0198603,9.38356e-09,-6.5377917,2.056543e-09,13.464447,0.99999976
1777,6,even,3,6,0.99998116,10.517994,-0.43226743,1.7553099e-05,-3.9272373,5.327304e-07,-3.5477653,7.7859215e-07,10.517994,0.99998116,-9.105272,3.004108e-09
1778,6,even,3,6,0.9998549,7.5971074,-2.8552873,2.8874852e-05,-2.0984752,6.154589e-05,-4.1879644,7.6163183e-06,7.5971074,0.9998549,-2.3701189,4.690571e-05
1779,1,odd,4,8,0.986091,4.8685102,-3.8419592,0.00016255798,-1.8962927,0.0011376283,0.32558548,0.010494212,-1.2763518,0.002114644,4.8685102,0.986091
1780,0,even,0,0,0.9998548,9.399801,9.399801,0.9998548,0.5339739,0.00014110973,-4.1150684,1.350528e-06,-3.414792,2.7203812e-06,-7.9469585,2.9264081e-08
1781,3,odd,1,2,0.7432294,8.629014,-2.3521993,1.2648599e-05,8.629014,0.7432294,-8.686703,2.2438979e-08,-10.5153,3.6045664e-09,7.566143,0.25675794
1782,5,odd,4,8,0.9732132,4.56286,0.45226988,0.015958846,-5.1904807,5.6543922e-05,-0.26458263,0.00779249,-1.2261665,0.0029789677,4.56286,0.9732132
1783,8,even,0,0,0.9616753,4.2521877,4.2521877,0.9616753,0.2353687,0.017319929,-1.629887,0.0026821052,-6.374267,2.3335526e-05,0.29037517,0.018299328
1784,0,even,0,0,1.0,14.776802,14.776802,1.0,-2.2010505,4.2326523e-08,-6.6040797,5.180848e-10,-6.132708,8.300712e-10,-5.9907293,9.56699e-10
1785,9,odd,2,4,0.999985,9.759004,-2.2611387,6.0216e-06,-3.2381094,2.2668298e-06,9.759004,0.999985,-2.210696,6.333137e-06,-5.1420674,3.377072e-07
1786,7,odd,2,4,0.6040618,3.9922855,-3.96258,0.00021199576,3.527677,0.37958103,3.9922855,0.6040618,-7.3383756,7.2483285e-06,0.36977905,0.016137892
1787,1,odd,4,8,0.99956375,8.271307,-2.2958908,2.573563e-05,0.43295676,0.000394147,-6.078667,5.8572823e-07,-2.7837696,1.5799806e-05,8.271307,0.99956375
1788,2,even,1,2,0.9994185,10.399116,-1.2206703,8.981281e-06,10.399116,0.9994185,-12.354015,1.3127673e-10,-5.0453706,1.9601625e-07,2.9339602,0.0005723629
1789,6,even,3,6,0.99984825,8.299346,-1.0951933,8.316444e-05,-2.3252428,2.4307134e-05,-1.7259574,4.425888e-05,8.299346,0.99984825,-8.499791,5.060129e-08
1790,9,odd,2,4,0.99999,10.493549,-3.3950217,9.295355e-07,-2.096045,3.407254e-06,10.493549,0.99999,-7.8401313,1.0908853e-08,-1.5794057,5.711864e-06
1791,6,even,3,6,0.99999154,10.205704,-1.7015164,6.7414985e-06,-3.6717412,9.399364e-07,-4.0318694,6.5568713e-07,10.205704,0.99999154,-5.9219875,9.9044186e-08
1792,4,even,2,4,0.99999905,13.350979,-4.056532,2.7543157e-08,-0.59134775,8.808949e-07,13.350979,0.99999905,-3.362203,5.5151414e-08,-10.365173,5.0142446e-11
1793,8,even,4,8,0.99999845,12.387717,-4.6000443,4.190905e-08,-1.0327343,1.48447e-06,-6.1722403,8.699859e-09,-4.228603,6.076079e-08,12.387717,0.99999845
1794,5,odd,4,8,0.97995365,6.010087,0.61952364,0.0044680038,-3.9320915,4.7138106e-05,-7.391758,1.4820341e-06,1.8653411,0.01552978,6.010087,0.97995365
1795,8,even,4,8,0.99953735,8.326427,-1.6431661,4.677995e-05,0.5316385,0.00041168515,-5.1974196,1.3380325e-06,-4.4414096,2.84969e-06,8.326427,0.99953735
1796,4,even,2,4,1.0,14.672451,-3.8471825,9.057848e-09,-3.7652352,9.831377e-09,14.672451,1.0,-5.9902396,1.062447e-09,-6.266919,8.0565205e-10
1797,0,even,0,0,0.99977833,8.220451,8.220451,0.99977833,-4.919947,1.9638187e-06,-1.7920638,4.482535e-05,-0.44126642,0.00017304842,-4.9751678,1.8583135e-06
1798,5,odd,4,8,0.9995542,8.303806,0.46016213,0.0003920622,-5.961878,6.3723337e-07,-3.7482865,5.8297387e-06,-1.6569034,4.719817e-05,8.303806,0.9995542
1799,5,odd,4,8,0.75731504,3.7365727,2.556812,0.23276249,-0.72335,0.008757027,-5.32553,8.783247e-05,-2.8184345,0.0010776386,3.7365727,0.75731504
1800,5,odd,0,0,0.9338504,4.0136228,4.0136228,0.9338504,-0.3231215,0.012213867,-7.845624,6.6049824e-06,0.8492872,0.039447896,-0.1528322,0.014481347
1801,2,even,1,2,1.0,16.961407,-2.1825805,4.8514526e-09,16.961407,1.0,-12.145274,2.286276e-13,-10.372267,1.3462832e-12,0.036830354,4.4642665e-08
1802,5,odd,4,8,0.9999994,13.8983345,-3.609875,2.4904686e-08,-0.5224223,5.459394e-07,-9.891635,4.6574355e-11,-3.8383799,1.981723e-08,13.8983345,0.9999994
1803,0,even,0,0,0.9999999,13.512306,13.512306,0.9999999,-2.3684294,1.2678977e-07,-6.183403,2.7942295e-09,-3.987945,2.5103667e-08,-7.008937,1.2238746e-09
1804,3,odd,1,2,0.98986137,8.353842,0.08230554,0.0002530999,8.353842,0.98986137,-8.647438,4.092723e-08,-8.038963,7.520896e-08,3.7473302,0.009885345
1805,6,even,3,6,1.0,15.632624,-3.4431221,5.1940794e-09,-6.586017,2.2416442e-10,-5.856314,4.6502155e-10,15.632624,1.0,-8.71109,2.6770683e-11
1806,6,even,3,6,0.9999999,13.06677,-4.541223,2.2539593e-08,-3.9144216,4.2185395e-08,-4.5128045,2.3189303e-08,13.06677,0.9999999,-7.523308,1.1424662e-09
1807,7,odd,2,4,0.99968505,8.824632,0.5261187,0.00024880812,-2.0166264,1.9568819e-05,8.824632,0.99968505,-10.559574,3.8142574e-09,-1.1479871,4.6645495e-05
1808,5,odd,4,8,0.65954936,3.5333838,2.6357114,0.26877764,-6.393414,3.2217642e-05,-3.7912576,0.00043470642,1.3074049,0.07120606,3.5333838,0.65954936
1809,2,even,1,2,1.0,16.474133,-8.979977,8.819031e-12,16.474133,1.0,-6.8260326,7.6009324e-11,-1.9349135,1.01170246e-08,-7.7686715,2.961312e-11
1810,8,even,4,8,0.99996495,11.009813,-4.5056357,1.8268825e-07,0.7409476,3.4695495e-05,-4.699768,1.504528e-07,-6.1054454,3.6891148e-08,11.009813,0.99996495
1811,1,odd,1,2,0.99088705,6.021201,-3.3149455,8.737502e-05,6.021201,0.99088705,-2.4555643,0.00020635339,-4.6715856,2.2501199e-05,1.2969776,0.008796702
1812,1,odd,4,8,0.69811374,4.2484603,-2.5564556,0.0007737288,3.405738,0.30056375,-4.4996643,0.000110831636,-3.1255107,0.00043797703,4.2484603,0.69811374
1813,1,odd,1,2,0.70877457,4.2246995,-2.521638,0.0008329348,4.2246995,0.70877457,-4.4578075,0.00012015544,-3.2481887,0.00040278575,3.3305929,0.28986955
1814,1,odd,4,8,0.9954373,6.1102114,-3.9454525,4.27459e-05,0.61979103,0.004107283,-1.9921504,0.00030144144,-2.989011,0.0001112428,6.1102114,0.9954373
1815,0,even,0,0,1.0,16.879274,16.879274,1.0,-6.0552306,1.0956475e-10,-10.237667,1.672099e-12,0.07562476,5.038109e-08,-9.885642,2.3776335e-12
1816,5,odd,3,6,0.9990664,8.362426,-2.962127,1.2061565e-05,-3.3024733,8.582091e-06,-8.464318,4.918495e-08,8.362426,0.9990664,1.3645152,0.0009129362
1817,9,odd,2,4,0.7726415,3.7195082,-2.0564418,0.0023961547,2.3089345,0.18852703,3.7195082,0.7726415,-7.6209097,9.181151e-06,0.6649777,0.03642607
1818,9,odd,2,4,1.0,14.11771,-3.5291908,2.1679469e-08,-3.078304,3.4030304e-08,14.11771,1.0,-6.3335896,1.3125426e-09,-5.8876367,2.0501634e-09
1819,2,even,1,2,1.0,13.634918,-4.0922723,2.0006873e-08,13.634918,1.0,-4.74619,1.0403669e-08,-7.6417303,5.750009e-10,-3.2037826,4.8645756e-08
1820,8,even,4,8,0.99999857,15.038251,-4.7934403,2.4389624e-09,1.5941954,1.4498405e-06,-8.731,4.754938e-11,-8.318645,7.181721e-11,15.038251,0.99999857
1821,2,even,1,2,1.0,19.386744,-6.5615163,5.380395e-12,19.386744,1.0,-10.066445,1.6167472e-13,-8.315165,9.315672e-13,-2.989169,1.9154245e-10
1822,2,even,1,2,1.0,29.586456,-1.9882995,1.9375702e-14,29.586456,1.0,-17.613102,3.1731624e-21,-18.851158,9.200498e-22,-5.414296,6.3003804e-16
1823,4,even,2,4,1.0,13.338431,-3.962281,3.0647566e-08,-4.83698,1.27796564e-08,13.338431,1.0,-3.3587265,5.6042314e-08,-5.747661,5.1406204e-09
1824,3,odd,1,2,0.7687532,4.580326,1.7349803,0.044675454,4.580326,0.7687532,-4.488764,8.853831e-05,-8.686632,1.3305163e-06,3.163888,0.18648148
1825,4,even,2,4,1.0,16.91388,-5.119382,2.6982153e-10,-4.5991044,4.5397303e-10,16.91388,1.0,-5.2770233,2.3046948e-10,-8.002808,1.5094556e-11
1826,9,odd,2,4,0.9961597,7.3280306,-2.2008982,7.243822e-05,-2.7902296,4.0181327e-05,7.3280306,0.9961597,-7.3754506,4.0990952e-07,1.7398132,0.0037273231
1827,3,odd,2,4,0.692743,4.4385276,-1.883847,0.0012439411,-3.192746,0.00033601007,4.4385276,0.692743,-5.586431,3.0675237e-05,3.6202972,0.30564636
1828,4,even,2,4,1.0,13.404502,-4.169054,2.3329319e-08,-4.5098763,1.6591438e-08,13.404502,1.0,-4.654757,1.4353682e-08,-4.9605646,1.0571896e-08
1829,8,even,4,8,0.9953111,8.23929,-2.600087,1.9519875e-05,2.8769548,0.0046679503,-6.331293,4.677727e-07,-5.520175,1.0526865e-06,8.23929,0.9953111
1830,5,odd,4,8,0.999463,8.330755,-4.044967,4.2175334e-06,-5.2224936,1.299168e-06,0.75442857,0.0005121649,-2.5210211,1.9359773e-05,8.330755,0.999463
1831,1,odd,4,8,0.9993587,8.005242,-2.3347423,3.229409e-05,0.33299717,0.00046527284,-7.835277,1.319081e-07,-0.8428518,0.00014356316,8.005242,0.9993587
1832,6,even,3,6,0.9999999,13.261768,-3.9488704,3.3536274e-08,-2.884537,9.721846e-08,-8.539449,3.4029227e-10,13.261768,0.9999999,-5.9179144,4.681329e-09
1833,5,odd,3,6,0.59738344,2.3628888,-0.92108583,0.022389332,-5.524549,0.00022427583,0.41986847,0.08558747,2.3628888,0.59738344,1.6553217,0.29441553
1834,2,even,1,2,0.99998415,11.734438,-0.25902024,6.184442e-06,11.734438,0.99998415,-8.554482,1.5439262e-09,-8.610958,1.4591499e-09,0.18339317,9.625831e-06
1835,0,even,0,0,0.9999932,10.478016,10.478016,0.9999932,-1.9475273,4.0146933e-06,-3.2777822,1.0615238e-06,-2.8156323,1.6851524e-06,-8.125559,8.328507e-09
1836,9,odd,2,4,0.99518603,7.555459,-3.564348,1.4744613e-05,-3.1399205,2.2540318e-05,7.555459,0.99518603,-6.504346,7.794864e-07,2.2161212,0.004775945
1837,3,odd,4,8,0.84603375,5.6783543,-1.0613616,0.001000844,3.967498,0.15288758,-3.6217058,7.734332e-05,-8.624579,5.1963997e-07,5.6783543,0.84603375
1838,3,odd,1,2,0.44432232,3.6802747,2.9823387,0.22109978,3.6802747,0.44432232,-10.2742815,3.86644e-07,-3.8146248,0.0002470043,3.3958545,0.33433047
1839,0,even,0,0,0.9999944,10.597747,10.597747,0.9999944,-4.5904384,2.5342695e-07,-2.7125695,1.6572984e-06,-1.9014128,3.7297646e-06,-6.749772,2.9245957e-08
1840,6,even,3,6,0.9999999,13.968159,-2.7876687,5.2848996e-08,-5.1799507,4.831497e-09,-3.8593357,1.8097468e-08,13.968159,0.9999999,-10.434333,2.5242485e-11
1841,1,odd,4,8,0.9336056,4.7635183,-2.6279476,0.00057555985,2.100569,0.065111734,-3.3442304,0.0002811984,-2.9291081,0.00042589076,4.7635183,0.9336056
1842,2,even,1,2,0.99998426,10.214352,-5.724658,1.1961048e-07,10.214352,0.99998426,-1.1744663,1.13212e-05,-5.9438996,9.606252e-08,-2.1758785,4.1589583e-06
1843,8,even,4,8,0.99998796,10.882675,-3.8782637,3.8850854e-07,-0.56492144,1.0674973e-05,-6.3127065,3.4051453e-08,-3.0035756,9.31693e-07,10.882675,0.99998796
1844,1,odd,4,8,0.88174164,3.6316414,-1.2746692,0.0065246583,1.5358369,0.1084289,-3.3957531,0.00078231696,-2.2250233,0.0025224595,3.6316414,0.88174164
1845,8,even,4,8,0.99997246,12.378345,-0.40092927,2.8185118e-06,1.770191,2.4713006e-05,-9.972308,1.9643683e-10,-8.93652,5.534262e-10,12.378345,0.99997246
1846,2,even,1,2,0.9995245,11.894148,-2.8572884,3.920361e-07,11.894148,0.9995245,-12.28889,3.142201e-11,-6.847159,7.253498e-09,4.2428946,0.00047522178
1847,4,even,2,4,0.9999906,10.979866,-1.5374727,3.6625597e-06,-1.1087933,5.6228682e-06,10.979866,0.9999906,-4.646046,1.6358696e-07,-7.611516,8.430663e-09
1848,9,odd,2,4,0.99998856,9.986686,-4.242188,6.6141416e-07,-2.5913932,3.4467091e-06,9.986686,0.99998856,-5.098473,2.8092708e-07,-1.8595877,7.1651266e-06
1849,6,even,3,6,0.99999857,11.728487,-1.8601515,1.2546677e-06,-4.661039,7.62287e-08,-5.0199404,5.324139e-08,11.728487,0.99999857,-6.717551,9.749607e-09
1850,5,odd,4,8,0.9988444,7.8248606,-1.5255358,8.683051e-05,0.8831175,0.00096546655,-8.626407,7.158191e-08,-1.3522986,0.000103254315,7.8248606,0.9988444
1851,0,even,0,0,0.9999976,14.490747,14.490747,0.9999976,1.5520737,2.4032795e-06,-6.079026,1.1658948e-09,-8.709957,8.3957785e-11,-9.506884,3.7840793e-11
1852,5,odd,4,8,0.87480223,4.805944,2.8514216,0.123900086,-2.5690758,0.0005482509,-2.2904694,0.0007243969,-5.653337,2.509007e-05,4.805944,0.87480223
1853,6,even,3,6,1.0,16.955387,-2.6905503,2.9368246e-09,-7.4291635,2.5699486e-11,-7.2636757,3.032457e-11,16.955387,1.0,-9.591575,2.9566542e-12
1854,8,even,4,8,0.99999917,13.311253,-5.373566,7.678673e-09,-0.73196024,7.963606e-07,-6.38373,2.7962588e-09,-4.4606366,1.9132267e-08,13.311253,0.99999917
1855,1,odd,1,2,0.5220855,3.920048,-1.7456127,0.0018079083,3.920048,0.5220855,-4.8168063,8.382506e-05,-4.1264033,0.00016719071,3.827331,0.4758556
1856,9,odd,2,4,0.99999285,10.4107685,-3.2853487,1.1268048e-06,-5.4649997,1.2742017e-07,10.4107685,0.99999285,-2.6670203,2.0911498e-06,-2.0943952,3.7074346e-06
1857,8,even,4,8,0.9999987,12.269086,-2.5403113,3.70135e-07,-1.6146748,9.340258e-07,-5.04254,3.0314865e-08,-6.9045625,4.7096598e-09,12.269086,0.9999987
1858,6,even,3,6,0.9999951,9.9490185,-3.58497,1.3251382e-06,-3.0448904,2.2741283e-06,-5.0312986,3.119815e-07,9.9490185,0.9999951,-3.9010398,9.660372e-07
1859,7,odd,2,4,0.9997757,9.012969,-4.383563,1.5200666e-06,0.58827144,0.00021933239,9.012969,0.9997757,-4.9679046,8.473962e-07,-3.8566852,2.5744414e-06
1860,7,odd,1,2,0.73346853,4.1825547,-0.27918318,0.008465902,4.1825547,0.73346853,3.0759928,0.24255362,-12.607737,3.7449915e-08,0.32637957,0.015511933
1861,5,odd,0,0,0.8652889,3.033213,3.033213,0.8652889,0.27388722,0.054802604,-5.182976,0.0002338384,-0.14770305,0.03595067,0.048047468,0.04372404
1862,7,odd,2,4,0.84739494,4.343745,2.585681,0.14607243,-1.886828,0.0016679473,4.343745,0.84739494,-7.4615703,6.3256134e-06,-0.81772816,0.004858324
1863,9,odd,2,4,0.9999871,9.635873,-3.5389378,1.8977846e-06,-3.1173978,2.8928048e-06,9.635873,0.9999871,-2.245429,6.918478e-06,-3.9789586,1.2222163e-06
1864,4,even,2,4,0.9999243,9.039885,-4.4462814,1.3899515e-06,-3.2250583,4.7137873e-06,9.039885,0.9999243,-4.0599747,2.0453638e-06,-0.56177384,6.761136e-05
1865,7,odd,1,2,0.6739936,2.9812596,-0.8470379,0.014657072,2.9812596,0.6739936,2.0938544,0.2774985,-7.286117,2.3420203e-05,-0.010688733,0.033827435
1866,1,odd,4,8,0.998955,6.972763,-2.7916777,5.7398865e-05,-0.47026777,0.00058489613,-4.530052,1.009106e-05,-0.86905843,0.00039254196,6.972763,0.998955
1867,4,even,2,4,0.99999714,12.513474,-1.6798635,6.8534655e-07,-0.5219981,2.1815483e-06,12.513474,0.99999714,-4.690161,3.3771826e-08,-10.722407,8.10557e-11
1868,3,odd,1,2,0.97207534,12.496009,-2.0667462,4.6044266e-07,12.496009,0.97207534,-11.82307,2.6672171e-11,-15.1107025,9.95995e-13,8.946068,0.027924161
1869,4,even,2,4,1.0,16.824745,-6.692333,6.1187486e-11,-6.576804,6.8680873e-11,16.824745,1.0,-3.8833055,1.0153324e-09,-5.5186567,1.9787158e-10
1870,0,even,0,0,1.0,20.011547,20.011547,1.0,-6.050621,4.8011382e-12,-10.31178,6.7724655e-14,-3.3358572,7.250218e-11,-10.640097,4.877084e-14
1871,8,even,2,4,0.878852,4.0631785,-1.618364,0.0029953888,-1.525727,0.003286132,4.0631785,0.878852,-5.527634,6.0072918e-05,2.0278096,0.11480644
1872,6,even,3,6,0.9946674,7.384859,-3.2038229,2.5065227e-05,-3.5003178,1.8633984e-05,-6.487222,9.399599e-07,7.384859,0.9946674,2.1478868,0.005287979
1873,5,odd,4,8,0.99787974,7.396121,-0.10103098,0.0005534859,-3.0693722,2.8442795e-05,0.9210581,0.0015381338,-8.131552,1.8009248e-07,7.396121,0.99787974
1874,8,even,4,8,0.9997812,8.3339615,-0.99884224,8.8454464e-05,-1.8206925,3.888615e-05,-7.237603,1.7268728e-07,-0.96747905,9.1272675e-05,8.3339615,0.9997812
1875,6,even,3,6,0.9999995,12.434374,-4.8006234,3.2729233e-08,-2.345678,3.8115766e-07,-4.921245,2.9010156e-08,12.434374,0.9999995,-7.7165327,1.7724445e-09
1876,3,odd,0,0,0.78204954,2.7965305,2.7965305,0.78204954,0.9335678,0.12138355,-6.4718084,7.379818e-05,0.08357347,0.05188144,-0.06739314,0.04461163
1877,6,even,3,6,0.9999999,13.064335,-3.979863,3.9609485e-08,-3.0096529,1.0450947e-07,-6.082887,4.8357838e-09,13.064335,0.9999999,-7.9833136,7.2297274e-10
1878,3,odd,1,2,0.9831419,7.1895175,0.37008053,0.001073921,7.1895175,0.9831419,-11.965262,4.71847e-09,-3.5050397,2.228584e-05,3.056363,0.015761955
1879,4,even,2,4,0.99997497,11.4831915,-4.018922,1.8514281e-07,-5.9446917,2.6987063e-08,11.4831915,0.99997497,-6.478628,1.5822328e-08,0.87627566,2.4743678e-05
1880,5,odd,4,8,0.99925274,8.279314,-3.6983688,6.278179e-06,-0.11904491,0.00022506827,-7.8775277,9.612766e-08,0.71024555,0.0005157874,8.279314,0.99925274
1881,6,even,3,6,0.9999999,13.348101,-3.7909768,3.602408e-08,-3.777684,3.6506194e-08,-5.638057,5.6808864e-09,13.348101,0.9999999,-8.348304,3.778954e-10
1882,7,odd,1,2,0.8345613,3.8395598,1.2698252,0.06389056,3.8395598,0.8345613,-1.1449847,0.005710813,-9.968813,8.4053977e-07,1.6752986,0.09583662
1883,2,even,1,2,1.0,20.9791,-5.2419157,4.0959766e-12,20.9791,1.0,-6.870503,8.036587e-13,-9.811635,4.243795e-14,-8.542426,1.509955e-13
1884,8,even,4,8,0.9999883,11.99302,-2.4318728,5.4368047e-07,0.5860757,1.1117879e-05,-7.4216943,3.7007641e-09,-6.490757,9.3884305e-09,11.99302,0.9999883
1885,2,even,1,2,1.0,13.763027,-5.504215,4.2888706e-09,13.763027,1.0,-5.146597,6.132741e-09,-4.6819916,9.759558e-09,-4.566479,1.0954604e-08
1886,1,odd,4,8,0.9357786,3.60175,-1.9280292,0.0037121086,0.68535644,0.05065234,-1.1477368,0.0081002265,-2.6761923,0.0017566995,3.60175,0.9357786
1887,8,even,4,8,0.9999957,12.246351,-4.679297,4.4594643e-08,-0.12982294,4.217879e-06,-5.5944395,1.785836e-08,-5.6334167,1.717566e-08,12.246351,0.9999957
1888,9,odd,2,4,0.99997294,10.427421,-4.200877,4.4360786e-07,-1.7329204,5.2338246e-06,10.427421,0.99997294,-8.577496,5.5751634e-09,-0.32529664,2.138664e-05
1889,0,even,0,0,1.0,14.706321,14.706321,1.0,-3.832513,8.8856025e-09,-5.7306986,1.3314204e-09,-5.230163,2.1963182e-09,-5.998917,1.018191e-09
1890,9,odd,2,4,0.9999976,10.99195,-2.5363624,1.3326847e-06,-3.5857081,4.6666224e-07,10.99195,0.9999976,-5.1830926,9.446414e-08,-3.5368142,4.900457e-07
1891,5,odd,0,0,0.8579006,3.6145115,3.6145115,0.8579006,-0.83364946,0.010037491,-3.9306304,0.0004535481,-2.6871,0.0015728305,1.7278308,0.1300355
1892,0,even,0,0,0.9999994,13.666206,13.666206,0.9999994,-0.7590096,5.4351074e-07,-7.640517,5.579649e-10,-3.9013395,2.3469891e-08,-8.315807,2.8400926e-10
1893,9,odd,2,4,0.9999994,12.839763,-1.5705432,5.516751e-07,-4.045647,4.642578e-08,12.839763,0.9999994,-6.474198,4.0931063e-09,-5.3393993,1.2731817e-08
1894,2,even,1,2,0.99999726,13.354124,-0.92010945,6.320884e-07,13.354124,0.99999726,-12.386506,6.6219326e-12,-6.841408,1.6950823e-09,0.2989781,2.1390495e-06
1895,7,odd,1,2,0.9996917,8.813709,-1.5302327,3.2177275e-05,8.813709,0.9996917,-0.3359058,0.00010622791,-12.795673,4.121264e-10,0.13388775,0.00016992893
1896,8,even,4,8,1.0,17.01132,-5.808716,1.2285259e-10,-1.1063185,1.35397284e-08,-6.0516567,9.635547e-11,-9.693865,2.523978e-12,17.01132,1.0
1897,7,odd,2,4,0.5785142,3.36632,2.0285084,0.15181333,-0.8590651,0.008457706,3.36632,0.5785142,-11.889434,1.3703279e-07,2.571199,0.26121458
1898,0,even,0,0,0.9999845,11.190732,11.190732,0.9999845,-3.2398427,5.4059797e-07,-8.535286,2.7107714e-09,0.06891511,1.4785965e-05,-5.0299683,9.024706e-08
1899,5,odd,4,8,0.9967244,5.956279,-3.9843724,4.8018126e-05,-0.20627952,0.0020999548,-0.89338607,0.0010563395,-3.5886674,7.1327566e-05,5.956279,0.9967244
1900,5,odd,4,8,0.8409187,4.2491975,2.4833117,0.14382671,-6.884323,1.2289315e-05,0.20921482,0.014798298,-3.2972121,0.0004440072,4.2491975,0.8409187
1901,4,even,2,4,0.99999917,12.00683,-5.3168592,2.9951412e-08,-3.9160182,1.21561e-07,12.00683,0.99999917,-4.982702,4.183497e-08,-2.0835435,7.596752e-07
1902,4,even,2,4,0.99999833,11.36229,-4.8508286,9.0934975e-08,-3.131964,5.0725305e-07,11.36229,0.99999833,-5.0242705,7.645511e-08,-2.4887586,9.650836e-07
1903,3,odd,1,2,0.99999416,14.444385,0.15614942,6.232984e-07,14.444385,0.99999416,-13.183854,1.0027804e-12,-10.847496,1.0372247e-11,2.2864847,5.2467294e-06
1904,0,even,0,0,0.9999989,12.956632,12.956632,0.9999989,-0.74962026,1.1154493e-06,-5.084148,1.4621391e-08,-6.6789956,2.9672542e-09,-6.8930426,2.3954965e-09
1905,8,even,4,8,0.9997625,9.561451,-4.1862283,1.0699312e-06,1.2070663,0.0002353064,-5.297613,3.521172e-07,-4.49382,7.866293e-07,9.561451,0.9997625
1906,6,even,3,6,1.0,15.805276,-3.7484074,3.2206449e-09,-6.901009,1.3765294e-10,-6.269013,2.589751e-10,15.805276,1.0,-7.8881063,5.129734e-11
1907,4,even,2,4,1.0,16.979214,-3.9614494,8.0461077e-10,-5.44862,1.8185098e-10,16.979214,1.0,-4.748806,3.6613473e-10,-8.910879,5.7026345e-12
1908,9,odd,2,4,0.99770325,7.553916,-3.041382,2.497595e-05,-3.8206882,1.14570685e-05,7.553916,0.99770325,-5.1656227,2.9852172e-06,1.4626753,0.002257403
1909,6,even,3,6,0.9999753,9.169994,-2.0147943,1.3883445e-05,-3.134113,4.532974e-06,-6.2684946,1.9730528e-07,9.169994,0.9999753,-2.831064,6.1375604e-06
1910,5,odd,3,6,0.98705065,5.2814126,-2.2049725,0.0005534057,-0.8301777,0.002188313,-6.11393,1.11020945e-05,5.2814126,0.98705065,0.7087438,0.01019658
1911,5,odd,4,8,0.99964976,7.673684,-0.6012058,0.00025474682,-1.7897754,7.7610384e-05,-4.109726,7.6274246e-06,-3.8177876,1.0213272e-05,7.673684,0.99964976
1912,1,odd,4,8,0.8801201,2.7059305,-1.8507651,0.0092383465,-1.0506513,0.020562654,-0.7284338,0.028380265,0.048134007,0.061698645,2.7059305,0.8801201
1913,4,even,2,4,0.999984,9.806813,-3.9208138,1.0918438e-06,-1.5498952,1.1690611e-05,9.806813,0.999984,-3.0076075,2.7212025e-06,-4.878396,4.1907109e-07
1914,0,even,0,0,1.0,15.304039,15.304039,1.0,-2.930435,1.204671e-08,-9.408499,1.851319e-11,-3.3836458,7.6566975e-09,-7.020838,2.0157155e-10
1915,5,odd,4,8,0.7085634,2.3882234,0.32376903,0.08990783,-3.7826009,0.0014805527,-1.7100701,0.01176285,1.062943,0.18828544,2.3882234,0.7085634
1916,1,odd,1,2,0.990297,4.9558306,-1.9504607,0.0009917482,4.9558306,0.990297,-2.961741,0.0003607512,-2.394157,0.0006363652,0.100868925,0.007714047
1917,6,even,3,6,0.99997854,9.877452,-4.8247,4.1202836e-07,-0.92320794,2.0385605e-05,-5.1776066,2.8950885e-07,9.877452,0.99997854,-5.0766034,3.2027776e-07
1918,3,odd,1,2,1.0,22.594555,0.10296067,1.7061794e-10,22.594555,1.0,-17.477764,3.951964e-18,-15.781847,2.1544657e-17,-0.33010435,1.10648816e-10
1919,4,even,2,4,0.99999976,13.196482,-2.8645866,1.0586853e-07,-3.608463,5.031588e-08,13.196482,0.99999976,-2.7428155,1.19578e-07,-9.049263,2.1817034e-10
1920,8,even,4,8,0.99995697,9.8225765,-4.474768,6.1762324e-07,-2.6807127,3.7142559e-06,-0.34162647,3.8523358e-05,-5.7704706,1.690468e-07,9.8225765,0.99995697
1921,9,odd,2,4,0.9988858,8.03387,-1.2189595,9.5733296e-05,-3.5741994,9.08229e-06,8.03387,0.9988858,-7.8776507,1.2280908e-07,1.136516,0.0010093302
1922,7,odd,1,2,0.7237339,2.9891996,1.3609147,0.14204428,2.9891996,0.7237339,0.6919792,0.07276268,-9.630192,2.3935738e-06,0.52310777,0.061456647
1923,6,even,3,6,0.9999908,9.496212,-2.9907873,3.775383e-06,-3.230337,2.9711593e-06,-3.8831875,1.5466667e-06,9.496212,0.9999908,-4.467744,8.620392e-07
1924,8,even,4,8,0.99992657,8.998192,-3.339989,4.380911e-06,-0.6791883,6.268088e-05,-4.058352,2.135912e-06,-3.3858285,4.1846256e-06,8.998192,0.99992657
1925,1,odd,4,8,0.99868983,7.942631,-3.0000637,1.766358e-05,1.2699691,0.0012633697,-6.0323477,8.514803e-07,-2.5278893,2.8323151e-05,7.942631,0.99868983
1926,6,even,3,6,0.9999995,11.972904,-2.9770017,3.2161657e-07,-3.6857955,1.5831164e-07,-5.580924,2.3794065e-08,11.972904,0.9999995,-6.072592,1.4552596e-08
1927,0,even,0,0,0.9997559,9.372671,9.372671,0.9997559,-3.7472765,2.0043485e-06,-5.6355367,3.033279e-07,1.0439878,0.00024143072,-6.0628643,1.9784547e-07
1928,3,odd,4,8,0.9696268,5.2655973,1.0961156,0.014990693,1.0978091,0.015016097,-7.4446225,2.9283708e-06,-2.6231909,0.00036353598,5.2655973,0.9696268
1929,3,odd,1,2,0.9978005,9.842892,3.7236583,0.0021953033,9.842892,0.9978005,-9.006512,6.49908e-09,-7.9978585,1.7819872e-08,-2.5514836,4.1327116e-06
1930,3,odd,1,2,0.99838495,10.543316,3.9745648,0.0014012819,10.543316,0.99838495,-15.712895,3.947942e-12,-8.220755,7.08216e-09,2.094184,0.0002137404
1931,9,odd,2,4,0.9999558,9.562219,-0.8924773,2.8811384e-05,-3.588221,1.9445413e-06,9.562219,0.9999558,-7.222016,5.1366523e-08,-1.651503,1.34872525e-05
1932,3,odd,4,8,0.98096657,6.2557364,-0.022937603,0.0018401816,2.2035387,0.017053252,-2.6003053,0.00013980544,-9.137745,2.0246512e-07,6.2557364,0.98096657
1933,1,odd,4,8,0.97714645,4.2834477,-2.6651766,0.0009380162,0.1793099,0.016127061,-1.9306451,0.0019553,-1.2574999,0.0038331565,4.2834477,0.97714645
1934,9,odd,2,4,0.99999964,12.350418,-3.708854,1.060587e-07,-3.4779181,1.3361048e-07,12.350418,0.99999964,-5.841497,1.2570464e-08,-3.7352176,1.0329917e-07
1935,7,odd,1,2,0.9966264,6.1707425,-0.6213155,0.0011188686,6.1707425,0.9966264,-0.003595218,0.0020751597,-6.2694364,3.9430415e-06,-2.473031,0.00017562606
1936,7,odd,2,4,0.99883896,6.7429905,-0.61836314,0.0006346,-1.5425619,0.00025184068,6.7429905,0.99883896,-5.812655,3.520855e-06,-1.4691262,0.00027103082
1937,9,odd,2,4,0.99033386,7.3076434,-3.2040758,2.6952568e-05,-3.080179,3.0507581e-05,7.3076434,0.99033386,-7.1097636,5.424769e-07,2.6722097,0.009608119
1938,7,odd,1,2,0.9996132,7.7969418,-1.5921204,8.3601524e-05,7.7969418,0.9996132,-1.8861684,6.230325e-05,-7.640274,1.9748512e-07,-0.5351114,0.0002405843
1939,8,even,4,8,0.99912065,7.6757374,-1.2129194,0.00013782355,0.28347906,0.0006154617,-8.409816,1.0321703e-07,-1.3031224,0.00012593564,7.6757374,0.99912065
1940,5,odd,4,8,0.75500506,2.7382689,0.713887,0.099717624,0.3133486,0.06680675,-6.4696827,7.568108e-05,0.47330374,0.07839494,2.7382689,0.75500506
1941,2,even,1,2,0.99999774,12.807556,-1.1243106,8.901562e-07,12.807556,0.99999774,-15.211163,6.786159e-13,-3.1878023,1.1305847e-07,-0.7436785,1.3024851e-06
1942,3,odd,4,8,0.8745586,5.2640495,-3.4666235,0.00014128821,3.0545952,0.09599202,1.8681916,0.029308029,-11.056281,7.144289e-08,5.2640495,0.8745586
1943,7,odd,2,4,0.9999696,9.21477,-3.1208484,4.392336e-06,-4.67326,9.300185e-07,9.21477,0.9999696,-2.8798432,5.589367e-06,-1.6314021,1.9478432e-05
1944,0,even,0,0,1.0,19.988272,19.988272,1.0,-4.947106,1.4815055e-11,-10.4938545,5.778043e-14,-3.0550566,9.826754e-11,-11.341843,2.4745954e-14
1945,7,odd,1,2,0.9629088,4.876087,-2.1579123,0.0008487074,4.876087,0.9629088,1.1318537,0.022776403,-7.9779563,2.5185163e-06,0.6061172,0.013463586
1946,3,odd,4,8,0.99644935,9.308441,-0.11274696,8.070215e-05,3.648381,0.0034699435,-8.635555,1.6050057e-08,-8.745817,1.4374423e-08,9.308441,0.99644935
1947,6,even,3,6,1.0,14.839246,-3.966633,6.803153e-09,-5.8926272,9.914303e-10,-5.4210854,1.5887311e-09,14.839246,1.0,-8.08087,1.1115266e-10
1948,0,even,0,0,1.0,17.768436,17.768436,1.0,-4.633675,1.8658931e-10,-9.729833,1.1419679e-12,-3.4061098,6.368129e-10,-8.149874,5.5439707e-12
1949,3,odd,1,2,0.9999466,11.271555,1.0628569,3.684644e-05,11.271555,0.9999466,-7.67612,5.90346e-09,-10.333715,4.139302e-10,0.26348576,1.6566593e-05
1950,0,even,0,0,1.0,15.95153,15.95153,1.0,-3.9087424,2.3702431e-09,-8.148244,3.4166572e-11,-4.0222497,2.1159123e-09,-6.975071,1.1043419e-10
1951,2,even,1,2,0.6108825,3.2242708,-0.28414965,0.018292373,3.2242708,0.6108825,-4.1248446,0.00039289583,-3.4297462,0.00078732637,2.721909,0.36964488
1952,9,odd,2,4,0.99999976,13.504188,-5.392814,6.2106422e-09,-2.7764533,8.499768e-08,13.504188,0.99999976,-7.468596,7.7917595e-10,-2.9249058,7.3271615e-08
1953,4,even,2,4,0.9999902,9.941986,-3.5396054,1.3964168e-06,-3.6587834,1.2395293e-06,9.941986,0.9999902,-4.151693,7.571615e-07,-2.0025005,6.4948795e-06
1954,5,odd,4,8,0.991871,6.0291977,0.7940432,0.005282706,0.14937635,0.0027725617,-3.5843508,6.627415e-05,-5.7739773,7.4199584e-06,6.0291977,0.991871
1955,7,odd,2,4,0.9782128,8.82311,-5.847401,4.1601714e-07,-5.5653315,5.515854e-07,8.82311,0.9782128,-7.0150795,1.2941814e-07,5.018657,0.021786155
1956,0,even,0,0,0.99999976,13.218569,13.218569,0.99999976,-5.412634,8.101611e-09,-5.6002707,6.7155486e-09,-2.1389055,2.1396048e-07,-6.7266817,2.1771447e-09
1957,9,odd,0,0,0.89542747,5.172794,5.172794,0.89542747,-2.626819,0.00036702995,3.0197875,0.10399001,-3.2327642,0.00020023643,-5.8036795,1.5311185e-05
1958,9,odd,2,4,0.999992,10.818271,-1.6692829,3.7732964e-06,-2.7520566,1.2778447e-06,10.818271,0.999992,-9.154919,2.1171431e-09,-1.9242474,2.924092e-06
1959,8,even,4,8,0.9999999,14.375522,-4.6731243,5.33677e-09,-1.2233353,1.6807475e-07,-5.410363,2.5532854e-09,-7.388803,3.5308073e-10,14.375522,0.9999999
1960,7,odd,1,2,0.99920064,8.122099,-2.0232723,3.9225986e-05,8.122099,0.99920064,-1.2108513,8.8390116e-05,-10.757357,6.315523e-09,0.81737596,0.00067181844
1961,1,odd,4,8,0.9902023,5.2314997,-2.8789952,0.00029742732,0.4550877,0.00834362,-2.0766647,0.00066348084,-2.3732743,0.0004931881,5.2314997,0.9902023
1962,4,even,2,4,1.0,15.356173,-5.1866503,1.1977467e-09,-7.037732,1.8812665e-10,15.356173,1.0,-5.3844905,9.827528e-10,-3.156427,9.121789e-09
1963,7,odd,1,2,0.99886227,6.8467183,-2.5995648,7.889271e-05,6.8467183,0.99886227,-0.71691006,0.00051839836,-6.305345,1.9392646e-06,-0.6789357,0.0005384628
1964,9,odd,2,4,0.99995196,8.692375,-2.1962059,1.8669314e-05,-2.1512568,1.9527637e-05,8.692375,0.99995196,-3.7979894,3.7625557e-06,-3.3261557,6.031113e-06
1965,2,even,1,2,0.9999976,13.903461,0.9505727,2.3693594e-06,13.903461,0.9999976,-6.3877077,1.5404817e-09,-11.529495,9.00754e-12,-3.6083055,2.481621e-08
1966,2,even,1,2,1.0,13.693153,-4.6955986,1.0324439e-08,13.693153,1.0,-5.194254,6.270515e-09,-5.375447,5.231333e-09,-4.3245316,1.4963005e-08
1967,4,even,2,4,1.0,14.829522,-2.7478306,2.3240892e-08,-5.293647,1.8222954e-09,14.829522,1.0,-6.240726,7.0681816e-10,-6.0158443,8.8505847e-10
1968,9,odd,2,4,0.99625117,6.107958,-3.154836,9.4534145e-05,-2.7855809,0.00013675845,6.107958,0.99625117,-2.7419868,0.00014285206,0.42025888,0.0033746802
1969,4,even,2,4,0.999613,7.9922333,-2.0291502,4.4422235e-05,-4.6242037,3.3157587e-06,7.9922333,0.999613,-0.011246234,0.00033416788,-4.193088,5.1028624e-06
1970,0,even,0,0,0.9999795,9.818904,9.818904,0.9999795,-1.6197764,1.0770485e-05,-6.536578,7.8867025e-08,-4.186108,8.2735414e-07,-1.8216647,8.801493e-06
1971,3,odd,1,2,0.9004535,7.325505,0.53017706,0.0010075996,7.325505,0.9004535,-7.43534,3.4987082e-07,-10.386187,1.8296653e-08,5.1130543,0.09853857
1972,9,odd,2,4,0.99996316,10.366305,-0.5698461,1.7802202e-05,-0.5016669,1.9058274e-05,10.366305,0.99996316,-6.872948,3.2589007e-08,-7.0504,2.729007e-08
1973,0,even,0,0,0.9999918,13.201374,13.201374,0.9999918,-7.340919,1.1983721e-09,-6.6183295,2.4683593e-09,1.4997414,8.280223e-06,-7.9136696,6.7584865e-10
1974,8,even,4,8,0.9999982,13.797438,-4.4654384,1.1709348e-08,0.52854055,1.7273902e-06,-7.5675697,5.2637394e-10,-6.6919456,1.2634934e-09,13.797438,0.9999982
1975,7,odd,0,0,0.9999956,10.827621,10.827621,0.9999956,-2.4390912,1.7311639e-06,-2.1054397,2.4168007e-06,-6.969334,1.8658586e-08,-4.381419,2.481965e-07
1976,9,odd,2,4,0.99999905,13.040554,-4.0765243,3.6825334e-08,-3.9312215,4.2584478e-08,13.040554,0.99999905,-9.265324,2.0543763e-10,-0.8900211,8.9130754e-07
1977,8,even,4,8,0.99999964,15.22872,-4.6270156,2.3810216e-09,0.38513225,3.576939e-07,-8.256415,6.317361e-11,-7.4960103,1.351373e-10,15.22872,0.99999964
1978,4,even,2,4,0.9999999,12.7693815,-3.846916,6.076226e-08,-4.5986366,2.8652668e-08,12.7693815,0.9999999,-4.2619348,4.012297e-08,-4.4457407,3.338623e-08
1979,6,even,3,6,0.99982065,10.136472,1.2036252,0.00013195818,-7.5236135,2.139165e-08,0.18035306,4.7427988e-05,10.136472,0.99982065,-10.521567,1.0672095e-09
1980,6,even,3,6,1.0,15.5759945,-3.912496,3.4376042e-09,-4.918867,1.2565932e-09,-4.317043,2.2938418e-09,15.5759945,1.0,-11.850343,1.2271359e-12
1981,4,even,2,4,1.0,16.025236,-5.54941,4.2682544e-10,-4.973049,7.5955736e-10,16.025236,1.0,-3.80374,2.4455993e-09,-7.1283674,8.8007185e-11
1982,9,odd,2,4,0.9999448,9.066505,-2.990036,5.806128e-06,-2.539967,9.106453e-06,9.066505,0.9999448,-5.5994897,4.271845e-07,-1.0655428,3.9781688e-05
1983,5,odd,1,2,0.5019704,1.2481674,-2.088959,0.017839495,1.2481674,0.5019704,0.121047065,0.16262077,0.72318727,0.2969492,-1.9441081,0.020620087
1984,1,odd,4,8,0.7502304,2.6444407,-1.5890723,0.01087936,1.4288183,0.22246239,-1.5736572,0.011048367,-2.293354,0.0053794477,2.6444407,0.7502304
1985,4,even,2,4,1.0,14.549951,-5.238013,2.5479827e-09,-3.5833588,1.33292035e-08,14.549951,1.0,-4.397151,5.9071548e-09,-6.4931574,7.262636e-10
1986,3,odd,1,2,0.5174501,1.946655,1.1451937,0.2321658,1.946655,0.5174501,-6.8716965,7.657852e-05,0.5399584,0.12674999,0.51444924,0.12355758
1987,5,odd,4,8,0.9928398,6.1685677,1.1423784,0.006516777,-5.322748,1.01452815e-05,-3.0292547,0.000100534606,-1.3618174,0.00053268997,6.1685677,0.9928398
1988,8,even,4,8,1.0,15.581356,-5.281697,8.695439e-10,-2.9897006,8.603847e-09,-2.4779704,1.4352723e-08,-10.155186,6.649086e-12,15.581356,1.0
1989,0,even,0,0,0.99999976,13.361544,13.361544,0.99999976,-5.149961,9.131779e-09,-6.8435974,1.6788759e-09,-2.0734718,1.9799661e-07,-4.7974405,1.29913085e-08
1990,6,even,3,6,0.99990785,9.538395,0.2045385,8.837258e-05,-5.5702376,2.7438728e-07,-3.0814495,3.3054544e-06,9.538395,0.99990785,-5.879064,2.0148485e-07
1991,3,odd,4,8,0.7379802,4.1117773,-1.1126444,0.003972897,2.7696834,0.19283272,1.685537,0.06521416,-12.072566,6.906749e-08,4.1117773,0.7379802
1992,2,even,1,2,1.0,20.193447,-7.837629,6.7028295e-13,20.193447,1.0,-13.400308,2.5728715e-15,-6.171325,3.5475182e-12,-2.7151747,1.124376e-10
1993,3,odd,1,2,0.587622,3.8829615,2.9541996,0.23213562,3.8829615,0.587622,-8.081876,3.7396874e-06,-4.9887137,8.244766e-05,2.7007022,0.18015625
1994,1,odd,4,8,0.94688237,4.133801,-3.8059566,0.00033736747,-1.2386425,0.004396161,1.1187447,0.046438035,-2.0535789,0.001946037,4.133801,0.94688237
1995,1,odd,1,2,0.9415256,3.6299198,-2.4231555,0.002213171,3.6299198,0.9415256,-0.63314277,0.013255852,-3.049533,0.0011829941,0.5158513,0.041822437
1996,8,even,4,8,0.99999523,12.713444,-4.1941743,4.5405965e-08,0.44181597,4.6827163e-06,-6.5780993,4.1858885e-09,-6.2510552,5.805249e-09,12.713444,0.99999523
1997,1,odd,1,2,0.6931052,5.6619444,-3.6977503,5.969466e-05,5.6619444,0.6931052,-5.796918,7.316081e-06,-4.5999274,2.4217263e-05,4.84697,0.30680352
1998,3,odd,4,8,0.6376489,4.5317674,-4.1737037,0.00010564369,3.9625278,0.36088097,-1.6327523,0.0013408021,-5.667382,2.3721788e-05,4.5317674,0.6376489
1999,9,odd,2,4,0.99958163,7.62486,-2.0779505,6.108595e-05,-0.435677,0.00031562528,7.62486,0.99958163,-2.527832,3.895473e-05,-5.1707983,2.7716255e-06
