idx,label,parity,prob_0,prob_2,prob_4,prob_6,prob_8,prob_misc,top1_class_idx
0,1,odd,0.001325825,0.6818703,0.0119709615,0.000119905206,0.2996003,0.005112671,1
1,9,odd,0.0014522948,4.679578e-06,0.99852103,1.3437673e-07,1.9122243e-05,2.7202132e-06,2
2,2,even,4.239103e-14,1.0,1.0072781e-15,9.226143e-17,3.8856856e-12,5.1600315e-13,1
3,8,even,0.021393878,0.00014519026,0.00022368415,0.00093395164,0.9772429,6.047353e-05,4
4,9,odd,3.586121e-05,6.140904e-05,0.9998958,6.995104e-07,2.5244399e-06,3.7501293e-06,2
5,0,even,1.0,3.2524886e-15,1.7753575e-14,5.3479265e-10,1.9409108e-17,5.4383924e-11,0
6,0,even,1.0,2.275766e-12,1.8796579e-12,3.8982945e-10,1.2793397e-14,2.0823644e-10,0
7,1,odd,0.0032802199,0.3522521,0.0072730696,0.00037484206,0.6317958,0.0050239465,4
8,3,odd,1.0048214e-05,0.9999896,2.905574e-10,1.1783478e-11,2.0993207e-07,7.5362784e-08,1
9,0,even,1.0,5.112491e-12,3.2535952e-10,3.8169947e-09,1.232394e-13,2.838601e-09,0
10,0,even,0.9999999,1.3572409e-08,7.554342e-09,3.0980097e-08,2.1033128e-10,9.023571e-08,0
11,8,even,0.00030390668,0.00023415209,1.9555548e-05,0.00066351605,0.9987489,3.0036079e-05,4
12,4,even,2.9772282e-06,1.3072541e-06,0.9999933,3.4454814e-07,1.7637391e-06,2.6145383e-07,2
13,1,odd,0.0012591919,0.02142446,7.700611e-05,3.3619795e-05,0.97693616,0.00026960002,4
14,2,even,0.0006317218,0.99205446,2.851666e-09,2.6523782e-07,0.007306939,6.578152e-06,1
15,3,odd,0.00018503533,0.013646409,6.146573e-07,1.9508805e-06,0.98615336,1.2603034e-05,4
16,6,even,1.1617569e-06,5.7976705e-12,4.5112405e-10,0.9999988,4.596414e-12,3.399414e-11,3
17,8,even,4.1828366e-06,7.788044e-06,1.201802e-06,1.0837948e-06,0.99998534,3.0749655e-07,4
18,7,odd,1.8590096e-06,0.9995141,0.00042754592,1.2811693e-10,5.3334767e-05,3.063522e-06,1
19,6,even,1.7938079e-07,2.8156202e-07,1.1801926e-07,0.9999994,2.0142096e-08,8.424869e-09,3
20,9,odd,3.6459795e-05,8.742935e-06,0.9783004,5.156828e-11,0.021653319,1.0046328e-06,2
21,8,even,7.656884e-09,5.1539956e-07,7.550161e-09,1.5331084e-11,0.9999995,2.5020996e-09,4
22,8,even,6.542692e-05,1.08105605e-05,2.0925215e-06,3.8586772e-06,0.9999161,1.7030391e-06,4
23,1,odd,0.00037032453,0.00039814893,6.126857e-06,8.376789e-05,0.9991153,2.6321159e-05,4
24,0,even,1.0,6.2762546e-14,4.144061e-12,7.999883e-09,1.8019599e-15,8.796254e-11,0
25,7,odd,0.5702471,0.27057314,0.07400174,4.396179e-06,0.0825443,0.0026293215,0
26,7,odd,0.005002448,0.45773286,0.0832007,8.855518e-09,0.43830016,0.015763825,1
27,6,even,5.4396945e-09,1.5353061e-08,7.499168e-10,1.0,1.7284743e-08,6.997006e-11,3
28,1,odd,0.0004952205,0.00073065306,9.169578e-06,0.00020840726,0.9984768,7.9795755e-05,4
29,4,even,3.1415055e-08,6.854226e-07,0.9999919,2.0204356e-08,7.316351e-06,9.021382e-08,2
30,3,odd,3.936586e-05,3.6927745e-06,0.00082239154,2.1346636e-06,0.9991229,9.570604e-06,4
31,3,odd,0.0004007583,2.3241106e-05,0.9969777,2.0532063e-07,0.0015203787,0.0010775524,2
32,9,odd,0.0015938405,0.00023609189,0.9952337,1.0101155e-05,0.0027228396,0.0002035115,2
33,5,odd,1.1594554e-08,5.166382e-07,1.9729695e-12,4.055751e-09,0.9999995,2.2352517e-10,4
34,4,even,1.8591786e-06,5.2669037e-07,0.9998623,7.2546534e-08,0.00013490862,1.816503e-07,2
35,7,odd,0.99687237,0.0011173717,0.0019354817,1.4410207e-08,2.7263863e-05,4.7511578e-05,0
36,1,odd,0.0026906142,0.0059276586,0.091477886,0.0044340855,0.89375335,0.0017163883,4
37,7,odd,0.0013030986,0.96681947,0.023381466,1.2438741e-07,0.0074165883,0.001079366,1
38,2,even,8.2326715e-11,1.0,3.4380826e-13,1.9954952e-13,2.8080557e-10,1.10913785e-10,1
39,3,odd,0.17928359,0.00565722,3.0418698e-07,4.1341384e-05,0.8149882,2.9362327e-05,4
40,7,odd,0.050633617,0.004536535,0.87927645,4.3245414e-08,0.065349035,0.00020431586,2
41,5,odd,1.06208695e-07,3.704365e-07,1.7895109e-09,4.0082337e-08,0.9999995,4.3524877e-09,4
42,5,odd,4.3665858e-07,2.2110357e-06,1.0109521e-07,1.5978189e-06,0.9999956,1.3051935e-07,4
43,3,odd,0.0031344518,0.9956026,8.9726493e-10,1.5274277e-07,0.0012606202,2.1778042e-06,1
44,2,even,1.999328e-09,1.0,9.7098015e-12,7.5362514e-13,6.2606325e-09,4.840091e-10,1
45,8,even,7.0037287e-09,9.127274e-08,6.2224853e-10,1.784839e-08,0.9999999,4.6378315e-10,4
46,6,even,0.00031316534,0.045461778,0.02636935,0.91396606,0.013403109,0.00048660827,3
47,5,odd,0.49915558,0.49309024,4.0947063e-07,6.3015034e-07,0.0076538897,9.925956e-05,0
48,2,even,3.3860698e-10,1.0,8.590047e-15,1.7096819e-17,1.5507616e-10,1.1385885e-11,1
49,2,even,1.7059439e-15,1.0,6.1731794e-21,1.4341566e-22,3.9214402e-15,1.2800927e-16,1
50,1,odd,0.00059455127,0.0037374904,7.3539944e-05,0.00011016021,0.9953324,0.00015182709,4
51,8,even,0.00045899572,6.4844926e-06,0.0014539529,3.5387504e-05,0.99803776,7.532408e-06,4
52,5,odd,0.00036199167,4.485001e-06,0.00010732841,0.054522738,0.9449893,1.4049575e-05,4
53,6,even,4.6724e-08,8.83754e-10,2.6718068e-08,0.9999995,4.110205e-07,2.3399963e-10,3
54,2,even,6.5408945e-09,1.0,5.506015e-11,2.101294e-12,1.4574714e-08,1.8483288e-09,1
55,6,even,9.073549e-06,2.1252156e-06,8.994065e-08,0.9999881,5.4798943e-07,5.2962097e-08,3
56,5,odd,0.015443961,0.00049900566,0.7274331,0.009823302,0.2439584,0.002842227,2
57,9,odd,0.0012663644,9.8614815e-05,0.99820197,3.994887e-06,0.00040284527,2.6153037e-05,2
58,9,odd,4.0494306e-05,0.008161494,0.6060728,4.7441812e-08,0.38478038,0.00094482943,2
59,8,even,1.0446553e-06,4.34525e-07,1.509641e-08,1.2405098e-05,0.99998593,6.3262554e-08,4
60,7,odd,0.32653975,0.55956805,0.04617782,2.3820232e-06,0.064290114,0.0034218493,1
61,4,even,6.7283913e-06,4.090411e-05,0.999948,1.362797e-06,9.3872734e-07,2.005026e-06,2
62,6,even,1.9106078e-10,1.6469269e-11,1.6621701e-10,1.0,1.3919536e-10,4.727792e-13,3
63,0,even,1.0,8.2729917e-13,1.8766703e-12,5.3160205e-11,1.2439268e-15,8.2698445e-11,0
64,9,odd,5.7477696e-06,1.9621608e-05,0.9986614,8.8839025e-09,0.0012848399,2.8428181e-05,2
65,3,odd,0.023851546,0.006908716,0.0022693328,0.0069758156,0.9584008,0.0015937875,4
66,8,even,5.4251964e-10,9.692699e-09,1.3987535e-10,1.6326773e-11,1.0,5.6553352e-11,4
67,8,even,9.723147e-05,6.9110305e-05,8.213351e-06,8.623984e-06,0.99980897,7.858685e-06,4
68,4,even,1.6068609e-09,1.7355709e-11,1.0,8.506773e-09,2.6564087e-10,1.3081607e-10,2
69,4,even,7.0631936e-06,0.0002759589,0.99970394,8.876888e-06,7.9867306e-07,3.3862243e-06,2
70,6,even,1.0134431e-11,1.4881794e-13,1.6628326e-10,1.0,1.6781702e-15,2.6655542e-14,3
71,5,odd,0.0007749004,1.2633614e-05,0.0009914993,4.164479e-06,0.9982053,1.1560575e-05,4
72,3,odd,0.9928925,0.0007538706,0.00019838435,0.0031190214,0.0025477465,0.00048847834,0
73,0,even,1.0,4.913208e-10,9.26463e-11,3.1901493e-09,3.0302396e-13,2.9742553e-09,0
74,4,even,1.6018774e-06,2.3559894e-09,0.9999975,9.3347796e-07,1.8166124e-10,1.6582444e-08,2
75,4,even,1.331192e-09,5.9249916e-10,1.0,6.686833e-12,1.9299282e-10,6.2011124e-10,2
76,4,even,2.4141289e-06,1.7139248e-05,0.9999758,2.3608902e-06,1.0037486e-06,1.252921e-06,2
77,6,even,9.607517e-09,1.7913693e-09,3.5913066e-09,1.0,7.880251e-11,5.837337e-11,3
78,0,even,1.0,1.8198951e-09,5.178773e-10,9.195787e-09,4.4735908e-12,5.8892137e-08,0
79,3,odd,1.2766348e-09,1.0,3.3495147e-17,2.351909e-17,3.458338e-10,2.305289e-13,1
80,1,odd,0.0009519483,0.016132632,0.0012795359,0.00014332261,0.9810323,0.00046028706,4
81,9,odd,1.0542349e-05,8.586675e-06,0.99965906,1.3296145e-07,0.00031059573,1.1071194e-05,2
82,5,odd,9.606057e-06,1.5030018e-07,3.313503e-05,2.1142112e-06,0.99995327,1.7213973e-06,4
83,4,even,4.4498353e-08,5.44877e-07,0.9999989,5.294942e-07,5.5711013e-08,3.4749412e-08,2
84,4,even,2.0902494e-08,1.7562128e-08,0.9999999,8.925727e-08,6.3811165e-09,2.4104865e-09,2
85,8,even,3.3656954e-05,1.5368338e-06,1.2665647e-05,6.4811864e-08,0.9999521,2.384218e-08,4
86,0,even,1.0,2.3061457e-10,3.8845316e-11,2.1989004e-09,4.0184907e-13,7.257928e-10,0
87,4,even,1.8326064e-08,4.1685098e-08,0.9999999,2.9361127e-09,3.2830636e-09,7.56924e-09,2
88,5,odd,0.09900886,1.3528178e-05,0.00058543705,0.0001239911,0.9000361,0.0002320266,4
89,2,even,2.1153091e-11,1.0,4.519371e-16,4.679367e-16,1.491483e-11,2.514584e-12,1
90,7,odd,0.27775487,0.4938886,0.20788726,1.8883752e-07,0.019015912,0.0014531934,1
91,7,odd,0.006753505,0.94888294,0.03987348,5.7718586e-07,0.0027544363,0.0017350804,1
92,7,odd,0.99980587,0.00015692879,2.5970618e-05,1.896903e-08,2.0622724e-06,9.180707e-06,0
93,9,odd,2.0603777e-05,3.0121204e-05,0.9999466,4.208602e-10,2.4864241e-06,1.7715415e-07,2
94,5,odd,1.5474288e-06,1.717959e-07,5.399351e-05,3.1400724e-08,0.99994373,4.5460453e-07,4
95,2,even,4.1901134e-07,0.999995,3.1108733e-08,9.776123e-10,4.0047007e-06,5.118528e-07,1
96,7,odd,0.99998426,5.833581e-08,1.5546875e-05,7.918446e-10,1.1927018e-08,2.2829201e-07,0
97,9,odd,3.3415125e-07,4.06035e-06,0.99999475,2.365016e-08,7.3548654e-07,1.3421185e-07,2
98,1,odd,0.00078325305,0.4965321,5.7087873e-05,0.00022018922,0.5015342,0.00087313546,4
99,2,even,1.7517625e-09,1.0,1.8972888e-09,1.7637563e-11,9.685456e-09,6.2175185e-09,1
100,5,odd,8.5703155e-05,2.825062e-06,1.6101848e-06,0.0012822628,0.99862504,2.6280295e-06,4
101,0,even,0.9998863,2.5943763e-09,1.9146892e-05,6.1643453e-07,1.7773022e-08,9.398079e-05,0
102,2,even,2.0767132e-09,1.0,1.3467237e-10,1.897807e-12,1.2663135e-09,9.81099e-10,1
103,4,even,1.10937375e-08,7.4408725e-08,0.9999999,1.4471349e-10,1.2239013e-11,9.580506e-09,2
104,7,odd,2.3911563e-05,0.00033608812,0.00063678244,7.010343e-10,0.9989956,7.5828966e-06,4
105,3,odd,0.99829215,0.00045207117,5.675297e-09,3.1297748e-06,0.0012518773,7.832523e-07,0
106,4,even,6.7023926e-08,1.7622915e-08,0.99999714,8.723209e-09,2.6891732e-06,1.6586611e-08,2
107,3,odd,0.4077801,0.3058292,8.335619e-05,5.3706266e-05,0.2771509,0.0091027655,0
108,5,odd,1.1657885e-05,1.9887939e-06,6.561237e-07,2.1196143e-09,0.9999856,6.326977e-08,4
109,1,odd,7.347593e-05,0.00077447976,0.0021402077,0.0009914552,0.9959913,2.9067152e-05,4
110,3,odd,0.00012808239,0.0007518185,0.00018049942,6.7205233e-06,0.9989215,1.1414324e-05,4
111,8,even,4.5901657e-11,1.04663306e-10,2.2798726e-07,5.9605523e-16,0.99999976,1.3773584e-11,4
112,8,even,2.853773e-09,4.0407215e-07,1.02813306e-10,8.468022e-11,0.99999964,1.3993666e-10,4
113,7,odd,0.009257514,0.9226521,0.0056134723,7.573307e-08,0.06219325,0.00028350708,1
114,0,even,0.96649665,6.569098e-08,9.6122574e-05,0.033370208,5.5470296e-06,3.1434934e-05,0
115,7,odd,0.0021630798,0.00050093717,0.9968484,2.7814664e-07,0.00039649446,9.07336e-05,2
116,2,even,0.0076419837,0.9910328,1.072201e-09,2.1035604e-09,0.0013216946,3.5682162e-06,1
117,2,even,6.420183e-13,1.0,7.2166975e-17,3.689401e-18,3.947331e-14,1.2130261e-13,1
118,6,even,9.092054e-12,5.4822245e-12,1.1280593e-11,1.0,2.4168152e-14,4.2037398e-14,3
119,5,odd,2.2900826e-05,2.0976966e-08,8.222909e-06,1.4815106e-10,0.99996865,2.1532959e-07,4
120,6,even,3.7826172e-07,2.2984035e-05,6.3952648e-09,0.9999219,5.4686683e-05,1.9136847e-08,3
121,9,odd,0.0012876608,0.0018355816,0.010502248,0.00040926205,0.98502535,0.0009398729,4
122,8,even,6.942904e-06,0.03225785,0.001512166,1.891001e-05,0.9661841,2.0039002e-05,4
123,4,even,1.2960079e-07,9.433196e-09,0.99999964,5.063905e-09,1.9167095e-07,8.3842195e-09,2
124,3,odd,0.98904324,0.00027489825,0.000182444,0.0005002616,0.009873987,0.00012509689,0
125,6,even,1.7299476e-09,7.265896e-09,3.6199618e-10,1.0,1.2820954e-10,2.187094e-11,3
126,9,odd,0.0002048794,4.9189533e-05,0.00017111264,6.5356676e-07,0.9995602,1.3988394e-05,4
127,1,odd,0.00070397946,0.053629264,1.7704795e-05,8.955615e-06,0.945507,0.00013315359,4
128,2,even,5.727087e-11,1.0,2.041201e-09,4.2934353e-10,4.9918275e-10,1.02621e-09,1
129,4,even,1.3892382e-09,3.836271e-09,1.0,1.2279286e-10,6.5338207e-10,3.882541e-10,2
130,2,even,1.5283938e-06,0.99999833,1.058778e-08,6.041112e-11,4.1931494e-09,1.2939685e-07,1
131,6,even,9.036943e-06,1.1985799e-06,2.885916e-06,0.9999862,5.3523814e-07,2.75068e-07,3
132,7,odd,0.19456969,0.20924334,0.27685302,5.243221e-07,0.30755162,0.011781841,4
133,7,odd,0.020618329,0.9710622,0.005415072,1.132664e-06,0.0014231917,0.0014801268,1
134,1,odd,0.0007762315,0.96969235,0.012158248,9.374137e-06,0.014380136,0.0029836427,1
135,8,even,0.49591884,0.013327199,5.0475455e-07,1.2650729e-06,0.4907406,1.1582856e-05,0
136,1,odd,0.00029187775,0.0037897716,0.0001625874,4.9794155e-05,0.99553716,0.00016883182,4
137,8,even,0.082419105,0.00956356,0.0035765085,0.3084168,0.59188443,0.004139584,4
138,8,even,6.747572e-07,9.219526e-06,1.2019714e-05,2.4048263e-09,0.99997795,8.9678e-08,4
139,8,even,3.7621042e-10,1.43653205e-08,1.937026e-11,8.6756e-12,1.0,1.4813897e-11,4
140,8,even,0.0073763207,6.096841e-07,7.206863e-07,1.7439097e-05,0.99260473,1.3852413e-07,4
141,1,odd,0.00018379171,0.036562245,0.0016825313,0.0023302208,0.9589578,0.00028343018,4
142,0,even,0.99999905,4.2839739e-07,1.1532479e-07,1.605366e-07,6.8655477e-09,2.2674358e-07,0
143,3,odd,0.0010023874,5.6019104e-05,0.0010848785,0.9934715,0.0043682843,1.6969147e-05,3
144,9,odd,0.000116692965,0.0062508387,0.98641765,1.4680325e-07,0.007198453,1.63415e-05,2
145,8,even,7.7172295e-09,9.701902e-07,3.6045646e-11,4.4081365e-09,0.99999905,1.3379542e-09,4
146,4,even,2.6202946e-08,2.9529016e-07,0.99999964,7.2570296e-09,1.1276944e-09,1.1763964e-08,2
147,9,odd,0.050546505,0.0003460039,0.17760783,1.3926281e-05,0.7714275,5.8245558e-05,4
148,3,odd,0.008131148,0.0005619758,0.00029941218,2.9184033e-05,0.9907505,0.0002277747,4
149,7,odd,0.00028363644,0.9954175,0.0005188452,1.5200087e-08,0.003550331,0.00022987416,1
150,4,even,1.4352313e-06,5.7253915e-06,0.9999924,5.79958e-08,9.5755794e-08,3.1547577e-07,2
151,6,even,3.7670893e-09,2.7868038e-10,4.2496115e-10,1.0,5.3821165e-09,7.718682e-12,3
152,1,odd,0.0007112462,0.007367386,0.017481362,0.0043071867,0.96974677,0.00038610975,4
153,0,even,0.99992585,6.509089e-06,5.362453e-06,5.7886796e-06,5.4624714e-05,1.739377e-06,0
154,6,even,7.501977e-08,2.740414e-07,8.704334e-09,0.99999964,8.638458e-09,1.019689e-09,3
155,0,even,1.0,1.8897262e-09,3.497175e-10,3.9955173e-09,5.444365e-13,2.883942e-08,0
156,0,even,1.0,2.1526732e-11,1.987912e-10,9.872322e-09,1.8626723e-13,1.2473471e-09,0
157,6,even,2.5197489e-09,2.538157e-08,3.9460218e-10,1.0,1.4644587e-10,3.4776976e-11,3
158,3,odd,5.964193e-08,0.0001368169,1.5746995e-05,2.3782011e-11,0.9998472,1.9135463e-07,4
159,2,even,9.3809696e-08,0.99999976,2.2663893e-14,5.0663103e-13,1.387771e-07,3.969354e-10,1
160,5,odd,0.0005003599,1.931107e-05,0.00037429848,0.05264798,0.94641775,4.026692e-05,4
161,7,odd,0.00043289384,0.8670879,0.1303823,1.2364332e-10,0.0015689115,0.0005281054,1
162,4,even,1.330428e-09,5.931083e-11,1.0,6.308625e-10,1.2267259e-09,3.408854e-10,2
163,1,odd,0.0030381505,0.0184742,0.00020213965,3.189884e-06,0.97793317,0.0003491874,4
164,6,even,7.7506215e-08,3.9821701e-10,5.3115382e-08,0.9999999,2.703289e-10,3.4535189e-10,3
165,6,even,6.4562125e-09,1.3885846e-08,1.7773552e-08,1.0,1.157673e-11,1.5617384e-10,3
166,1,odd,6.1713545e-05,0.0036397835,0.0001276664,0.00010492742,0.9960019,6.401472e-05,4
167,7,odd,0.0029214865,2.4886262e-07,0.9970439,1.9576194e-09,3.4211953e-05,1.4441463e-07,2
168,0,even,1.0,4.899549e-20,4.1247185e-19,4.3631514e-14,2.4539645e-23,4.3704456e-15,0
169,2,even,1.3782765e-10,1.0,5.406313e-10,2.4607837e-12,3.5349574e-11,3.8424783e-10,1
170,6,even,0.0004963608,1.0717891e-06,6.0199436e-05,0.999413,2.1287902e-05,8.015859e-06,3
171,2,even,1.378672e-16,1.0,4.8326502e-20,1.0814088e-18,1.878551e-15,8.2790716e-16,1
172,5,odd,0.0065008355,2.5988676e-05,0.0062276926,5.605746e-06,0.98718274,5.7244193e-05,4
173,1,odd,9.128766e-05,0.00043143515,1.2695939e-05,2.7485762e-06,0.99944574,1.6122929e-05,4
174,7,odd,7.457382e-05,0.98795587,0.00032608744,4.407034e-08,0.011169284,0.00047410777,1
175,1,odd,0.00015528481,0.06385321,5.3351363e-05,4.660626e-06,0.93577,0.00016348419,4
176,4,even,5.8611867e-08,9.344327e-08,0.9999999,7.5508805e-10,2.0688474e-11,6.263113e-10,2
177,6,even,2.035257e-05,0.0008032681,4.2848665e-06,0.9990239,0.00014362692,4.4761655e-06,3
178,8,even,5.265568e-05,0.063684575,5.22477e-07,2.1039936e-07,0.9362502,1.1777307e-05,4
179,5,odd,1.6047709e-06,9.603023e-06,8.267036e-07,6.554487e-07,0.9999864,9.4429714e-07,4
180,6,even,1.4289502e-10,1.2943893e-12,1.2234935e-10,1.0,1.1865248e-14,1.2647805e-13,3
181,6,even,0.00013089062,2.5443413e-05,2.1450629e-05,0.99950254,0.00031325902,6.4746228e-06,3
182,4,even,4.323284e-09,1.1639473e-08,1.0,4.7187565e-09,2.4365456e-11,5.85478e-10,2
183,0,even,1.0,2.0574796e-14,4.4099902e-13,1.1074679e-10,1.00770424e-16,1.4305692e-11,0
184,4,even,0.00020693592,0.00033563687,0.99923027,0.00011438577,6.872135e-05,4.40248e-05,2
185,8,even,4.8722774e-07,5.9812754e-07,1.493034e-08,6.2663685e-07,0.99999833,2.8805893e-08,4
186,7,odd,0.002675236,0.7276014,0.0010587056,5.6422145e-08,0.26806402,0.00060052815,1
187,4,even,1.1611625e-07,2.7331032e-07,0.9999987,6.803517e-10,8.1578355e-07,7.1491385e-08,2
188,6,even,8.860296e-06,8.241205e-06,2.7464043e-06,0.99997497,4.564388e-06,6.1005807e-07,3
189,3,odd,0.00038385013,0.99709964,0.0011718457,4.2826267e-07,0.0011562714,0.00018789974,1
190,3,odd,0.48367295,0.005713227,0.43869635,0.00031985293,0.06377299,0.007824626,0
191,1,odd,2.447059e-05,0.00014566553,2.2598585e-06,0.001225135,0.9985967,5.705102e-06,4
192,0,even,0.9999989,4.4840768e-08,1.0761354e-08,9.4990816e-07,1.2143259e-07,2.1019572e-08,0
193,5,odd,6.905938e-05,3.6630525e-05,3.548569e-05,4.46698e-05,0.99980134,1.288976e-05,4
194,9,odd,0.00016390125,1.5174232e-05,0.9995988,5.068331e-06,0.0002134597,3.5763971e-06,2
195,6,even,2.1303724e-07,2.7584056e-07,8.145542e-09,0.99999845,1.0694316e-06,2.3624718e-09,3
196,7,odd,2.7490347e-05,0.036190473,6.0792914e-05,1.2042851e-10,0.96371686,4.3954406e-06,4
197,2,even,0.009665185,0.00941303,0.98010844,0.00012147796,0.00051339756,0.00017843423,2
198,5,odd,0.014206141,0.00010259853,0.6699073,0.011556754,0.30277142,0.001455714,2
199,9,odd,1.6291669e-07,9.737741e-08,0.99771464,9.2709196e-10,0.002285018,1.2512466e-07,2
200,8,even,8.195693e-07,7.748683e-06,2.1581401e-07,2.2089e-05,0.999969,1.5527758e-07,4
201,5,odd,8.449428e-09,5.1347297e-07,2.6659855e-10,8.004931e-13,0.9999995,1.8070988e-10,4
202,7,odd,0.9167606,0.07734872,0.0014516219,1.5002006e-06,0.0038923863,0.00054515357,0
203,2,even,6.2933045e-09,1.0,1.7307025e-10,1.0113528e-09,5.6733076e-09,7.4494184e-09,1
204,1,odd,0.0024800424,0.018611716,3.394785e-05,0.0007133315,0.97773325,0.0004277394,4
205,9,odd,0.00023164369,5.587387e-06,0.9997106,2.3769016e-07,4.874826e-05,3.0586527e-06,2
206,6,even,1.7415689e-06,3.0075043e-07,2.2225638e-07,0.999997,7.5498326e-07,2.9020542e-08,3
207,0,even,1.0,3.0815277e-11,6.8676917e-12,2.3548061e-08,6.621837e-12,4.942289e-10,0
208,1,odd,0.0001586861,1.5385704e-05,0.99969816,2.744271e-07,0.00010344985,2.4098927e-05,2
209,9,odd,5.2343043e-05,0.00025574522,0.07692722,4.9977157e-06,0.92273104,2.8631119e-05,4
210,4,even,1.465279e-07,1.0558056e-07,0.99999964,1.9126364e-08,6.057237e-08,4.1006427e-08,2
211,7,odd,1.5603996e-08,0.99999976,2.5888476e-09,9.98817e-14,2.230841e-07,3.3477413e-08,1
212,2,even,4.5100587e-10,1.0,4.825588e-15,5.224183e-13,5.4936633e-09,1.0912343e-10,1
213,3,odd,0.43444493,0.0002206093,0.05964742,0.00065889105,0.5039743,0.0010539121,4
214,7,odd,6.717933e-05,6.5319705e-06,0.9997749,1.658359e-08,0.00013720735,1.4257329e-05,2
215,2,even,6.199914e-15,1.0,1.677214e-18,2.8122758e-20,1.1819034e-14,3.092367e-15,1
216,2,even,2.7849606e-17,1.0,2.257328e-16,9.722127e-19,2.932294e-18,6.67563e-16,1
217,2,even,1.2712701e-12,1.0,3.151075e-14,5.8932016e-16,6.5248187e-13,1.3365175e-12,1
218,3,odd,5.1281295e-06,0.99448806,1.086198e-08,3.7215606e-10,0.0055006803,6.1729515e-06,1
219,1,odd,2.2116483e-07,0.9999994,7.610259e-10,9.323862e-09,2.2568247e-07,1.5150911e-07,1
220,2,even,3.1563314e-11,1.0,5.3190752e-14,4.1376012e-08,1.0338563e-09,1.3658119e-10,1
221,9,odd,0.000103625986,8.899446e-05,0.9994816,4.1506837e-08,0.00023922685,8.648248e-05,2
222,4,even,4.1618414e-06,0.00032836522,0.9994758,3.383942e-05,0.0001450172,1.2898963e-05,2
223,1,odd,0.00459754,0.0043280767,0.00021941993,0.0062860674,0.9838012,0.0007677185,4
224,4,even,1.8926418e-08,3.00294e-08,1.0,1.1228334e-09,2.0888258e-09,3.2522318e-09,2
225,6,even,4.2785057e-11,1.8175846e-13,1.305806e-12,1.0,3.5370392e-12,2.0400241e-14,3
226,8,even,1.5245631e-05,2.012288e-06,1.4077232e-06,8.740406e-06,0.99997187,7.403804e-07,4
227,4,even,1.3369811e-05,1.844816e-05,0.9999304,9.4175226e-07,3.0806084e-05,6.0389084e-06,2
228,5,odd,0.16597311,0.09934177,0.0008915671,0.00044170802,0.73166,0.0016918099,4
229,2,even,9.747811e-06,0.055927034,0.94406134,9.962405e-07,5.9543686e-09,9.1474055e-07,2
230,5,odd,0.1377299,0.00016530025,0.028328728,0.8305235,0.0012606138,0.0019918692,3
231,0,even,0.99525553,2.5870646e-05,0.00358468,0.0010508375,4.3028664e-05,3.994844e-05,0
232,7,odd,0.08337273,0.022971507,0.78540945,0.0019892019,0.0021541982,0.10410295,2
233,9,odd,0.0002169521,0.001412163,0.991516,1.4472709e-05,0.006761812,7.8598525e-05,2
234,1,odd,5.870858e-05,4.6677644e-05,1.1290664e-06,8.477278e-07,0.9998903,2.2218826e-06,4
235,3,odd,0.036210597,0.96377724,7.4338317e-07,8.5719485e-08,1.08138664e-07,1.1215844e-05,1
236,3,odd,0.00024487998,0.021318875,5.0356746e-05,8.545262e-07,0.9783086,7.6355565e-05,4
237,4,even,4.511912e-08,8.036177e-08,0.9999999,1.0028222e-09,3.9153525e-09,2.2056839e-09,2
238,2,even,0.00014744018,0.9998437,1.571081e-10,1.4154995e-08,8.337725e-06,4.4485785e-07,1
239,0,even,1.0,1.01073104e-14,6.286154e-13,5.4078417e-09,8.376946e-17,3.88032e-10,0
240,4,even,6.841607e-08,1.1825159e-07,0.99999964,6.8390236e-08,5.5917155e-08,1.9400456e-08,2
241,2,even,1.9048919e-06,0.99992085,1.9421114e-07,3.0945404e-08,7.2444825e-05,4.5217953e-06,1
242,0,even,0.99992466,1.1715193e-11,1.3106352e-09,7.5342345e-05,2.0321952e-12,1.5089698e-08,0
243,5,odd,0.0002807259,1.434178e-06,5.261522e-08,0.98343533,0.016282193,2.799237e-07,3
244,3,odd,0.46913958,0.49839494,1.7146695e-05,0.010185229,0.021110091,0.0011529864,1
245,5,odd,1.6599146e-05,8.423555e-05,2.3344031e-09,3.1419004e-05,0.9998661,1.5672554e-06,4
246,1,odd,0.00046167916,0.0037660804,0.0009706079,0.0010584145,0.99359643,0.00014671523,4
247,9,odd,0.9999962,8.1090565e-11,2.6390241e-08,2.7808596e-06,5.977931e-15,1.1072093e-06,0
248,0,even,0.9999995,1.08971925e-07,5.9326958e-08,1.7327737e-07,3.325374e-10,2.2007623e-07,0
249,0,even,1.0,3.8552223e-14,1.9067055e-10,1.64229e-08,3.9390668e-17,8.9564667e-10,0
250,7,odd,0.050080802,0.00087285676,0.94883174,4.8055764e-08,5.5860004e-05,0.00015870856,2
251,7,odd,0.028338332,0.32214892,0.11719318,1.7763627e-07,0.52340883,0.008910564,4
252,6,even,2.5701523e-09,2.1791267e-09,2.0205588e-09,1.0,1.3359427e-10,3.2051375e-11,3
253,8,even,3.0074873e-06,8.061909e-07,4.0364304e-07,3.4730412e-08,0.9999957,4.2168086e-08,4
254,8,even,1.9825709e-08,4.5728708e-08,8.895093e-10,7.999429e-08,0.9999999,8.2116286e-10,4
255,7,odd,0.0034357163,0.009516685,0.007632278,1.0872271e-05,0.9786791,0.0007253661,4
256,0,even,1.0,3.9105608e-13,7.46348e-14,4.8627915e-13,2.0485318e-18,1.1977142e-10,0
257,2,even,3.2765387e-13,1.0,1.1484936e-14,5.080836e-17,2.9737796e-12,1.8122544e-12,1
258,7,odd,0.0005762277,0.9621701,0.03360579,1.243616e-09,0.0021769258,0.0014709462,1
259,1,odd,0.0037904002,0.15929401,0.00088155456,9.3575625e-05,0.8340301,0.0019103532,4
260,0,even,0.9999994,4.0164638e-10,1.5434248e-10,6.225347e-07,9.845397e-11,2.1398527e-09,0
261,2,even,3.272685e-17,1.0,1.5966354e-24,3.590228e-18,7.0581142e-15,2.5099437e-17,1
262,2,even,7.7962696e-08,0.99994993,4.9832288e-05,6.988577e-10,1.1065135e-09,1.4069802e-07,1
263,9,odd,3.910521e-06,0.0057977145,0.9941943,7.761747e-09,7.227713e-08,3.859853e-06,2
264,4,even,2.83406e-06,9.2201095e-05,0.9997117,0.00019110888,1.355115e-07,1.9918818e-06,2
265,6,even,9.577287e-10,2.1057236e-08,4.962077e-10,1.0,6.439689e-11,2.2214895e-11,3
266,5,odd,0.0041255616,0.00027961962,9.455071e-06,0.000114182214,0.99543554,3.556185e-05,4
267,8,even,5.385031e-10,2.6620313e-08,3.068987e-11,4.999581e-11,1.0,4.4313775e-11,4
268,2,even,1.05309335e-08,0.99999905,6.951711e-09,6.066622e-08,7.2370653e-07,8.1479754e-08,1
269,5,odd,0.4814283,0.028263675,8.106669e-05,0.34761515,0.14176156,0.00085024675,0
270,2,even,6.096792e-07,0.9768465,2.365804e-09,1.8204625e-08,0.023152392,4.1905793e-07,1
271,6,even,5.6047747e-06,2.8348301e-08,4.345119e-07,0.9999939,1.2606456e-08,2.5254606e-08,3
272,9,odd,1.1221122e-06,2.2872983e-07,0.99999666,2.618045e-11,1.8294364e-06,1.8359357e-07,2
273,8,even,1.03930375e-07,2.6832817e-08,4.2474236e-05,6.3265265e-10,0.99995744,3.1149483e-08,4
274,5,odd,0.025048528,4.098449e-06,0.86591285,0.014099885,0.09483579,9.87942e-05,2
275,7,odd,0.00027549852,0.3255847,0.60923404,9.750857e-08,0.063385054,0.0015205815,2
276,0,even,1.0,5.8881104e-09,5.7324635e-11,7.60584e-13,1.0900537e-16,4.2902182e-10,0
277,7,odd,0.0015005203,0.44486332,0.3164125,1.8275467e-06,0.22592917,0.011292575,1
278,0,even,1.0,2.106613e-18,3.8311382e-16,3.2586767e-13,3.8664807e-22,2.555073e-13,0
279,6,even,0.038584713,0.101058625,0.3803942,0.46297035,0.0012549248,0.015737215,3
280,5,odd,0.00052324554,9.5940144e-05,7.5468097e-06,3.1702805e-06,0.9993643,5.8620053e-06,4
281,4,even,0.00015027286,0.0001633259,0.99965274,2.1647638e-05,7.74389e-06,4.125941e-06,2
282,5,odd,0.00044690006,0.0002881471,0.00010987766,0.19878177,0.800229,0.00014436398,4
283,2,even,3.4256816e-11,1.0,2.3909867e-11,3.042062e-11,1.7070517e-10,9.541932e-10,1
284,9,odd,1.738915e-07,3.082314e-07,0.9999956,3.3803052e-10,3.9509796e-06,3.1773972e-08,2
285,3,odd,0.017248323,0.024590982,2.1417594e-05,4.245283e-06,0.9572977,0.00083746,4
286,9,odd,4.399531e-09,1.3715828e-08,1.0,2.0509408e-10,3.330388e-11,2.8052198e-09,2
287,5,odd,0.00042422107,2.4626039e-05,2.5301364e-05,0.9915611,0.007944439,2.038094e-05,3
288,1,odd,0.0009053104,0.06927666,2.8714112e-05,4.623661e-05,0.92935485,0.0003882051,4
289,3,odd,0.99646336,0.0008650341,0.000452832,0.000659966,0.001076148,0.0004827489,0
290,3,odd,0.7223781,0.0011228917,0.0012855951,4.3101913e-06,0.27453434,0.0006748292,0
291,7,odd,5.7998735e-05,0.9998355,1.0199128e-05,8.477889e-09,5.6310517e-05,3.9877083e-05,1
292,0,even,1.0,2.4636564e-13,2.5588236e-13,5.1551076e-11,5.549323e-16,1.1609949e-10,0
293,6,even,8.007983e-07,1.1803903e-07,4.815698e-08,0.99999905,5.0755656e-08,5.1484164e-09,3
294,6,even,3.775971e-06,0.00020367134,0.00056617503,0.9992217,3.8920356e-07,4.3268647e-06,3
295,3,odd,1.9586596e-05,4.2226544e-05,1.6634915e-05,7.36987e-09,0.9999205,1.0514743e-06,4
296,0,even,0.9983778,2.4711815e-05,0.00026309444,0.0011906377,7.272009e-05,7.0893206e-05,0
297,5,odd,0.020976314,0.006311516,0.011046278,0.1302898,0.8289759,0.0024001373,4
298,9,odd,1.2347901e-06,1.111977e-05,0.9999838,1.3808224e-10,3.327565e-06,4.6414854e-07,2
299,4,even,1.28197435e-08,4.832382e-09,1.0,5.0181512e-08,2.1367757e-08,1.2197312e-09,2
300,8,even,0.00016322573,1.3337412e-06,4.145455e-08,2.592671e-06,0.99983263,1.4916559e-07,4
301,9,odd,0.0012823368,0.004938875,0.92760104,1.44199e-05,0.06412853,0.002034721,2
302,9,odd,2.5771351e-05,3.1656706e-05,0.9999093,3.2993903e-06,2.352612e-05,6.436684e-06,2
303,9,odd,3.452124e-08,9.055569e-07,0.99999905,9.459376e-11,8.493012e-10,4.0216484e-08,2
304,5,odd,6.3442963e-06,4.4350538e-05,5.8915384e-07,0.07898449,0.92096317,9.759339e-07,4
305,5,odd,0.27921084,0.00020702156,0.0008407017,0.00023758417,0.71925247,0.0002513384,4
306,0,even,0.99985254,5.044005e-06,0.00013732955,4.532339e-06,3.952168e-09,6.4554274e-07,0
307,8,even,8.9849533e-07,7.094775e-07,1.2698001e-07,1.0142918e-08,0.9999982,2.1769594e-08,4
308,3,odd,0.8781128,0.00674837,9.913617e-05,0.015548844,0.098428264,0.0010625909,0
309,2,even,2.908888e-17,1.0,1.2302872e-17,9.223199e-22,1.3564991e-18,6.3209627e-16,1
310,2,even,6.04924e-06,0.9999927,1.0773107e-06,1.02570896e-10,4.3421022e-09,6.788759e-08,1
311,3,odd,0.8781547,0.0036473137,0.0008809113,4.6951365e-05,0.11524278,0.0020272778,0
312,6,even,1.1888983e-06,1.9558139e-07,9.604479e-07,0.9999974,2.1144163e-07,4.548971e-08,3
313,7,odd,5.234947e-07,0.9999933,5.643959e-06,9.928874e-12,4.4318475e-07,1.0871921e-07,1
314,9,odd,5.4246568e-05,0.000118153184,0.9997569,1.1487678e-06,6.281954e-05,6.6934826e-06,2
315,8,even,0.00018881247,0.012493159,0.0002286859,2.8795806e-05,0.9867857,0.00027484813,4
316,6,even,5.147729e-11,3.9666642e-12,3.003314e-11,1.0,1.4826547e-13,8.678818e-14,3
317,3,odd,0.0010814323,0.00041891015,3.6233567e-05,3.552651e-05,0.9983423,8.553895e-05,4
318,8,even,0.00070968084,0.00017813212,1.140567e-05,0.00033226373,0.99873346,3.5046938e-05,4
319,2,even,1.809297e-07,0.99999976,6.1388304e-11,8.2258956e-13,3.8562517e-10,5.403871e-09,1
320,7,odd,0.0007793559,1.2644206e-06,0.99921703,1.0087571e-06,1.9512707e-07,1.1611332e-06,2
321,5,odd,3.9634514e-07,3.751284e-06,3.871662e-08,5.516216e-07,0.999995,1.7956845e-07,4
322,6,even,3.1062777e-07,8.67159e-08,1.2879265e-08,0.99999535,4.3403647e-06,4.86047e-09,3
323,4,even,5.954335e-06,0.0007256259,0.9992661,1.7742784e-06,8.695692e-09,6.425544e-07,2
324,1,odd,0.00024978037,0.016894357,0.00025531097,0.00055235624,0.9815818,0.00046637515,4
325,0,even,1.0,1.618043e-13,1.5823384e-12,1.01385345e-10,9.730114e-17,1.514199e-11,0
326,1,odd,0.00093171606,0.0061911903,2.8011975e-05,0.00036405172,0.9921566,0.0003284041,4
327,1,odd,0.00040652018,0.0013234632,3.995924e-05,1.2807672e-05,0.9981673,4.997468e-05,4
328,6,even,1.4570406e-07,8.389085e-08,8.136069e-08,0.99999964,1.8378792e-10,3.1299074e-09,3
329,9,odd,6.5195754e-06,2.3127506e-05,0.00032460465,6.031077e-08,0.9996388,6.892608e-06,4
330,8,even,9.146047e-06,2.2110269e-06,1.7310927e-06,6.740824e-08,0.9999869,3.0438784e-08,4
331,1,odd,7.517935e-05,0.016435564,3.7246566e-06,8.008671e-05,0.98334426,6.117275e-05,4
332,4,even,5.3940676e-06,3.7131126e-06,0.99995434,3.5590732e-05,3.8733384e-07,5.9523904e-07,2
333,8,even,6.0712093e-05,0.026866559,1.0214138e-06,1.1298964e-07,0.9730602,1.1318344e-05,4
334,5,odd,0.0001706636,2.5474626e-06,6.885196e-05,0.8703621,0.12938835,7.4453205e-06,3
335,0,even,0.9999739,1.41677865e-05,9.320526e-06,7.604527e-07,2.8487918e-07,1.684302e-06,0
336,5,odd,0.77667695,7.646676e-07,0.005240355,0.02101159,0.19691028,0.00016007996,0
337,8,even,2.771397e-08,7.727978e-08,2.3601554e-09,5.135769e-09,0.9999999,4.0458774e-09,4
338,7,odd,2.9517209e-05,0.9889353,4.5333413e-06,2.2679149e-10,0.011028108,2.6212285e-06,1
339,6,even,0.0003336501,8.538741e-05,1.2238434e-05,0.99881625,0.00072965055,2.2913211e-05,3
340,1,odd,6.44803e-05,0.00011400488,1.3195669e-06,0.00010301505,0.9997111,6.0692314e-06,4
341,6,even,5.3957336e-07,1.2145547e-11,4.6875925e-08,0.9999994,2.4499841e-11,1.0712016e-10,3
342,2,even,4.218158e-07,0.99999654,4.1406025e-08,4.687118e-10,2.850135e-06,1.625764e-07,1
343,1,odd,0.0014158242,0.004682797,0.004428092,0.007887539,0.9810604,0.00052535895,4
344,5,odd,0.00023108379,2.8286242e-05,2.8543093e-06,0.00035229078,0.99937755,7.977794e-06,4
345,9,odd,6.1084836e-07,1.2979995e-06,0.9999964,3.5924237e-09,1.4736329e-06,1.8637978e-07,2
346,1,odd,3.3707547e-05,0.00034563994,7.4291383e-06,0.00020234735,0.999403,7.897242e-06,4
347,7,odd,0.00016897252,0.896551,1.9851006e-05,2.699542e-10,0.10323904,2.1123045e-05,1
348,0,even,0.99999917,2.2990284e-07,2.4466263e-07,1.6124518e-07,5.8404006e-09,2.4034722e-07,0
349,3,odd,0.22506544,0.037541706,2.1179216e-05,4.183211e-07,0.73714775,0.00022344815,4
350,3,odd,0.0024222352,0.00072346284,9.433124e-07,8.504673e-06,0.9968328,1.2151193e-05,4
351,7,odd,0.00045900547,0.0071485117,0.97507,1.4115371e-06,0.012623693,0.0046973345,2
352,5,odd,9.476333e-07,1.8435121e-07,7.748318e-09,1.7111351e-09,0.9999988,9.56359e-09,4
353,6,even,1.979751e-06,2.6391774e-07,1.8215906e-07,0.9999975,1.7516564e-07,2.9420216e-08,3
354,6,even,7.668678e-14,1.6264815e-16,6.4693124e-14,1.0,6.7888955e-20,3.5735056e-17,3
355,7,odd,3.9546725e-05,0.9997917,2.5801344e-05,6.6250877e-10,9.475192e-05,4.8229056e-05,1
356,0,even,0.99999464,2.2501298e-11,1.6436436e-09,5.312027e-06,7.4686513e-14,3.4612796e-08,0
357,5,odd,0.6749331,0.0064863614,0.00035711002,0.056669418,0.25716695,0.0043870965,0
358,0,even,0.99999976,1.5337523e-07,4.6283875e-09,6.143502e-08,1.6904533e-09,3.2608913e-08,0
359,4,even,2.4705705e-06,2.0001059e-07,0.9999645,3.151861e-05,1.2479234e-06,2.8555402e-07,2
360,1,odd,0.000402272,0.0012192329,0.0018088185,0.006055725,0.9903464,0.00016767801,4
361,2,even,0.00038129522,0.9990497,0.00043187867,4.8660913e-05,6.7802166e-06,8.1609054e-05,1
362,5,odd,3.574858e-05,5.1870742e-08,1.7187405e-08,1.1328071e-08,0.9999641,6.7426336e-09,4
363,5,odd,0.0039136186,8.502071e-05,4.3617158e-05,0.0036084866,0.9921726,0.00017675852,4
364,9,odd,3.2983269e-06,1.7150319e-07,0.9999627,1.652429e-10,3.3782217e-05,1.19020534e-07,2
365,4,even,1.7735523e-08,5.152712e-10,1.0,1.2414372e-09,9.8227915e-09,3.9822617e-10,2
366,5,odd,0.0066779293,0.0013638547,0.00034453784,0.00045790884,0.99090964,0.0002461795,4
367,1,odd,0.010979785,0.030685198,0.0008956167,0.0006211917,0.9548318,0.0019863949,4
368,9,odd,5.6661145e-07,3.9533127e-08,0.99999857,1.8667148e-08,8.848645e-07,4.284876e-08,2
369,0,even,0.9999982,1.6015765e-09,2.3718274e-08,6.6361554e-07,4.399485e-11,1.0960083e-06,0
370,2,even,3.738223e-09,1.0,5.2564153e-10,1.750726e-10,7.558961e-11,3.5933962e-09,1
371,9,odd,1.3080924e-07,3.025926e-06,0.9999968,3.9889997e-10,2.2926676e-08,9.8595734e-08,2
372,9,odd,1.8035101e-07,1.0342401e-06,0.99999,2.4282722e-11,8.67606e-06,7.254251e-08,2
373,8,even,3.908251e-08,1.4082478e-07,1.6286206e-08,2.6522947e-08,0.99999976,6.8403643e-09,4
374,4,even,6.9723254e-09,2.885654e-07,0.99999976,6.304344e-09,5.040443e-12,7.561833e-10,2
375,5,odd,0.042060766,1.2635547e-05,0.0035375985,0.9089912,0.04531924,7.859531e-05,3
376,5,odd,0.0008642125,0.9952739,0.003278053,2.7709406e-05,0.00022473802,0.0003313273,1
377,1,odd,0.0005991324,0.011033174,0.0015957225,0.0004625521,0.9856695,0.00063992915,4
378,4,even,3.216889e-07,2.0338432e-07,0.9999994,2.017477e-09,1.5092333e-07,2.5121569e-08,2
379,1,odd,0.0002548854,0.00021325496,1.6940976e-05,0.00010696832,0.99937445,3.3420583e-05,4
380,8,even,0.9819288,0.0044989297,0.0027599488,1.4251888e-05,0.0031122637,0.007685884,0
381,8,even,7.1461854e-09,1.3414799e-08,8.4014423e-10,1.2521854e-10,1.0,1.4092133e-10,4
382,8,even,3.7653825e-07,9.611692e-07,3.0608458e-09,8.9457546e-07,0.99999774,2.0837563e-08,4
383,6,even,0.017133117,9.875852e-07,0.00094116456,0.98189616,1.8296718e-05,1.0262795e-05,3
384,5,odd,0.031888496,0.00048012947,0.08141065,0.87532234,0.009263269,0.0016350843,3
385,1,odd,7.0566e-05,0.071245216,0.00012766974,1.0194184e-06,0.9284205,0.0001350349,4
386,8,even,0.00013558571,1.1471732e-05,2.0074513e-06,1.2783869e-05,0.99983597,2.180369e-06,4
387,9,odd,4.793198e-06,1.5042075e-06,0.99983335,7.559527e-09,0.00015886674,1.4508402e-06,2
388,8,even,6.8920034e-09,1.2079859e-07,9.194689e-11,2.5409564e-08,0.9999999,1.0034491e-10,4
389,4,even,4.5413428e-05,0.00013578856,0.98734516,0.012448591,4.1661163e-08,2.4905661e-05,2
390,8,even,1.4056444e-08,1.6608362e-06,1.7827647e-07,3.696855e-10,0.9999981,1.5608375e-08,4
391,9,odd,4.2558542e-05,0.00021742737,0.99026453,8.526002e-09,0.009432968,4.2659765e-05,2
392,3,odd,0.00012755819,1.4949131e-06,0.00070606376,4.5237863e-05,0.9991098,9.822864e-06,4
393,1,odd,0.00014495176,8.3841485e-05,2.9323226e-06,2.9039531e-06,0.9997614,3.883237e-06,4
394,3,odd,0.06264032,0.01274213,5.7781264e-05,4.0874624e-05,0.9240732,0.00044566026,4
395,2,even,2.0278848e-11,1.0,6.5287343e-15,9.5400814e-20,8.869646e-14,8.327865e-13,1
396,9,odd,0.0001600498,0.10725793,0.8441517,6.090253e-07,0.046640534,0.001789169,2
397,4,even,6.006037e-07,7.1525044e-08,0.9999945,4.533485e-06,7.7889176e-08,7.711223e-08,2
398,5,odd,0.00024736606,6.776055e-06,0.98922986,6.165098e-08,0.010500759,1.5085958e-05,2
399,0,even,1.0,8.342678e-10,3.0040987e-11,9.869775e-10,2.947246e-12,5.167071e-10,0
400,8,even,6.441117e-09,5.8174663e-07,1.0899279e-09,6.058985e-10,0.9999994,5.50254e-10,4
401,3,odd,4.7556092e-05,0.9999478,2.043071e-11,3.056396e-11,4.63044e-06,5.1221996e-08,1
402,7,odd,0.000108443644,0.9995597,1.2208954e-05,9.4195826e-07,0.0002636059,5.5219563e-05,1
403,8,even,6.883576e-07,1.3298959e-06,6.1480008e-09,7.482155e-09,0.999998,1.7734674e-08,4
404,5,odd,5.035263e-05,0.0009158831,3.5047676e-06,0.0011625601,0.99784017,2.7530588e-05,4
405,4,even,1.5582964e-09,3.105298e-08,1.0,9.431889e-12,3.7764366e-08,8.6083735e-10,2
406,8,even,1.7762507e-07,1.7316721e-07,1.3021646e-08,4.414477e-08,0.99999964,9.766817e-09,4
407,6,even,4.1179713e-09,1.1007002e-09,5.2473847e-08,1.0,1.1300002e-10,6.5734425e-11,3
408,7,odd,7.2946284e-05,0.9998275,4.1457442e-05,3.0967146e-11,4.6982863e-05,1.1121839e-05,1
409,0,even,1.0,2.6584908e-11,2.8139802e-10,3.8814028e-09,2.5864219e-15,4.6215867e-09,0
410,7,odd,0.034639414,0.03541563,0.8709379,2.117693e-07,0.056327105,0.0026797866,2
411,4,even,2.577544e-07,1.1400772e-06,0.99999845,4.5107612e-08,5.8062124e-08,7.809209e-08,2
412,4,even,9.740343e-09,5.0904e-07,0.9999995,4.1232487e-10,7.322705e-11,1.4827757e-09,2
413,1,odd,0.0017078872,0.24145985,0.0013024756,3.376536e-05,0.75413936,0.0013567067,4
414,1,odd,0.00036458066,0.0057433248,0.00075510755,0.0012185818,0.9917418,0.00017665919,4
415,0,even,1.0,9.821188e-15,6.1536345e-12,4.1550866e-08,1.8288062e-17,1.0012049e-10,0
416,1,odd,0.026719024,0.058877945,0.27865607,0.08849065,0.53546864,0.011787705,4
417,5,odd,0.02472633,1.2433887e-05,0.0005088878,0.74217224,0.23243168,0.00014837136,3
418,0,even,1.0,4.0391037e-15,1.40175525e-14,8.7702957e-13,8.2499206e-21,6.628114e-13,0
419,8,even,8.756702e-08,1.0436818e-06,3.1454842e-08,4.541037e-08,0.9999988,1.5810336e-08,4
420,1,odd,0.0001283698,0.0001194774,8.7443535e-05,0.0005564757,0.99907684,3.1374806e-05,4
421,1,odd,0.0021357525,0.46155024,0.0026649283,1.8710654e-05,0.53055584,0.003074498,4
422,2,even,1.008666e-05,0.9999871,2.6174896e-06,1.7869251e-11,1.0170976e-11,1.251264e-07,1
423,3,odd,0.06756092,0.3932511,0.39968514,0.0028753297,0.1263825,0.010245062,2
424,0,even,1.0,2.4224683e-18,1.1555237e-16,9.633884e-13,1.8229577e-22,1.4153312e-13,0
425,4,even,9.904387e-08,4.2883567e-08,0.9999999,1.1600486e-08,7.013788e-11,4.498275e-08,2
426,6,even,6.41174e-09,1.3378552e-10,6.331275e-10,1.0,9.982336e-12,2.640742e-11,3
427,1,odd,0.0006721658,0.008688884,0.001864628,0.0019684564,0.9864334,0.00037237932,4
428,3,odd,1.66563e-05,0.042177577,4.1091102e-08,6.527405e-08,0.9578032,2.4564367e-06,4
429,1,odd,0.0030286578,0.13524035,0.0005294987,0.0002631877,0.85919785,0.0017405476,4
430,2,even,3.4596205e-06,0.99999297,6.756285e-08,1.9327198e-08,2.375249e-06,1.0511224e-06,1
431,6,even,4.676279e-07,9.097816e-06,1.9236118e-07,0.9999895,7.7083286e-07,5.2699978e-08,3
432,6,even,2.7414708e-09,1.856539e-10,1.8485322e-10,1.0,2.1002222e-10,5.531623e-12,3
433,8,even,0.020969737,0.00039543802,2.7969352e-05,0.0014989323,0.9770041,0.000103767925,4
434,6,even,4.410449e-11,1.0334161e-10,6.126693e-10,1.0,5.868556e-13,7.315595e-13,3
435,3,odd,2.9683866e-05,0.9999703,5.523041e-10,3.661862e-13,2.8840557e-11,5.0991225e-09,1
436,9,odd,1.622697e-06,3.2924315e-06,0.9999914,2.5991708e-06,3.5264756e-07,6.734599e-07,2
437,7,odd,9.852719e-07,0.9997222,8.796883e-07,1.395764e-10,0.0002754294,5.7846063e-07,1
438,1,odd,2.9504572e-05,0.00010428067,6.601444e-05,6.1953705e-07,0.9997942,5.4204083e-06,4
439,3,odd,0.925522,0.0015437595,0.00025544612,0.00038131862,0.071803786,0.0004937218,0
440,9,odd,0.000107445725,8.193583e-05,0.99293196,3.0674098e-06,0.0067282985,0.00014724304,2
441,1,odd,0.008864505,0.067910895,0.0026294345,0.0016611746,0.9123828,0.006551244,4
442,0,even,1.0,2.793396e-11,8.694501e-12,3.2139527e-11,4.0349765e-15,6.651449e-11,0
443,5,odd,0.00018564236,0.012276112,6.406155e-08,0.00019767032,0.98726606,7.4521035e-05,4
444,3,odd,0.003971263,0.0011228787,0.0009503922,0.0001244603,0.99328786,0.0005430905,4
445,9,odd,4.0981545e-06,1.4882872e-06,0.9999869,3.2683074e-09,5.888171e-06,1.6689563e-06,2
446,3,odd,0.00011812195,0.96951026,0.00074868475,5.0736597e-09,0.029403469,0.00021946734,1
447,3,odd,0.0024653594,0.0053792247,0.0062795775,1.2080697e-08,0.98571604,0.00015978095,4
448,4,even,0.0025078617,0.0043010437,0.33244595,8.994952e-05,0.660326,0.00032918833,4
449,3,odd,7.267429e-05,0.9825165,3.5461886e-05,1.7823194e-09,0.017274598,0.0001008997,1
450,9,odd,7.2206753e-06,0.00012996393,0.9997043,1.15207985e-08,0.00015181313,6.6960806e-06,2
451,2,even,1.3042006e-08,0.9999999,1.050368e-08,1.7473192e-07,1.9934536e-08,2.8350092e-08,1
452,1,odd,3.2048367e-05,2.8628938e-05,1.4237444e-05,2.6125206e-05,0.99989355,5.371149e-06,4
453,7,odd,0.012021948,0.9595361,0.026906902,7.4951913e-07,0.0009539097,0.00058037427,1
454,9,odd,1.1629993e-06,1.9520672e-05,0.9999682,2.0251283e-09,1.0922758e-05,1.3399726e-07,2
455,1,odd,0.0032563198,0.026406154,0.12851858,0.008010466,0.8321,0.001708566,4
456,2,even,8.877203e-12,1.0,1.2421505e-12,6.204051e-12,5.1035573e-12,6.50277e-12,1
457,7,odd,0.000120569406,0.99788034,0.00036271536,4.0110595e-09,0.0014834366,0.00015299684,1
458,3,odd,0.05905106,0.0895247,0.52464443,2.6118936e-08,0.32566604,0.0011136878,2
459,6,even,0.0021218238,0.00018983443,0.00017341535,0.97492117,0.022546304,4.7410023e-05,3
460,8,even,9.99367e-08,3.8146673e-08,5.90992e-11,4.2688317e-10,0.9999999,3.5284378e-10,4
461,7,odd,0.6253227,0.0010423958,0.34808868,4.6398472e-05,0.017006999,0.008492801,0
462,1,odd,0.00031721394,0.0003090644,3.0204963e-05,6.897758e-05,0.99925333,2.1203403e-05,4
463,4,even,2.4484423e-08,4.8674337e-08,0.9999999,6.7055755e-10,3.4525453e-13,6.484535e-09,2
464,6,even,3.3205815e-06,1.5080299e-07,1.7857341e-05,0.99997723,1.3215429e-06,1.08554815e-07,3
465,9,odd,9.786444e-07,4.3170385e-06,0.9997422,1.3234164e-10,0.00025194976,5.4136865e-07,2
466,2,even,4.573344e-11,1.0,5.7661005e-13,1.9425804e-14,4.711e-11,3.910692e-11,1
467,5,odd,9.125311e-06,0.91439945,5.074913e-10,3.631983e-08,0.08559064,7.470152e-07,1
468,7,odd,0.11385955,0.7899018,0.06613925,6.119484e-07,0.026746139,0.0033527105,1
469,6,even,5.626144e-07,6.0563043e-10,1.764892e-08,0.9999994,7.7165545e-09,7.972319e-10,3
470,5,odd,0.016114293,0.14097069,0.02860952,0.19851013,0.60708463,0.008710752,4
471,9,odd,2.8103488e-05,0.00018421255,0.9997609,1.414736e-06,1.2501093e-05,1.2911888e-05,2
472,3,odd,9.6572685e-06,0.99584144,2.7724717e-08,1.0852909e-12,0.0041472325,1.6560429e-06,1
473,2,even,3.2036496e-09,1.0,2.0119094e-17,2.1135846e-17,4.4720744e-11,8.9669136e-13,1
474,7,odd,5.329879e-06,0.9997687,5.520148e-06,5.1763405e-10,0.00018394642,3.661271e-05,1
475,8,even,2.7382484e-05,3.0409867e-06,1.0910853e-06,2.389707e-07,0.9999682,1.190959e-07,4
476,5,odd,0.0026067712,3.0277652e-06,0.00053589896,1.7657161e-06,0.9968405,1.1967805e-05,4
477,6,even,2.8809594e-10,7.58323e-09,1.4977083e-08,1.0,1.119799e-12,1.1697766e-11,3
478,4,even,1.2375395e-06,2.5312731e-06,0.99999535,5.3126723e-07,1.762763e-07,2.0691323e-07,2
479,7,odd,0.06395811,0.5634258,0.26787046,2.129899e-05,0.095693156,0.009031208,1
480,5,odd,4.2359707e-07,2.2403746e-07,4.4752504e-09,1.1670614e-07,0.9999993,1.1305438e-08,4
481,1,odd,0.003268897,0.031790193,0.00077636936,0.0010602981,0.9609221,0.002182117,4
482,5,odd,0.0090763215,5.2056125e-06,0.001018405,0.95278186,0.037058212,5.9936552e-05,3
483,8,even,1.8981643e-06,6.526198e-07,8.730218e-09,4.7579043e-09,0.9999974,1.16696075e-08,4
484,5,odd,0.018570501,1.2992079e-05,0.9176318,0.053067848,0.010525602,0.00019120125,2
485,8,even,3.6407286e-07,3.7356685e-06,1.6223961e-10,1.2947767e-08,0.9999958,4.6417423e-10,4
486,7,odd,3.2637687e-05,0.8904343,0.10952309,6.963742e-07,1.0021794e-06,8.27142e-06,1
487,2,even,0.0019240394,0.5220325,0.31410694,0.10118637,0.05614067,0.004609421,1
488,9,odd,7.0753325e-05,8.815417e-05,0.9988206,7.775179e-07,0.0009901809,2.938855e-05,2
489,8,even,8.977029e-09,3.520499e-10,6.7641365e-11,4.514316e-11,1.0,3.8437815e-11,4
490,4,even,2.8162358e-05,5.952176e-07,0.99996614,3.1816605e-06,3.9501998e-08,1.8855642e-06,2
491,7,odd,0.0016803263,0.99821717,5.693764e-05,1.5121757e-09,3.5335015e-05,1.0180513e-05,1
492,5,odd,0.009706461,0.00043164924,0.021545744,0.0033939993,0.96418464,0.00073750026,4
493,4,even,1.5252238e-09,5.560794e-10,1.0,1.7017884e-10,8.527391e-12,1.3822835e-10,2
494,6,even,1.353245e-06,2.2421839e-06,2.7094664e-08,0.99998295,1.3525282e-05,2.6305717e-08,3
495,2,even,7.628509e-12,1.0,3.3206294e-13,6.14492e-12,1.0165033e-08,1.5628826e-10,1
496,1,odd,0.027020799,0.24915907,0.0003594101,0.005341666,0.71294963,0.005169431,4
497,3,odd,0.99984777,5.5317396e-05,2.7028665e-07,5.455933e-05,1.9032119e-05,2.2968507e-05,0
498,9,odd,8.381112e-05,9.502326e-05,0.9943539,1.43025325e-08,0.005434587,3.267188e-05,2
499,7,odd,3.4841985e-05,0.9998275,1.9342617e-05,1.3695061e-08,0.000107011,1.135492e-05,1
500,9,odd,0.0001823147,0.00013562644,0.727907,4.7326068e-09,0.2716341,0.00014089893,2
501,3,odd,0.7627695,0.012505661,0.00038195562,0.00010293897,0.22332227,0.00091769465,0
502,5,odd,4.48318e-06,8.7345015e-08,6.527531e-08,0.9999304,6.497034e-05,2.244742e-08,3
503,5,odd,0.00038046145,0.00022691194,0.015424031,8.286355e-08,0.9839256,4.2878513e-05,4
504,8,even,0.00018423518,3.0976164e-05,1.3194424e-06,2.9181896e-05,0.99975127,2.9347716e-06,4
505,8,even,1.4670678e-06,5.6861995e-06,3.8047494e-09,2.9693592e-09,0.99999285,2.6078071e-08,4
506,3,odd,5.1927476e-05,0.32168072,1.1573004e-05,1.1516285e-08,0.6782057,5.0007176e-05,4
507,9,odd,1.7420298e-05,5.1577535e-05,0.99985003,2.2709811e-08,7.86537e-05,2.2774618e-06,2
508,8,even,5.568084e-07,2.0994852e-05,7.84769e-07,5.3165947e-09,0.99997735,4.013303e-07,4
509,4,even,1.09572646e-07,1.0241637e-07,0.9999981,1.4062128e-06,7.71412e-08,1.5144822e-07,2
510,5,odd,0.00028531213,3.093077e-05,3.079219e-06,8.891558e-05,0.99958855,3.1992042e-06,4
511,9,odd,0.00019349206,3.9348666e-05,0.99850464,5.2828414e-05,0.0011919256,1.7787717e-05,2
512,7,odd,0.99967086,1.3590892e-06,0.00026987793,3.3595254e-05,4.0903413e-07,2.3911578e-05,0
513,8,even,0.0069070305,0.00012654022,0.0019617046,0.83099097,0.15973295,0.00028074713,3
514,3,odd,7.451864e-07,0.95254016,2.0839391e-07,9.544631e-11,0.0474563,2.5510237e-06,1
515,6,even,1.3608071e-07,8.5888445e-07,7.1760525e-08,0.9999989,4.476053e-08,6.9179156e-09,3
516,0,even,0.9999945,3.0497696e-07,1.2078505e-07,4.617026e-06,2.1446209e-07,1.570971e-07,0
517,1,odd,0.00072184077,0.2348149,0.0019131996,2.9823495e-05,0.7597822,0.0027380108,4
518,6,even,1.3306017e-11,6.3549934e-12,1.7637733e-11,1.0,5.744864e-15,2.7421487e-14,3
519,7,odd,5.630953e-05,0.999943,2.8787381e-08,4.369172e-11,3.5793124e-07,3.144729e-07,1
520,2,even,1.501185e-13,1.0,3.7336247e-14,1.4574759e-13,3.1064618e-14,5.3576577e-13,1
521,0,even,1.0,1.6180399e-13,1.4616681e-10,2.3347513e-09,1.7113529e-16,1.4715117e-10,0
522,6,even,0.00014448694,1.9702445e-06,0.00012583005,0.99972636,1.3339696e-08,1.2674718e-06,3
523,2,even,0.00034198604,0.00039014895,0.8863222,0.009431478,0.10329365,0.00022059094,2
524,9,odd,4.0833114e-05,1.4067057e-05,0.9999131,7.472792e-09,2.9864175e-05,2.0210493e-06,2
525,1,odd,0.003761729,0.038071748,0.00085907476,0.0004910088,0.9546523,0.0021641569,4
526,3,odd,0.00018363583,0.0009689299,3.0553623e-05,5.6047655e-05,0.99871564,4.5260527e-05,4
527,8,even,1.719402e-08,3.0641953e-08,5.6961447e-08,1.4310282e-10,0.9999999,1.8186215e-09,4
528,6,even,1.2295982e-08,8.393607e-10,1.693167e-07,0.99999976,2.4297773e-12,2.9339722e-10,3
529,9,odd,0.0023391023,0.007156001,0.9870904,0.0005981004,0.002447084,0.0003693871,2
530,4,even,2.6754183e-06,6.698396e-05,0.99954885,9.02748e-06,0.00037154122,8.3526885e-07,2
531,7,odd,0.120741576,0.4469865,0.42931846,1.7550933e-06,0.0012743304,0.0016773713,1
532,7,odd,4.795141e-07,0.9999682,7.9776456e-08,2.2880327e-08,3.0479216e-05,6.9356906e-07,1
533,3,odd,0.0074117524,0.5191896,0.082786076,6.878557e-07,0.38185745,0.00875432,1
534,7,odd,0.0015459245,0.9903258,0.005203681,2.7556123e-08,0.002167451,0.00075708993,1
535,6,even,1.9447958e-08,2.750563e-09,5.0184767e-08,0.9999999,7.199516e-12,3.2405706e-10,3
536,3,odd,0.031198218,0.925356,8.775776e-05,7.464662e-06,0.042138357,0.0012121988,1
537,4,even,3.1783195e-05,2.3589428e-06,0.99989724,6.5980406e-05,1.2361602e-07,2.4713775e-06,2
538,3,odd,0.00012498336,0.00010267692,2.7306583e-06,2.0602938e-07,0.9997669,2.540658e-06,4
539,9,odd,7.2070097e-06,2.3111505e-07,0.9999614,3.9067258e-10,3.0897812e-05,3.2214115e-07,2
540,9,odd,0.00033865514,0.0074748597,0.95320874,4.810448e-07,0.038894363,8.286155e-05,2
541,9,odd,0.00075619295,0.00018569767,0.9985495,0.0003829984,1.8323122e-05,0.00010724003,2
542,7,odd,6.8231807e-06,0.006725644,0.9930061,1.8157105e-10,0.00020636697,5.5012122e-05,2
543,1,odd,0.0007349656,0.034344427,0.000107471,0.00096357754,0.9633778,0.00047182664,4
544,9,odd,3.113392e-06,5.263566e-06,0.99998987,6.6443757e-09,1.4561103e-06,3.3070262e-07,2
545,9,odd,3.509988e-05,8.485981e-05,0.01886182,5.3071737e-08,0.98100615,1.2011692e-05,4
546,7,odd,0.008749867,0.92230225,0.023465613,2.9943448e-07,0.0429838,0.0024981461,1
547,0,even,1.0,3.2551561e-12,5.6017376e-13,3.42382e-11,1.5078863e-16,4.5710793e-10,0
548,3,odd,0.7178044,0.0016841673,0.00041860927,0.25875878,0.020132637,0.0012014124,0
549,4,even,2.3751308e-09,7.3163777e-09,1.0,2.353111e-10,4.6383297e-09,8.9550656e-10,2
550,2,even,1.20061046e-08,0.9999995,7.580092e-08,2.7223618e-07,5.5464433e-08,1.4878427e-07,1
551,0,even,1.0,7.740759e-14,5.4516775e-14,1.2361887e-10,1.6423624e-15,1.0710463e-11,0
552,3,odd,3.381902e-05,0.96790844,2.6990116e-07,1.8915073e-07,0.03204488,1.2390856e-05,1
553,5,odd,2.1977442e-06,1.5371828e-06,2.8118352e-09,1.7236387e-05,0.9999789,6.6823205e-08,4
554,6,even,4.0483587e-06,2.9328826e-06,4.5670947e-07,0.99999046,2.0161212e-06,1.02711375e-07,3
555,9,odd,9.216917e-06,0.003533263,0.9949726,2.124547e-07,0.0014760041,8.654002e-06,2
556,8,even,1.2956765e-08,1.013089e-08,1.23513925e-11,1.13539855e-11,1.0,3.031127e-11,4
557,0,even,1.0,2.7143559e-14,6.4400355e-14,5.2938407e-11,4.293797e-17,5.829468e-12,0
558,5,odd,5.2051913e-05,4.307144e-05,1.3595735e-05,1.5045684e-06,0.9998826,7.101756e-06,4
559,2,even,4.4928888e-13,1.0,1.6025503e-14,4.8306834e-14,8.920872e-13,1.4672921e-12,1
560,2,even,1.0753367e-11,1.0,9.539971e-13,1.6577207e-15,3.0795502e-13,1.3445235e-11,1
561,5,odd,0.13170594,0.0113290725,0.03333117,0.00077447324,0.82106316,0.0017961251,4
562,7,odd,0.020212589,0.08657733,0.37970528,5.755689e-07,0.50909835,0.0044059125,4
563,7,odd,6.8104215e-05,0.99579513,0.00031258675,4.4486115e-10,0.0038062779,1.7936733e-05,1
564,5,odd,0.020516245,7.265378e-05,0.005159417,0.008024449,0.96549684,0.0007304314,4
565,1,odd,0.0015686661,0.30343124,0.026242837,5.9691043e-05,0.66379803,0.004899567,4
566,3,odd,0.019631872,0.46733838,1.2160886e-05,6.0648035e-06,0.5122402,0.000771371,4
567,8,even,1.2021796e-07,4.157749e-06,8.4118607e-10,6.8246075e-09,0.9999957,1.17259695e-08,4
568,4,even,1.3482923e-09,8.845594e-09,1.0,8.708974e-12,9.700926e-10,2.1354617e-10,2
569,3,odd,3.4951577e-06,0.00049829145,3.1095455e-09,8.463265e-10,0.99949825,1.7063565e-08,4
570,4,even,1.4368578e-05,0.9997875,7.991684e-06,0.00014379786,4.0767987e-05,5.491195e-06,1
571,3,odd,4.6903784e-07,0.00051277434,9.3534084e-07,1.3607445e-09,0.999485,7.854052e-07,4
572,1,odd,0.0014103932,0.0022960538,0.00083680183,0.0015846955,0.99337864,0.00049329305,4
573,7,odd,0.17569642,0.82380164,0.0003347893,2.2094637e-09,5.638505e-06,0.0001615952,1
574,8,even,5.202881e-10,1.9695923e-10,3.846987e-11,2.6308866e-12,1.0,4.569323e-12,4
575,2,even,2.3527818e-15,1.0,3.4249555e-19,1.9561232e-20,4.6605827e-19,2.2121476e-16,1
576,9,odd,8.498424e-07,4.7812737e-06,0.9999708,2.3033508e-08,2.2850023e-05,6.697089e-07,2
577,7,odd,0.11606852,0.7969906,0.0022771552,2.413827e-07,0.08310307,0.0015603907,1
578,5,odd,0.948494,0.0010325493,0.029083071,0.01870184,0.00059825234,0.0020902427,0
579,4,even,1.9255218e-07,3.3988197e-08,0.99999964,1.6297733e-08,2.5697211e-08,8.067443e-08,2
580,1,odd,0.0008207164,0.026570959,0.0007293318,0.00015155067,0.97089607,0.0008313384,4
581,1,odd,0.0001640844,3.3038606e-05,6.0804896e-06,0.00047088263,0.99932146,4.5533384e-06,4
582,0,even,0.9999957,1.1855883e-09,2.8808491e-09,4.0765726e-06,1.1144408e-10,2.7851914e-07,0
583,9,odd,0.00025398092,2.2129201e-05,0.9996426,2.4261698e-07,7.682439e-05,4.1579733e-06,2
584,1,odd,0.0006329113,0.025857586,0.00020658408,1.9965276e-07,0.97324127,6.1484374e-05,4
585,8,even,0.00078825926,0.05442349,4.6383164e-05,0.0035800645,0.94103223,0.0001296057,4
586,7,odd,6.156318e-05,0.99993825,1.7367817e-07,6.672556e-13,3.0127514e-10,1.2011124e-07,1
587,6,even,7.3354606e-10,2.3255889e-11,7.452598e-10,1.0,3.9327357e-11,1.7276731e-12,3
588,3,odd,2.3145261e-05,2.354595e-06,2.7172536e-07,5.552118e-10,0.99997413,1.1980813e-07,4
589,9,odd,1.706081e-06,2.3828559e-06,0.9999784,6.499161e-11,1.7133083e-05,3.0454365e-07,2
590,2,even,1.3735859e-15,1.0,6.121672e-17,3.500765e-18,3.5473138e-13,3.9519438e-13,1
591,6,even,7.538375e-07,1.6738195e-08,8.244987e-07,0.99999845,8.612335e-10,9.108613e-09,3
592,8,even,2.1934751e-08,6.856336e-07,1.380961e-08,4.1293785e-10,0.9999993,1.1798362e-08,4
593,9,odd,9.934606e-06,8.240392e-06,0.99983704,7.750907e-09,0.00013999977,4.7439785e-06,2
594,5,odd,9.40439e-08,9.594966e-07,2.4438607e-09,5.718264e-07,0.99999833,1.3167134e-08,4
595,9,odd,5.9436165e-06,4.479919e-06,0.9999846,5.1931084e-07,3.3573813e-06,1.1928433e-06,2
596,5,odd,0.0017789027,1.7119666e-05,0.00045188097,0.1557629,0.8419254,6.38636e-05,4
597,7,odd,0.74636763,1.1239744e-05,0.25360796,1.776831e-08,5.6521475e-07,1.265991e-05,0
598,7,odd,0.0117521975,0.98091644,0.0067626485,3.359678e-08,2.763833e-06,0.00056579825,1
599,2,even,1.2889673e-15,1.0,4.1079816e-18,7.5127144e-17,4.8031024e-14,1.6026817e-14,1
600,4,even,7.380465e-11,3.4144714e-09,1.0,1.14640745e-11,1.9734767e-10,3.8392112e-10,2
601,6,even,3.5911e-05,1.8737721e-07,1.1990476e-06,0.99993396,2.8404449e-05,3.5495876e-07,3
602,7,odd,0.017617656,0.98014396,0.0011710481,8.691082e-09,0.00072206033,0.00034530868,1
603,7,odd,0.002226847,0.80281806,0.14777385,1.7897579e-05,0.045924217,0.0012391871,1
604,3,odd,0.980644,0.01935417,3.9698392e-08,2.1212692e-08,8.088421e-08,1.707532e-06,0
605,8,even,4.5096225e-09,6.8655277e-09,9.14364e-11,3.4372727e-11,1.0,5.6721006e-11,4
606,3,odd,0.01563826,0.0065297885,6.845659e-06,3.711457e-06,0.9776994,0.00012207811,4
607,3,odd,1.8605654e-06,0.00095085095,1.347048e-10,2.3140957e-10,0.9990472,1.3238656e-08,4
608,6,even,1.004813e-10,1.868625e-10,1.7945934e-10,1.0,2.0241266e-13,1.1717902e-12,3
609,8,even,0.032259062,5.745785e-06,2.1594102e-05,0.0016958961,0.96600837,9.298018e-06,4
610,2,even,2.0681963e-15,1.0,1.6142974e-17,8.345143e-18,1.5435729e-14,5.046124e-14,1
611,6,even,0.00087734486,4.6011027e-07,1.5025023e-06,0.9991154,4.3935675e-06,7.900313e-07,3
612,1,odd,0.002480384,0.0012735307,0.34645802,0.0058072824,0.643286,0.0006948157,4
613,9,odd,3.3275763e-05,2.0560869e-05,0.9999323,4.128961e-06,5.5850187e-06,4.003026e-06,2
614,3,odd,0.0007710883,0.0067326077,3.2332153e-07,1.8075603e-07,0.99249214,3.6644212e-06,4
615,8,even,0.00021980319,2.7334409e-05,1.5377014e-05,1.4784433e-05,0.9997187,3.9875104e-06,4
616,0,even,1.0,8.914938e-16,9.168004e-14,2.6753147e-13,6.0256056e-20,2.2064899e-11,0
617,3,odd,0.8816633,0.10564735,1.9568473e-07,4.1255663e-07,0.012643434,4.5288147e-05,0
618,5,odd,0.9977458,2.0216396e-07,2.7977972e-05,2.2224785e-05,0.0021732468,3.0395127e-05,0
619,0,even,1.0,2.8348076e-13,8.010044e-11,3.5719123e-09,4.564575e-16,6.553454e-10,0
620,8,even,2.580749e-05,4.341655e-05,5.77857e-06,2.7572723e-05,0.9998878,9.573721e-06,4
621,6,even,1.7712594e-09,1.0773189e-09,7.6495554e-10,1.0,4.6521825e-11,2.0049589e-11,3
622,6,even,4.602109e-10,1.7333536e-12,3.6113756e-10,1.0,7.6449936e-13,5.5485483e-13,3
623,9,odd,0.00014638457,1.1985258e-05,0.99983764,3.0640035e-07,1.6752575e-06,1.9267943e-06,2
624,2,even,1.424226e-18,1.0,2.1246898e-19,1.1303997e-20,2.6464905e-18,3.941457e-17,1
625,5,odd,0.089934796,0.00024009202,0.016885644,0.13473429,0.7565127,0.0016924335,4
626,3,odd,6.158969e-07,7.096306e-06,9.436059e-09,1.2307139e-10,0.99999225,2.7744488e-08,4
627,0,even,0.9999988,1.3896234e-13,2.5691385e-10,1.2367451e-06,5.842768e-14,4.9981694e-09,0
628,7,odd,0.0020611985,0.74159396,0.10720523,3.7895043e-09,0.1481494,0.0009903485,1
629,2,even,2.2004765e-06,0.9997918,0.00019553627,8.615064e-08,2.79438e-06,7.5726302e-06,1
630,5,odd,1.0648467e-06,6.5269626e-07,4.316289e-09,1.1455196e-08,0.9999982,3.767392e-09,4
631,7,odd,9.476103e-05,3.3167307e-06,0.99989927,8.2234775e-11,1.6937569e-06,9.53721e-07,2
632,8,even,1.1442233e-06,2.1564621e-05,2.1740594e-07,3.863382e-06,0.99997306,1.5674149e-07,4
633,5,odd,0.007545848,3.021883e-05,0.72885156,0.0019508548,0.26143417,0.00018733644,2
634,2,even,4.619117e-10,1.0,1.678199e-11,5.390906e-11,2.328313e-08,2.7143214e-09,1
635,7,odd,2.1429669e-05,7.761852e-06,0.9923052,1.2174485e-10,0.007650223,1.5391466e-05,2
636,2,even,9.860168e-12,1.0,7.5442795e-16,1.5542984e-16,6.350807e-10,1.0825311e-11,1
637,6,even,3.9933e-09,1.0034082e-08,1.1932302e-08,1.0,6.066737e-10,1.2233092e-10,3
638,9,odd,1.4976526e-07,1.7024126e-06,0.9998497,1.5931634e-11,0.0001476096,7.8841634e-07,2
639,3,odd,0.010482135,0.00016520983,0.9869817,7.129125e-05,0.0020487441,0.00025093902,2
640,0,even,0.9999993,2.5529512e-10,4.018098e-09,3.8242464e-07,8.805192e-12,4.0110757e-07,0
641,3,odd,0.0009389249,0.000342315,0.044501375,1.7913715e-05,0.9509291,0.0032702875,4
642,9,odd,0.0045691975,0.00016178955,0.9329852,1.2019761e-06,0.062250033,3.2557527e-05,2
643,3,odd,0.00029876252,0.00019858949,1.3972563e-05,0.0007223485,0.99874985,1.6483875e-05,4
644,9,odd,1.3870854e-07,9.248845e-09,0.9999969,1.3667062e-11,3.0310214e-06,3.9276998e-08,2
645,4,even,7.1157187e-09,3.674945e-08,1.0,1.6251656e-10,4.1179873e-09,1.1893192e-09,2
646,9,odd,1.4215784e-05,6.389377e-06,0.9778546,3.972449e-08,0.022118557,6.208989e-06,2
647,3,odd,0.10629828,0.8935997,7.731793e-07,1.7463962e-07,7.297633e-05,2.8083252e-05,1
648,6,even,7.730542e-12,4.0548135e-14,4.6543993e-12,1.0,2.4015685e-14,5.654396e-15,3
649,8,even,9.4350986e-07,2.1190672e-05,0.0007813666,2.9716844e-07,0.9991936,2.5994088e-06,4
650,0,even,0.9990878,2.7887859e-09,7.668449e-07,0.00091096334,7.541131e-10,4.4387298e-07,0
651,9,odd,1.9162431e-05,3.3981338e-05,0.9999366,3.4352885e-07,8.910314e-06,9.664193e-07,2
652,2,even,4.0971152e-13,1.0,2.5245036e-15,1.3829385e-16,4.2062808e-11,1.8731084e-12,1
653,8,even,0.021887494,0.011673175,0.00029954285,0.011803292,0.95415163,0.00018477721,4
654,3,odd,0.99682033,0.00077209144,8.5829306e-05,7.637538e-05,0.0020956404,0.00014968468,0
655,1,odd,0.000104057086,0.00019179352,4.493232e-06,3.9756214e-05,0.99964476,1.5083959e-05,4
656,6,even,4.4320925e-09,8.305094e-11,3.3908462e-10,1.0,2.1088555e-11,7.732356e-12,3
657,6,even,1.0257329e-08,2.4234115e-10,6.049006e-08,0.9999999,7.6926264e-11,7.39866e-11,3
658,9,odd,5.4550394e-05,5.533973e-05,0.99978226,6.7705405e-06,8.871349e-05,1.240353e-05,2
659,6,even,3.277328e-12,2.3090101e-11,1.3061971e-12,1.0,2.0029615e-13,1.3181415e-14,3
660,0,even,1.0,4.7908904e-13,6.3859955e-14,4.5272522e-14,2.6007427e-19,2.9332593e-12,0
661,7,odd,0.009583874,3.782291e-05,0.98957634,2.030609e-09,0.0007508431,5.1115177e-05,2
662,5,odd,0.00161417,5.0181963e-05,0.00185979,0.56375176,0.4325482,0.00017593174,3
663,4,even,1.7594523e-06,1.12068e-06,0.9999956,5.757189e-08,1.347029e-06,2.2939827e-07,2
664,4,even,2.7247563e-07,1.0216375e-07,0.99999845,1.8021076e-08,1.0241617e-06,1.4478844e-07,2
665,0,even,1.0,4.9370824e-16,1.1562788e-14,7.978907e-11,1.5706982e-20,9.113323e-12,0
666,8,even,2.9407256e-06,7.501837e-05,3.636352e-07,2.1695339e-08,0.9999212,4.3582574e-07,4
667,5,odd,0.019061763,0.0009099696,0.00033582115,0.00079051766,0.9785881,0.00031381843,4
668,5,odd,1.0500537e-06,2.5599775e-06,5.2462745e-08,1.7588084e-07,0.9999962,5.7021243e-08,4
669,0,even,0.9998411,1.3372613e-08,1.1779572e-07,0.00015843131,1.3391942e-11,3.52062e-07,0
670,7,odd,0.9967355,5.996008e-10,0.0032504427,1.5460053e-07,2.3232024e-11,1.3935608e-05,0
671,4,even,2.01776e-08,3.447889e-08,1.0,3.472544e-09,3.3305123e-09,3.0244542e-09,2
672,0,even,0.9999771,7.2440015e-10,2.8858222e-09,2.2561308e-05,5.090768e-10,3.1798496e-07,0
673,2,even,0.3584199,0.0062157563,0.004473544,0.13044104,0.4974109,0.0030388418,4
674,3,odd,0.0011989068,0.005877807,1.1619259e-07,3.005814e-08,0.9929212,1.960924e-06,4
675,4,even,5.087985e-07,1.15602625e-05,0.9999877,2.3447157e-08,1.7395135e-07,1.6446326e-07,2
676,6,even,7.4405575e-09,2.9522369e-08,4.2897215e-09,1.0,1.07546385e-11,1.1230385e-10,3
677,5,odd,0.99983346,4.394972e-06,9.863302e-07,2.7770788e-08,0.00015847165,2.57953e-06,0
678,2,even,7.42876e-09,1.0,1.645408e-10,2.9722884e-12,9.3168716e-11,1.8166838e-09,1
679,9,odd,0.00010778253,0.00057106937,0.99724686,1.9357763e-07,0.0020426097,3.1543885e-05,2
680,6,even,0.1070886,0.092590764,4.1594933e-05,0.7921211,0.007483034,0.00067487726,3
681,1,odd,0.0007904776,0.000841017,1.9401947e-05,0.0026847445,0.9955929,7.1404545e-05,4
682,1,odd,0.0014983881,0.0014837503,0.0015275406,0.07538804,0.9197808,0.00032148964,4
683,0,even,1.0,6.5808044e-19,3.2473051e-16,1.0072022e-13,1.3392045e-23,8.559733e-13,0
684,3,odd,0.20419833,0.0029964333,0.0003214225,0.0004572751,0.7909472,0.0010792747,4
685,1,odd,0.00030405543,0.0006976239,4.666809e-07,6.909833e-06,0.99898523,5.762017e-06,4
686,7,odd,8.53167e-08,0.9999999,6.9963413e-10,2.1531993e-14,5.503983e-09,5.3293747e-09,1
687,7,odd,0.016668042,0.22997098,0.13453802,2.1531048e-07,0.6125945,0.0062282328,4
688,0,even,1.0,3.5990926e-11,1.9956991e-11,2.0737052e-09,3.4039045e-13,2.6296204e-10,0
689,1,odd,3.3198202e-07,0.9700833,1.2476116e-07,4.6279434e-09,0.029912971,3.2779392e-06,1
690,0,even,0.9999727,4.0021965e-07,2.3327492e-07,2.5725247e-05,4.3612465e-07,4.3764922e-07,0
691,4,even,2.314536e-07,2.2307583e-08,0.9999908,3.1086003e-08,8.884237e-06,1.3281017e-08,2
692,6,even,3.3990588e-09,4.6218313e-10,1.267619e-08,1.0,1.0451278e-09,3.870915e-11,3
693,8,even,2.3615739e-08,5.859175e-07,2.787682e-08,1.9749065e-10,0.9999994,1.2849742e-09,4
694,5,odd,0.00058008137,4.3228792e-06,0.0037716762,1.3659499e-07,0.99564195,1.8263942e-06,4
695,3,odd,0.009393739,0.9627448,0.00010841559,1.182832e-05,0.026775561,0.00096561445,1
696,1,odd,0.000168153,0.0027819322,4.6344634e-05,0.0010487965,0.99585944,9.531872e-05,4
697,3,odd,0.00015069071,3.9965216e-05,0.8259384,3.7228504e-06,0.17254388,0.0013234024,2
698,4,even,1.3591511e-05,5.744828e-05,0.9999285,1.6270616e-07,6.6821606e-08,2.3047751e-07,2
699,5,odd,4.012373e-05,2.1049173e-06,9.131697e-09,0.9932956,0.006661672,4.6057266e-07,3
700,0,even,1.0,1.4580016e-13,1.4182531e-12,9.880831e-10,1.8227546e-16,5.5892995e-11,0
701,5,odd,0.7662154,0.09906552,0.0010348563,0.0140943015,0.11816891,0.0014209308,0
702,3,odd,0.054087184,0.0042995145,0.0030385195,0.00232118,0.93365663,0.002596939,4
703,5,odd,0.46625078,0.000439644,0.13850021,0.019651815,0.37159476,0.0035627421,0
704,4,even,3.6712674e-08,2.1796888e-08,1.0,1.511491e-09,1.37947715e-08,6.079099e-09,2
705,4,even,4.1496926e-07,2.2086603e-08,0.9999975,9.513881e-07,1.0937302e-06,4.1592054e-09,2
706,9,odd,4.0752067e-05,5.730653e-05,0.9998299,4.4501292e-07,5.584727e-05,1.5634614e-05,2
707,4,even,2.8089064e-06,1.4312305e-07,0.99999475,1.01857324e-07,2.1433816e-06,5.3682918e-08,2
708,6,even,4.271793e-08,8.516367e-09,1.9871482e-08,0.9999999,3.3803715e-10,1.83436e-10,3
709,5,odd,0.01855704,0.0018757747,0.0002570136,0.0004699918,0.97831434,0.0005258561,4
710,0,even,0.99999714,3.1831534e-11,8.369175e-10,2.8569752e-06,2.3944425e-12,6.995445e-09,0
711,5,odd,2.6027126e-07,2.3787112e-07,7.383013e-10,1.870787e-08,0.9999995,3.8084336e-09,4
712,4,even,4.108831e-09,1.3554526e-09,1.0,1.595703e-10,1.5579882e-08,1.0546777e-09,2
713,2,even,1.6607227e-07,0.9999989,1.0268086e-08,1.2924534e-09,7.059966e-07,2.4922127e-07,1
714,8,even,2.1741382e-06,2.147938e-06,2.1909175e-07,2.6393343e-08,0.99999547,3.787644e-08,4
715,7,odd,0.13997771,0.75524324,6.79022e-05,1.1487583e-08,0.10460272,0.000108454435,1
716,1,odd,0.00020983744,0.0016638156,0.00024680677,1.8055654e-05,0.9977412,0.00012024891,4
717,1,odd,0.00043148076,0.0064385887,3.7931633e-05,3.609586e-05,0.99297005,8.587571e-05,4
718,3,odd,2.4260141e-06,0.98719215,2.2788682e-10,3.5929532e-10,0.012805238,1.0007589e-07,1
719,5,odd,0.013307477,8.997996e-05,0.0008059528,0.022110676,0.9632779,0.0004080372,4
720,8,even,1.2041402e-05,1.678978e-05,1.7073048e-06,1.390828e-07,0.99996877,6.497668e-07,4
721,3,odd,0.010501069,0.017832275,0.0001577052,0.0007602681,0.96976817,0.000980611,4
722,0,even,1.0,1.6015569e-18,6.64083e-17,9.220127e-13,1.0700643e-22,1.3901924e-13,0
723,4,even,1.7320021e-08,5.1383564e-09,1.0,9.6482475e-09,3.8134929e-10,4.873907e-09,2
724,0,even,0.99999976,2.551295e-12,7.752741e-10,1.0137271e-07,7.090036e-15,8.305913e-08,0
725,0,even,1.0,1.8828846e-15,2.914125e-13,2.7996367e-11,2.1803017e-18,1.0481535e-10,0
726,6,even,1.0898457e-06,1.1124061e-07,4.937685e-06,0.9999939,3.0087357e-08,2.3032634e-08,3
727,6,even,4.547055e-09,5.000578e-09,1.2451767e-07,0.9999999,4.736721e-12,1.8172717e-10,3
728,5,odd,0.9685642,0.003105626,0.00029452686,0.0021219752,0.02552229,0.00039142562,0
729,7,odd,6.041274e-08,0.999995,7.352493e-08,8.823765e-12,4.1900917e-06,6.2704726e-07,1
730,2,even,0.000115043156,0.8827784,0.10630092,1.9505158e-06,0.010713112,9.0592526e-05,1
731,2,even,7.153816e-18,1.0,8.154317e-18,1.9511257e-17,3.0122316e-13,2.6698336e-14,1
732,8,even,1.1933009e-06,1.5823948e-06,1.2230225e-08,6.185107e-08,0.99999714,4.4709513e-08,4
733,0,even,1.0,5.4427633e-14,1.6650234e-13,2.459302e-11,2.9755086e-17,1.8316543e-10,0
734,2,even,8.781514e-16,1.0,9.691453e-22,1.8966908e-21,2.2750844e-16,4.3289928e-17,1
735,2,even,0.00058092416,0.9992212,1.0706954e-05,5.0307666e-05,7.3500814e-05,6.342271e-05,1
736,1,odd,4.0533763e-05,0.00012785794,1.2683796e-05,0.00012604988,0.9996847,8.190742e-06,4
737,8,even,8.404058e-09,1.1868433e-07,2.3303555e-09,4.0383873e-11,0.9999999,1.5202391e-10,4
738,9,odd,1.1232185e-05,0.00022863637,0.9993692,1.4260169e-08,0.00038921597,1.8252679e-06,2
739,0,even,1.0,4.8132965e-12,1.7453948e-10,4.0055665e-09,5.407419e-13,1.5529912e-09,0
740,1,odd,2.9697307e-05,0.00013096744,2.219912e-06,7.6754775e-05,0.99975353,6.840543e-06,4
741,7,odd,5.3189233e-05,0.9527192,0.008194931,5.3397344e-09,0.038900025,0.00013264258,1
742,3,odd,0.97240305,0.0020370043,5.664705e-05,1.0133125e-05,0.025330374,0.00016280741,0
743,2,even,3.2856246e-10,1.0,1.3922355e-13,4.814021e-16,4.3895767e-15,1.2069524e-12,1
744,7,odd,7.0535985e-05,0.99754983,0.0013280162,2.1533745e-11,0.0009665564,8.500017e-05,1
745,9,odd,5.317158e-06,5.240494e-07,0.999992,7.869614e-11,2.0658947e-06,9.606492e-08,2
746,0,even,1.0,7.741047e-12,3.2872777e-11,4.4223327e-08,1.8249212e-13,3.9256425e-09,0
747,7,odd,0.62845975,4.1250034e-05,0.37119746,2.442413e-07,0.00019885875,0.00010237699,0
748,0,even,0.9999995,4.2164505e-10,2.3544594e-08,4.1918588e-07,4.8304714e-13,3.806453e-08,0
749,2,even,3.4049922e-15,1.0,2.2512802e-18,3.3220798e-17,4.809668e-17,9.520868e-16,1
750,3,odd,2.4632436e-06,0.00020366024,8.1055657e-07,2.6181493e-07,0.9997925,3.4592748e-07,4
751,3,odd,0.0003632935,0.0018666591,0.0005595824,4.249347e-05,0.9971022,6.572366e-05,4
752,4,even,3.3515394e-07,7.4666895e-07,0.9999945,3.7249304e-08,4.2096435e-06,1.9294237e-07,2
753,9,odd,2.8130085e-06,5.7542925e-06,0.9999912,2.44687e-09,6.0382554e-08,6.1801636e-08,2
754,5,odd,0.0010823112,7.0033166e-05,3.2040595e-07,1.0403928e-06,0.99883634,9.973889e-06,4
755,5,odd,0.027808193,0.0011669867,0.00019063064,0.00011789221,0.9705377,0.000178532,4
756,5,odd,0.9999987,2.064519e-07,9.328712e-09,2.5488083e-07,2.65321e-10,8.6708536e-07,0
757,0,even,1.0,1.5773575e-12,5.941247e-12,8.2319485e-11,1.0313022e-16,5.0217464e-10,0
758,9,odd,0.0008414054,0.0009513002,0.97014207,4.9369414e-06,0.027838316,0.00022188186,2
759,9,odd,6.584002e-05,7.2650844e-05,0.9964964,1.2154861e-08,0.0033576742,7.540115e-06,2
760,4,even,1.4260277e-07,0.00020162477,0.99979764,5.6697854e-07,2.0538753e-11,2.745171e-08,2
761,8,even,9.049822e-05,1.7798046e-05,2.77537e-05,8.282702e-10,0.999863,9.2103255e-07,4
762,7,odd,5.362419e-05,0.99967885,0.00014917589,5.7110716e-10,9.471486e-05,2.354188e-05,1
763,0,even,0.9999938,9.5436846e-08,4.847744e-06,1.6589064e-07,4.4597895e-11,1.090537e-06,0
764,5,odd,8.491498e-06,1.9749824e-07,4.789247e-07,1.9840703e-05,0.99997044,5.927454e-07,4
765,7,odd,0.036150303,0.08030742,0.87840337,1.09241e-06,0.003178735,0.0019591774,2
766,4,even,5.156428e-10,6.647568e-11,1.0,1.2227996e-08,1.9454544e-10,9.246664e-10,2
767,8,even,0.00036344238,2.254814e-06,0.00010983963,1.1238511e-06,0.9995216,1.8357977e-06,4
768,3,odd,9.21845e-06,1.3762671e-05,0.9977494,5.61938e-06,0.0021769325,4.512477e-05,2
769,1,odd,0.00041732774,0.9696173,0.0011706279,0.00016983814,0.025395317,0.0032296232,1
770,4,even,2.168791e-07,2.1120208e-07,0.9999968,8.4814803e-07,6.6226726e-09,1.9223983e-06,2
771,9,odd,2.7493184e-06,4.9700097e-06,0.9991685,1.687851e-08,0.00082202285,1.839535e-06,2
772,2,even,3.3633706e-12,1.0,8.441593e-15,6.686925e-15,2.3415563e-13,1.3841395e-12,1
773,9,odd,0.98188055,0.0069845146,3.6637462e-05,5.6734876e-07,0.010998605,9.901535e-05,0
774,9,odd,4.255337e-06,3.217909e-07,0.99999404,1.2295691e-06,4.689407e-09,1.9950176e-07,2
775,8,even,5.038046e-10,5.897372e-09,4.9146325e-14,1.6777375e-12,1.0,3.24604e-13,4
776,9,odd,0.00022756562,9.9953184e-05,0.8616035,3.8605307e-05,0.13800429,2.6079817e-05,2
777,2,even,3.4968256e-05,0.99996126,2.2192341e-06,7.714434e-09,1.7284435e-08,1.514433e-06,1
778,9,odd,0.00037737493,0.0029730275,0.19375573,3.9915434e-05,0.80268574,0.00016825936,4
779,6,even,9.349359e-07,9.070909e-11,3.0145038e-06,0.99999607,3.2637303e-11,6.395528e-10,3
780,8,even,1.054181e-09,7.894822e-09,4.25658e-10,5.8172307e-11,1.0,1.12552606e-10,4
781,6,even,1.0234285e-09,3.1282223e-11,6.2916605e-09,1.0,2.3843822e-12,7.796793e-12,3
782,3,odd,5.00093e-07,0.00019977546,7.1469874e-09,1.8031732e-11,0.99979955,2.0544967e-07,4
783,0,even,1.0,1.5416111e-13,2.9868528e-13,9.800264e-12,3.9355222e-17,4.1281644e-12,0
784,2,even,2.7837954e-09,0.9999932,1.4756267e-11,2.211092e-11,6.7942283e-06,1.0808934e-08,1
785,1,odd,0.011516282,0.455324,0.0149918385,0.00095011684,0.5041721,0.013045706,4
786,2,even,1.1053934e-10,1.0,1.4584361e-12,1.25323e-13,8.6239575e-09,5.871711e-10,1
787,5,odd,0.99890065,3.7901748e-06,4.525307e-05,2.647155e-06,4.5085675e-05,0.0010024994,0
788,0,even,1.0,2.4140391e-16,1.0380124e-15,4.1479598e-12,9.185848e-20,4.9349625e-13,0
789,2,even,3.2012593e-10,0.9999999,5.1011157e-15,4.9902174e-14,8.221542e-08,3.34188e-11,1
790,8,even,7.322892e-05,2.6321211e-05,1.0886911e-06,8.268313e-08,0.999899,1.988173e-07,4
791,8,even,6.883115e-06,6.5395534e-07,7.760129e-09,2.7362587e-08,0.9999924,1.005909e-08,4
792,2,even,1.6495224e-07,0.9999286,8.4176033e-10,9.5061705e-07,6.999732e-05,4.0355627e-07,1
793,3,odd,5.3885938e-06,0.95211905,5.9295076e-07,1.0520492e-09,0.047864914,1.015363e-05,1
794,5,odd,0.0048029707,0.0015477086,4.2822125e-05,0.69676226,0.29650494,0.0003393022,3
795,7,odd,0.0003305824,0.9992331,6.3401516e-05,3.4958703e-08,0.00021865671,0.00015421602,1
796,9,odd,3.4525751e-06,2.0192426e-06,0.99999344,4.163683e-08,8.077991e-07,2.9297e-07,2
797,0,even,0.9999999,8.3263785e-11,1.8721111e-09,3.2986506e-08,7.4569365e-13,1.6814384e-07,0
798,2,even,6.452217e-08,0.9999964,2.416136e-12,1.3948041e-12,3.447121e-06,2.053095e-09,1
799,1,odd,0.00019145328,0.45523787,1.5280162e-05,8.834839e-06,0.54426414,0.000282411,4
800,9,odd,4.2738702e-05,0.0004737502,0.90425575,1.6114411e-08,0.095174626,5.3179694e-05,2
801,5,odd,0.99102014,0.0042493166,0.0014325455,0.0008958924,0.0006941007,0.0017080974,0
802,3,odd,0.00020449328,0.9910486,7.461382e-07,3.8832244e-08,0.008699463,4.662041e-05,1
803,8,even,1.1126431e-06,3.0435745e-06,1.14598286e-07,1.8888901e-08,0.9999957,4.5265644e-08,4
804,2,even,2.3598793e-07,0.9999943,7.689397e-08,5.472716e-07,3.693673e-06,1.0531858e-06,1
805,0,even,1.0,8.590117e-14,3.7934423e-13,2.318485e-11,6.579528e-18,1.4142964e-11,0
806,3,odd,0.006408408,0.0092385495,0.0011539304,2.681225e-06,0.98261976,0.0005766786,4
807,6,even,2.2474205e-09,6.1504637e-09,9.778937e-09,1.0,4.148805e-09,7.343451e-11,3
808,6,even,3.4612698e-05,2.0914838e-06,1.1592309e-05,0.99995124,1.1022999e-09,4.877752e-07,3
809,6,even,0.05394833,0.00014016332,0.01402184,0.541124,0.3902161,0.00054950494,3
810,0,even,0.9999957,1.3153314e-07,1.109958e-07,2.5864845e-06,9.290449e-10,1.3853816e-06,0
811,4,even,1.1556631e-07,1.18786625e-08,0.99999976,1.7058268e-07,3.3736611e-09,1.8086943e-08,2
812,7,odd,0.26466778,0.06271129,0.66002744,0.0018199754,0.005021606,0.0057518887,2
813,2,even,3.9245715e-05,0.9999044,3.5266464e-07,5.965715e-07,3.4978577e-05,2.0547612e-05,1
814,6,even,2.7769717e-10,7.4071926e-10,3.519212e-09,1.0,1.1776113e-12,8.829196e-12,3
815,0,even,0.99854505,0.0004741218,6.22156e-05,0.000207623,0.000692882,1.8144558e-05,0
816,4,even,2.2733971e-08,1.6399115e-07,0.99999976,2.6885158e-10,5.863031e-08,4.0149355e-09,2
817,1,odd,0.001042798,0.0025249626,0.0058937077,0.0076618544,0.9825865,0.00029028903,4
818,6,even,0.0016079245,0.00091805815,0.91990095,0.077259496,7.5364524e-06,0.00030594165,2
819,8,even,0.00025940157,6.488809e-06,6.462035e-07,8.314952e-06,0.99972457,6.0453607e-07,4
820,6,even,5.8469766e-07,5.2129643e-08,6.060851e-08,0.99999917,9.127233e-08,4.3049306e-09,3
821,7,odd,0.00039913476,1.3609818e-05,0.99956757,1.4528099e-07,1.1774913e-05,7.76204e-06,2
822,3,odd,2.8592378e-06,0.0016473529,1.9024936e-08,1.7919264e-09,0.99834967,1.082455e-07,4
823,9,odd,8.241506e-06,1.737469e-05,0.99979216,9.320649e-09,0.00016536012,1.6921378e-05,2
824,1,odd,0.0012347498,0.21547839,0.000362764,1.1028324e-05,0.7827092,0.00020384809,4
825,2,even,7.1651655e-14,1.0,2.570908e-16,5.703224e-15,2.4656275e-12,3.696412e-13,1
826,2,even,1.5113481e-15,1.0,7.622672e-17,6.992202e-19,1.09378575e-16,3.576578e-15,1
827,9,odd,4.0670216e-06,2.5732659e-06,0.99974054,5.5653512e-08,0.0002514762,1.3472712e-06,2
828,5,odd,0.00045008335,9.394476e-05,2.8248012e-05,0.21177885,0.78759843,5.0424467e-05,4
829,4,even,5.4016136e-06,0.00038273915,0.99958056,2.886647e-06,2.451129e-05,3.9370466e-06,2
830,2,even,5.3690698e-11,1.0,2.390779e-13,1.4939013e-13,7.958544e-10,1.1622845e-10,1
831,2,even,1.8318786e-13,1.0,9.656171e-15,5.7592496e-18,2.4633734e-14,1.9568653e-13,1
832,5,odd,0.0005009793,9.637312e-05,0.016254036,5.635297e-05,0.98287797,0.00021424747,4
833,3,odd,0.0019484174,0.0014346597,0.00019983415,0.0020078118,0.9941954,0.00021395892,4
834,3,odd,3.1579727e-06,0.97857726,1.3317066e-06,1.1132931e-09,0.021400882,1.7410724e-05,1
835,9,odd,1.4655014e-06,1.6324771e-05,0.9999144,2.3499418e-09,6.7708315e-05,1.2748967e-07,2
836,6,even,5.05646e-11,1.1968663e-11,1.4739744e-11,1.0,5.561721e-12,6.982811e-14,3
837,5,odd,0.25781867,0.0002103369,0.0037364122,0.004634401,0.73241895,0.001181264,4
838,1,odd,0.00023796616,0.0016365746,9.382788e-06,0.0005158994,0.9975395,6.064281e-05,4
839,6,even,3.296291e-09,6.859261e-12,6.156059e-10,1.0,3.889914e-11,2.464504e-12,3
840,7,odd,0.0032587815,5.432993e-06,0.9967303,8.040083e-09,1.9669608e-06,3.4122597e-06,2
841,6,even,4.2298502e-09,6.6231005e-12,5.5286827e-11,1.0,6.099884e-11,1.9552248e-12,3
842,3,odd,2.129058e-05,0.9514535,2.2071797e-08,2.495894e-10,0.048523616,1.6128712e-06,1
843,4,even,1.7088232e-07,7.385386e-09,0.9999999,2.2800434e-10,1.0426229e-09,2.282503e-09,2
844,8,even,1.0205168e-08,4.1542467e-08,8.2229307e-10,1.1787855e-10,1.0,3.8373812e-10,4
845,4,even,2.1406935e-07,4.2380964e-07,0.9999993,8.0410745e-09,1.1343979e-07,5.605831e-08,2
846,6,even,4.9038546e-05,1.0534364e-07,4.933724e-08,0.9999505,1.3422974e-07,6.8470406e-08,3
847,0,even,1.0,1.7289142e-14,4.2858623e-16,3.124744e-12,2.368979e-19,3.857411e-12,0
848,0,even,1.0,2.0849562e-17,3.4862958e-16,1.0803647e-12,3.8245285e-21,6.301691e-12,0
849,2,even,7.27444e-07,0.9998685,2.0046188e-07,0.00012965161,6.9909515e-07,1.188103e-07,1
850,7,odd,0.005013847,1.2494725e-05,0.99496114,1.2485264e-09,4.1697248e-07,1.1971428e-05,2
851,9,odd,1.3132112e-05,7.814446e-05,0.99541557,9.986025e-09,0.0044747754,1.8420307e-05,2
852,8,even,8.4522006e-05,2.9907995e-05,1.1925584e-06,8.894232e-06,0.99987257,2.8908685e-06,4
853,7,odd,1.4154054e-05,0.9945292,1.6306713e-07,2.8908537e-11,0.0054536094,2.9195478e-06,1
854,6,even,6.692338e-06,1.7994759e-06,5.2762044e-07,0.9999702,2.0581972e-05,1.6044e-07,3
855,8,even,4.1904267e-09,1.6023609e-05,1.1604567e-09,1.0479774e-09,0.999984,5.0590176e-09,4
856,9,odd,4.13858e-07,9.227474e-08,0.99999857,4.0780948e-09,9.0713473e-07,1.8417323e-08,2
857,1,odd,0.001302992,0.0017995056,3.297772e-05,0.00095568056,0.9957224,0.00018631872,4
858,2,even,1.5778891e-08,0.99999917,6.7793195e-11,1.3249097e-08,8.590878e-07,1.0734256e-08,1
859,8,even,3.2866758e-06,2.2647351e-05,1.3007116e-07,1.3338067e-07,0.99997365,1.17396596e-07,4
860,2,even,2.9035052e-10,1.0,3.917638e-17,9.626193e-16,3.5830866e-14,3.4921043e-13,1
861,2,even,3.570936e-10,1.0,9.9730764e-14,1.4770265e-13,2.1079918e-10,2.1600517e-11,1
862,0,even,1.0,3.568656e-17,2.4019166e-14,2.9389083e-13,1.6354661e-23,1.2108406e-11,0
863,8,even,0.0003595513,0.054457124,5.699849e-07,1.4621331e-05,0.94516516,3.0891413e-06,4
864,5,odd,9.665299e-10,1.8822377e-08,3.4535177e-11,7.993683e-11,1.0,9.462526e-11,4
865,6,even,8.660823e-11,1.7259003e-09,1.10845055e-10,1.0,1.0463053e-11,1.5299592e-12,3
866,8,even,1.1007316e-09,3.2391714e-08,1.3677814e-12,3.2385284e-12,1.0,1.7313918e-11,4
867,7,odd,0.9249303,0.071147725,0.0027571039,4.268688e-06,0.0005323405,0.000628311,0
868,8,even,2.7513248e-05,3.8378303e-07,0.00013774756,0.001896385,0.9979377,3.0247148e-07,4
869,0,even,0.9851391,0.014597324,0.00020853343,7.8245715e-10,1.3395468e-05,4.1687716e-05,0
870,1,odd,0.00093071605,0.0049159992,0.00073184393,0.001137377,0.99175936,0.0005246757,4
871,0,even,0.9999999,6.309322e-10,1.3647475e-09,1.4431276e-09,2.8162238e-14,8.706515e-08,0
872,2,even,0.00013018682,0.5481616,0.35921326,0.09205898,6.956678e-05,0.00036638443,1
873,4,even,6.382952e-10,2.6868514e-09,1.0,3.0417835e-11,6.9857516e-11,1.2721012e-10,2
874,8,even,4.6470421e-07,8.066616e-07,1.0735888e-08,2.9085202e-08,0.9999987,1.2178332e-08,4
875,6,even,5.883923e-05,3.1183007e-09,4.21718e-08,0.99994075,3.418094e-07,9.054444e-09,3
876,7,odd,0.99729055,0.0013416652,0.0012428229,4.846577e-08,8.869644e-07,0.00012407338,0
877,1,odd,0.0024072952,0.00278867,0.2624843,0.0067857383,0.72457075,0.00096325786,4
878,3,odd,0.0012513883,0.031395145,0.0024701806,2.340087e-08,0.96450406,0.000379171,4
879,9,odd,8.383439e-07,4.51363e-08,0.99999917,8.8321617e-10,3.982813e-10,1.6608457e-08,2
880,8,even,1.6943114e-06,7.233396e-06,2.2881363e-09,1.8240396e-08,0.99999106,1.44889665e-08,4
881,2,even,1.1180263e-05,0.51384014,2.8665954e-06,0.009600571,0.4765299,1.5314521e-05,1
882,0,even,1.0,2.2681243e-10,7.188098e-09,1.1457096e-08,3.932282e-13,5.6297942e-08,0
883,2,even,2.3440317e-07,0.9999893,5.342356e-09,4.1584835e-06,6.0697166e-06,2.916861e-07,1
884,1,odd,0.00079222757,0.016848458,2.588774e-06,0.00011490136,0.98217577,6.599143e-05,4
885,1,odd,1.1028528e-05,0.97858673,0.0006254875,3.8170867e-08,0.020599538,0.0001770917,1
886,8,even,9.3813e-07,0.00011993157,4.500495e-06,2.9928464e-09,0.9998741,5.2408257e-07,4
887,9,odd,0.00022545895,0.0004685731,0.99881506,5.9099966e-06,0.00041632354,6.859996e-05,2
888,7,odd,5.2337007e-05,0.00047976733,0.00037223406,1.2958178e-08,0.9990871,8.545567e-06,4
889,3,odd,0.02141953,0.09491559,2.5763175e-05,0.001478356,0.88156164,0.0005991357,4
890,6,even,2.5541322e-05,2.168098e-07,0.00010968464,0.9998642,8.534121e-09,3.8959575e-07,3
891,2,even,1.0920188e-11,1.0,3.2196998e-16,4.8218475e-17,9.736507e-12,1.3747727e-12,1
892,3,odd,0.0030148078,0.47629482,0.27303198,3.5435662e-06,0.24319185,0.004463086,1
893,6,even,3.9973918e-09,1.7180768e-07,4.935732e-10,0.9999999,7.862268e-10,6.217049e-11,3
894,4,even,1.0231495e-07,1.4366474e-06,0.99999714,3.3420524e-09,1.2007908e-06,7.792237e-08,2
895,3,odd,0.0007699585,0.41338164,8.172366e-08,2.7435673e-08,0.5858354,1.2886385e-05,4
896,6,even,1.9517745e-06,7.745667e-07,2.4719293e-07,0.99999607,9.839546e-07,3.133864e-08,3
897,1,odd,0.0010392794,0.010003875,0.0040184585,0.0013266123,0.98313105,0.00048075663,4
898,3,odd,6.2272106e-06,0.16300775,1.6613844e-09,2.1767779e-10,0.8369857,3.2303242e-07,4
899,3,odd,0.9006843,0.0015543612,0.00012585206,0.027853124,0.06938797,0.00039437937,0
900,0,even,0.9998909,5.7035013e-05,5.3735175e-06,3.167749e-06,3.905418e-05,4.3644454e-06,0
901,8,even,3.356922e-05,2.1310501e-05,8.537977e-08,9.5356046e-07,0.9999436,4.2156822e-07,4
902,9,odd,0.31167957,0.005457909,0.6493093,0.0012642775,0.030192725,0.0020961429,2
903,8,even,1.1306436e-06,2.0101918e-06,5.9356644e-09,2.088836e-08,0.9999968,1.6930885e-08,4
904,0,even,0.9999995,5.0439986e-09,1.9111157e-08,3.9124436e-07,3.9906195e-12,1.4398087e-07,0
905,3,odd,2.2831619e-09,0.99999475,1.5423308e-15,2.547263e-14,5.2405617e-06,5.9939186e-11,1
906,7,odd,0.0010121439,0.9575716,0.03468594,8.8113035e-07,0.0053157285,0.0014136033,1
907,1,odd,0.0021088964,0.0027218016,8.7459426e-05,0.0009918915,0.99370664,0.00038335397,4
908,6,even,7.4174596e-07,2.3988431e-09,5.7210015e-10,0.9999988,4.7604618e-07,4.2990353e-10,3
909,8,even,1.255645e-06,2.8974677e-05,2.4069407e-06,2.5815979e-08,0.9999664,9.65063e-07,4
910,9,odd,5.7414785e-05,0.008728016,0.000560105,9.356331e-09,0.9905544,9.996208e-05,4
911,4,even,4.3951033e-08,2.6096126e-07,0.99999964,6.6611783e-09,3.8722985e-09,7.3185946e-09,2
912,2,even,0.0002101591,0.7188881,1.43826965e-05,1.9163272e-06,0.2808352,5.0284878e-05,1
913,9,odd,7.945443e-06,5.929415e-06,0.9999832,3.191858e-07,1.3311667e-06,1.3394313e-06,2
914,3,odd,8.884885e-06,0.00028122417,5.204064e-07,2.6800477e-08,0.99970895,3.4783903e-07,4
915,5,odd,2.1192892e-07,2.0686752e-08,7.989689e-09,7.426252e-07,0.99999905,4.1203796e-09,4
916,6,even,2.5388022e-06,0.007824758,1.6621076e-08,0.98938274,0.0027877092,2.280556e-06,3
917,7,odd,0.0003431725,0.022148618,0.002303321,7.6639156e-10,0.97513777,6.713147e-05,4
918,6,even,1.3911761e-05,1.0808016e-06,7.895848e-06,0.99997675,1.4150103e-08,3.1076868e-07,3
919,1,odd,6.7498404e-06,0.6823407,1.1945053e-06,5.999898e-07,0.31759948,5.127856e-05,1
920,6,even,1.7068053e-09,3.1408824e-09,2.1647186e-09,1.0,2.0862642e-10,1.8705032e-11,3
921,4,even,0.00064803316,0.0072292252,0.9785891,0.0007777574,0.011450515,0.0013054451,2
922,8,even,2.0696327e-06,1.2932516e-05,4.9868015e-07,4.1311437e-06,0.9999801,2.874723e-07,4
923,6,even,2.4627798e-05,1.5552636e-06,3.2049593e-05,0.99994135,5.9346934e-08,3.8840298e-07,3
924,2,even,4.1994928e-14,1.0,1.6354054e-21,1.0394872e-21,3.898853e-17,6.164536e-16,1
925,8,even,1.1167941e-05,3.2753032e-06,3.5376815e-09,6.384582e-08,0.99998546,1.7890907e-08,4
926,1,odd,0.00029273698,0.0033231494,6.3752886e-06,3.4135475e-05,0.9962953,4.8325117e-05,4
927,5,odd,2.731574e-05,1.1361587e-05,2.927971e-06,4.4162436e-05,0.9999062,8.038544e-06,4
928,3,odd,2.0273334e-05,7.281899e-05,5.6689396e-06,2.0207462e-08,0.9998996,1.4982108e-06,4
929,6,even,2.0393098e-09,3.2573937e-11,1.662055e-11,1.0,1.3034483e-10,1.0787874e-12,3
930,1,odd,0.0024542257,0.7965452,0.0007398637,0.0001135381,0.19728589,0.002861177,1
931,2,even,4.167966e-17,1.0,3.0190127e-17,1.5549274e-23,5.1287147e-19,7.0404664e-17,1
932,6,even,3.9669523e-08,8.7064744e-10,1.699766e-08,1.0,9.088158e-11,1.3585373e-10,3
933,2,even,3.607085e-11,1.0,2.5758201e-13,1.3691413e-12,1.7615828e-13,1.9378688e-11,1
934,2,even,9.851737e-14,1.0,1.5003332e-19,1.8903211e-20,3.2439237e-13,7.281607e-15,1
935,7,odd,0.00080917944,0.90786874,0.046647802,2.7821192e-09,0.044329446,0.00034485973,1
936,2,even,1.1249669e-12,1.0,4.5336055e-13,1.9644747e-14,9.938402e-14,1.4735182e-12,1
937,7,odd,0.0039066006,0.315287,0.5291249,3.46554e-06,0.14596796,0.005709995,2
938,8,even,1.6347911e-07,1.5701465e-07,5.709592e-10,1.304339e-09,0.99999964,8.431668e-10,4
939,6,even,1.7674124e-07,8.244532e-12,0.00018658048,0.99981326,1.4514701e-13,1.5803106e-10,3
940,1,odd,0.0006407586,0.00052855426,2.306666e-06,5.8147765e-05,0.9987404,2.9941866e-05,4
941,9,odd,1.205306e-06,3.2341924e-07,0.9999652,1.8896098e-09,3.316537e-05,7.207442e-08,2
942,7,odd,0.0041469177,0.18949951,0.7774834,5.085825e-05,0.017083487,0.011735831,2
943,1,odd,0.00676638,0.11055447,0.005738624,0.0011703108,0.8696005,0.006169673,4
944,2,even,1.0447043e-18,1.0,2.9311234e-23,1.871225e-25,3.2299068e-18,3.3694778e-19,1
945,8,even,8.446884e-07,5.3233707e-05,6.176331e-07,9.587184e-09,0.9999453,2.7972089e-08,4
946,2,even,2.5462748e-11,1.0,6.4351813e-19,7.345148e-18,1.5594002e-12,8.291122e-14,1
947,1,odd,0.0006753651,0.82746166,0.005484925,2.2519887e-06,0.16504478,0.0013309747,1
948,4,even,1.7280422e-08,1.05771456e-07,0.9999999,2.5935046e-08,3.6743333e-09,4.617225e-09,2
949,8,even,0.14222278,5.6780722e-05,1.5679252e-05,0.0005109198,0.85715663,3.714595e-05,4
950,6,even,8.52105e-08,8.472137e-09,3.7138978e-08,0.9999999,1.2004024e-08,3.803083e-10,3
951,6,even,0.0008462609,3.6581655e-06,2.9812507e-05,0.99910706,1.0459408e-05,2.7615995e-06,3
952,7,odd,0.06283807,0.44591945,0.032484304,3.2338053e-07,0.45650926,0.0022486432,4
953,5,odd,0.0051365723,9.0541194e-05,1.9870322e-05,0.7185764,0.27612513,5.147362e-05,3
954,7,odd,1.1261797e-08,0.99999976,2.1917061e-09,1.8525502e-12,1.7480288e-07,6.365936e-08,1
955,9,odd,8.8478555e-05,0.0009521227,0.99878675,2.6494909e-05,6.0034137e-05,8.6095446e-05,2
956,5,odd,6.64539e-06,1.3737372e-08,1.2038382e-06,7.472395e-10,0.99999213,4.6081556e-08,4
957,0,even,1.0,3.1587135e-09,1.1631078e-09,2.7695939e-09,1.3488258e-11,1.2819444e-09,0
958,8,even,3.008919e-09,1.1230349e-09,7.105346e-12,1.9077294e-12,1.0,9.596001e-12,4
959,4,even,2.1855877e-07,4.024583e-07,0.9999994,1.5759525e-08,1.0077845e-08,5.8177356e-08,2
960,0,even,0.9959341,0.00031497361,5.9982767e-06,0.00026750157,0.0034421862,3.508576e-05,0
961,7,odd,1.2253798e-07,0.9999969,2.3412426e-06,8.437218e-12,1.03536976e-07,5.1564695e-07,1
962,3,odd,8.819259e-07,0.9992617,2.6136567e-11,5.9906984e-12,0.00073751336,3.7231523e-08,1
963,6,even,0.0017168896,0.0066675236,0.8649278,0.12638998,2.3786963e-05,0.00027395645,2
964,1,odd,3.4812598e-05,0.9992348,1.989005e-06,2.6753963e-08,0.0007070204,2.1460371e-05,1
965,7,odd,0.013241058,0.7689491,0.01224592,3.2068783e-05,0.20408827,0.0014435907,1
966,1,odd,2.3778468e-07,0.9998411,2.6137426e-10,1.7924383e-05,0.00014048879,2.594648e-07,1
967,7,odd,1.2979801e-05,1.8833196e-05,0.99547184,1.7258453e-10,0.00448205,1.430324e-05,2
968,6,even,9.446194e-10,1.0653015e-10,2.2373912e-09,1.0,1.5414531e-12,7.304932e-12,3
969,2,even,1.334457e-05,0.9996495,7.2072716e-11,1.0874948e-10,0.00033699628,1.1276276e-07,1
970,3,odd,0.008777282,5.768982e-05,0.0016180553,7.189792e-06,0.9892942,0.0002457099,4
971,5,odd,2.4009378e-05,5.5062433e-06,2.844697e-06,4.6917316e-06,0.99996173,1.2456514e-06,4
972,5,odd,7.640771e-08,1.9339058e-08,2.086154e-09,1.6116057e-09,0.9999999,2.975848e-10,4
973,7,odd,2.3622117e-06,0.9999908,4.028625e-08,2.6573901e-12,6.8033155e-06,4.0191615e-08,1
974,7,odd,0.00010490843,0.99672806,0.0003333996,8.984407e-09,0.0024693157,0.00036427996,1
975,4,even,5.8424786e-05,1.3445852e-05,0.99992657,2.1598675e-08,9.973654e-07,5.5613646e-07,2
976,8,even,0.000114621034,5.0281933e-06,7.836034e-06,7.918552e-05,0.9997893,3.994407e-06,4
977,1,odd,0.02149411,0.30058506,0.011939215,0.0007191753,0.64877784,0.016484639,4
978,9,odd,1.573637e-05,1.8365107e-07,0.99995136,7.627875e-12,3.2258893e-05,3.0060852e-07,2
979,7,odd,1.4047744e-05,0.98548764,0.000504286,8.920811e-10,0.013938657,5.5159668e-05,1
980,1,odd,0.00040693503,0.0041341954,0.0031449895,0.0010063576,0.9911445,0.00016309635,4
981,8,even,2.80259e-05,0.0010142799,3.3537765e-06,1.114137e-06,0.99894804,5.24307e-06,4
982,3,odd,0.97798437,0.017876273,7.4512277e-06,0.000105508785,0.0038411862,0.0001851744,0
983,6,even,8.001596e-08,1.1077339e-10,5.7696464e-08,0.9999999,6.7579683e-12,1.7628086e-10,3
984,2,even,4.9044928e-17,1.0,1.417407e-19,1.18373625e-20,3.867005e-18,8.091109e-17,1
985,0,even,1.0,7.536535e-14,6.0031656e-13,1.05253695e-10,3.5159302e-17,1.6710284e-11,0
986,5,odd,0.036077008,4.578934e-05,8.5574584e-08,0.006055551,0.9578159,5.6855174e-06,4
987,4,even,1.0776993e-07,3.7778125e-10,0.99999905,8.0738926e-07,1.3695953e-11,7.774285e-09,2
988,0,even,0.99917054,7.741169e-05,0.00018455325,0.00040658153,5.0603525e-05,0.00011041407,0
989,2,even,1.1914181e-11,1.0,4.5536004e-16,9.865212e-19,5.044841e-15,6.139408e-14,1
990,1,odd,0.0012611139,0.02330486,0.0013568528,0.0006876487,0.97239256,0.0009970416,4
991,8,even,0.00024095313,6.169909e-05,0.0003883829,3.076515e-05,0.99924845,2.9779727e-05,4
992,8,even,1.7350349e-05,1.2542133e-05,1.0147436e-06,4.136536e-06,0.99996376,1.1680161e-06,4
993,9,odd,1.477986e-06,6.6013007e-07,0.99998784,1.0697335e-10,9.425321e-06,6.1140906e-07,2
994,9,odd,0.00012636048,0.0016066142,0.99793446,1.5426458e-06,0.00029475332,3.627532e-05,2
995,6,even,2.2833405e-08,8.893232e-09,2.3456734e-09,1.0,3.72633e-08,1.7461374e-10,3
996,2,even,1.18074295e-05,0.885516,2.8394678e-07,1.7223023e-08,0.11445747,1.4361291e-05,1
997,2,even,8.2330376e-07,0.9999976,2.1170479e-07,1.3078864e-09,7.8576596e-07,4.5713023e-07,1
998,7,odd,0.00081618445,0.9652214,0.0020326653,4.9937955e-07,0.030472757,0.0014564244,1
999,1,odd,0.00011698277,0.0023645454,2.8584296e-05,0.00021154701,0.99720025,7.8128694e-05,4
1000,7,odd,0.0034217802,0.94849795,0.014053817,1.1810023e-06,0.031918418,0.0021067893,1
1001,4,even,4.8329212e-11,1.08576585e-10,1.0,1.6193043e-11,2.7723768e-11,6.4991493e-12,2
1002,3,odd,3.9637038e-07,0.9823529,4.209088e-09,1.7073901e-11,0.017646283,4.5440794e-07,1
1003,1,odd,0.0002937054,0.0001268886,1.2905111e-06,9.973063e-06,0.9995598,8.324514e-06,4
1004,0,even,1.0,3.0260308e-12,1.2342201e-12,2.2174869e-09,1.25699274e-14,3.6542383e-10,0
1005,5,odd,0.0003938522,0.030415228,1.8938393e-07,0.1755485,0.7935744,6.793771e-05,4
1006,5,odd,0.00024806717,1.1191105e-05,0.00010255339,4.0798154e-06,0.9996313,2.8184531e-06,4
1007,8,even,7.604586e-08,7.964368e-05,1.6498082e-10,3.109662e-08,0.99992025,2.5231945e-08,4
1008,9,odd,1.7916509e-05,2.5387675e-05,0.00025612419,2.1667836e-07,0.99969745,2.9965145e-06,4
1009,0,even,0.9999993,4.2739276e-07,1.03256e-07,4.2999762e-08,2.7253224e-09,9.785521e-08,0
1010,6,even,1.2914231e-08,5.5628413e-10,2.516873e-08,1.0,1.6657088e-10,4.296308e-11,3
1011,9,odd,0.00022412001,0.0011040808,0.998401,2.739227e-06,0.00021467435,5.332e-05,2
1012,7,odd,0.0011443752,0.8758575,0.031755988,1.6464634e-06,0.08961223,0.0016282899,1
1013,0,even,1.0,6.7863315e-09,2.592332e-09,1.22729285e-08,1.1074721e-10,4.084018e-08,0
1014,4,even,6.426379e-08,2.7702051e-06,0.9999969,1.5052318e-09,7.36014e-08,7.305259e-08,2
1015,3,odd,1.878307e-05,1.5759994e-06,2.2584706e-08,2.3699243e-08,0.9999795,1.4749976e-07,4
1016,2,even,2.4311497e-05,0.9994586,0.00037657292,3.4134406e-05,9.165736e-06,9.719166e-05,1
1017,3,odd,7.786204e-06,0.999974,7.212782e-13,7.032379e-13,1.8201432e-05,1.0551996e-09,1
1018,4,even,2.1226808e-07,1.5033625e-07,0.99999964,3.8452357e-09,9.731431e-09,2.5203068e-08,2
1019,9,odd,0.0050221067,0.0053659356,0.82028425,7.2422474e-05,0.16872284,0.0005324401,2
1020,3,odd,0.0014030408,0.31487668,1.9180054e-05,5.174904e-06,0.6834547,0.00024125195,4
1021,1,odd,0.0009995621,0.20730475,0.0069887876,0.010022352,0.7740665,0.00061806804,4
1022,5,odd,0.0004340749,0.0002730774,1.43425505e-05,0.22390532,0.77534586,2.7357097e-05,4
1023,1,odd,0.0011522968,0.034779456,0.014226165,0.0021168406,0.94676447,0.00096069335,4
1024,7,odd,0.039587177,0.0023614236,0.91035,5.4794287e-05,0.044332065,0.0033145018,2
1025,9,odd,0.00023774331,6.6049124e-06,0.9706016,1.9027318e-08,0.029133392,2.0628499e-05,2
1026,4,even,8.833235e-09,1.420314e-07,0.9999999,1.0661313e-09,3.1416807e-08,8.373147e-09,2
1027,3,odd,9.985147e-05,0.0031539656,5.8761316e-07,8.4131774e-10,0.99673957,6.078932e-06,4
1028,6,even,2.239388e-10,1.3181378e-12,5.618093e-11,1.0,1.5430247e-11,1.64989e-13,3
1029,9,odd,1.4012895e-05,7.895047e-05,0.99990535,1.4732758e-07,6.875636e-07,8.046187e-07,2
1030,0,even,0.9995467,0.00011270994,0.000101802325,2.6705475e-05,0.00017817825,3.3911576e-05,0
1031,3,odd,0.00057259697,0.0015959692,9.5462085e-05,8.576809e-08,0.9976997,3.6149206e-05,4
1032,7,odd,0.6839791,0.09305498,0.02333929,2.7256404e-09,0.19797264,0.0016539401,0
1033,9,odd,5.798761e-05,2.051647e-05,0.993741,1.9239958e-07,0.0061622183,1.8028719e-05,2
1034,5,odd,0.0016800604,0.00070741,0.0017313211,0.0025401865,0.9926651,0.000675896,4
1035,3,odd,0.00044685428,0.9236133,2.0779472e-08,1.1700012e-09,0.07593289,6.965853e-06,1
1036,3,odd,3.1012503e-05,0.9866325,4.2542972e-08,1.1639958e-10,0.013334607,1.9390654e-06,1
1037,5,odd,0.45637727,0.0038735098,0.004306207,0.0017711293,0.52768606,0.0059858444,4
1038,1,odd,0.00076062273,0.7231889,0.00096381694,7.153499e-05,0.27236077,0.0026542896,1
1039,9,odd,0.00054440286,0.00033941027,0.9985727,5.760589e-06,0.00048213894,5.560343e-05,2
1040,5,odd,5.089007e-07,3.9507674e-07,2.9895464e-08,3.2602335e-07,0.9999987,4.3657977e-08,4
1041,1,odd,0.0010713419,0.0065943315,3.655708e-05,0.0003983425,0.9916797,0.0002196414,4
1042,4,even,1.6487112e-06,2.6320684e-08,0.99998164,1.6459659e-05,5.277601e-08,2.398825e-07,2
1043,3,odd,0.00023708183,0.00032725278,4.319456e-08,5.297335e-09,0.9994344,1.2505732e-06,4
1044,1,odd,0.00025466215,0.0016118055,0.0001303798,2.9729596e-05,0.99790984,6.354155e-05,4
1045,5,odd,6.546933e-06,1.27916755e-05,1.9957163e-07,0.00019207441,0.9997874,9.825603e-07,4
1046,8,even,4.7936084e-07,2.5592806e-06,4.4860968e-05,1.4521065e-07,0.99995184,6.5503954e-08,4
1047,4,even,6.292321e-09,2.0079076e-09,1.0,1.2252177e-09,3.5778167e-09,5.138157e-10,2
1048,6,even,5.7266574e-12,4.3520686e-12,1.4358389e-12,1.0,1.331941e-13,9.480645e-15,3
1049,5,odd,2.913643e-07,2.2802892e-07,1.9207336e-08,2.0021025e-06,0.9999975,1.668794e-08,4
1050,0,even,1.0,7.103232e-12,1.5569313e-11,1.9477062e-08,3.7737196e-13,4.445757e-09,0
1051,5,odd,0.049648445,1.3882033e-05,6.079786e-05,0.006242359,0.943972,6.2515544e-05,4
1052,3,odd,0.14809634,0.0030560133,0.00057306973,0.00032547754,0.84745485,0.00049422716,4
1053,7,odd,0.004539872,0.00051128556,0.022727637,1.4583774e-05,8.979401e-05,0.9721168,5
1054,1,odd,4.656345e-05,0.00045133109,1.1174024e-05,1.49691905e-05,0.99946386,1.2107064e-05,4
1055,6,even,1.1050904e-05,3.94012e-07,1.6754432e-06,0.9999865,2.5645036e-07,1.7708656e-07,3
1056,8,even,8.11648e-06,0.00012892301,4.8650204e-08,1.0013361e-07,0.99986255,2.0942049e-07,4
1057,2,even,0.00086349284,0.8681677,0.006974985,0.122460745,0.00024325105,0.0012899349,1
1058,7,odd,0.0012164462,0.9911543,0.0061521977,2.2324588e-08,0.0012641845,0.0002129687,1
1059,0,even,0.9988643,5.2283626e-09,1.3416565e-05,0.0011219415,1.528044e-08,3.9839597e-07,0
1060,8,even,4.7954622e-09,1.4217688e-08,3.5899692e-10,8.922081e-09,1.0,3.828433e-10,4
1061,9,odd,0.014419862,0.006807589,0.6898433,1.0111113e-05,0.27770954,0.011209666,2
1062,2,even,1.2792842e-07,0.9999969,9.69818e-09,4.671608e-10,2.8492334e-06,1.5060087e-07,1
1063,3,odd,1.9167423e-07,0.13960196,9.328724e-12,7.492581e-12,0.8603979,1.2104426e-08,4
1064,5,odd,0.00044348373,1.4734707e-09,4.6280158e-05,0.999438,7.1723465e-05,5.3509984e-07,3
1065,8,even,1.8389916e-10,2.0557316e-09,1.874304e-10,9.564918e-12,1.0,1.656188e-11,4
1066,3,odd,0.9929028,0.0010032434,0.00043202925,4.752564e-05,0.0052116127,0.0004027078,0
1067,2,even,0.00606088,0.9923287,0.00074014475,1.11778545e-05,0.0004858447,0.0003733482,1
1068,1,odd,0.004937022,0.20115814,0.00021968682,0.001481955,0.7900825,0.0021206494,4
1069,2,even,7.86516e-11,1.0,1.5611116e-08,4.5711963e-12,1.8310516e-12,2.5752592e-10,1
1070,1,odd,0.0002950737,0.00089931604,1.359009e-06,4.9261776e-06,0.99879336,5.948523e-06,4
1071,5,odd,0.9950258,0.00025534484,0.00041746537,0.0004549115,0.0023244005,0.0015220366,0
1072,9,odd,0.00012858705,4.3406654e-08,0.99987113,2.4266502e-11,2.6977545e-10,2.0053375e-07,2
1073,9,odd,3.141278e-07,1.1625328e-06,0.99999523,5.0479493e-10,3.239147e-06,8.509154e-08,2
1074,6,even,1.3283039e-08,1.0599007e-09,1.2195108e-08,1.0,7.45643e-12,6.881856e-11,3
1075,3,odd,6.189659e-07,0.96154106,3.718806e-12,3.077008e-11,0.038458355,1.3353492e-08,1
1076,7,odd,6.2084528e-06,0.9999509,3.1520227e-05,2.6382311e-11,4.8647195e-07,1.0928518e-05,1
1077,5,odd,4.0724956e-08,3.4797594e-07,2.6566125e-08,1.4017687e-07,0.9999994,1.4234666e-08,4
1078,2,even,5.9839505e-05,0.99831533,0.00081949244,4.0584226e-05,0.0005772215,0.00018750534,1
1079,5,odd,0.0024386349,0.00035726684,4.898789e-05,1.388966e-05,0.99709785,4.334176e-05,4
1080,6,even,2.8725066e-07,7.0879467e-09,1.7222757e-07,0.9999995,6.886042e-11,1.2900823e-09,3
1081,5,odd,0.00012441505,3.704712e-05,1.5722316e-06,2.1481797e-05,0.9998109,4.6041537e-06,4
1082,5,odd,0.21166687,0.0034206372,0.66142464,0.0026824512,0.12009311,0.0007122934,2
1083,3,odd,9.185763e-06,0.9943851,4.1290917e-09,5.7977817e-10,0.0056043784,1.4632592e-06,1
1084,6,even,2.0277685e-07,6.6033055e-09,1.3109366e-08,0.99999976,1.6122797e-08,7.0823497e-10,3
1085,5,odd,0.004143134,4.2375807e-05,0.08516411,0.39451793,0.5159628,0.00016970267,4
1086,0,even,1.0,2.945282e-14,1.4133295e-13,5.2505134e-10,7.206852e-16,4.832838e-11,0
1087,1,odd,0.0009467546,0.0071134767,0.0042420644,0.005434968,0.9816636,0.00059911504,4
1088,3,odd,3.6547517e-05,0.99983096,5.462676e-09,1.0950701e-09,0.00013198587,5.3629947e-07,1
1089,4,even,2.1583293e-07,3.7831592e-07,0.9999994,5.5848925e-08,6.722518e-09,1.4391009e-08,2
1090,9,odd,0.0022606088,0.0055342894,0.86103874,5.760845e-05,0.13094138,0.00016741856,2
1091,4,even,1.6413714e-09,1.3342855e-09,0.9999999,1.8127297e-10,7.8253535e-08,8.206461e-10,2
1092,4,even,1.6155425e-08,2.029641e-07,0.99999964,7.995217e-08,3.2644114e-09,1.0037409e-08,2
1093,9,odd,0.00020825258,0.000860174,0.99889624,2.945499e-06,2.3919405e-05,8.364779e-06,2
1094,2,even,9.513845e-08,0.9999999,5.147824e-12,1.2371206e-13,9.025392e-09,1.7485976e-09,1
1095,3,odd,0.07713569,0.014513161,2.0008525e-05,0.0003707069,0.90769356,0.00026685794,4
1096,9,odd,1.28456495e-05,2.5882402e-06,0.9998647,2.2205302e-09,0.000118361175,1.5678288e-06,2
1097,1,odd,0.00073720363,0.002050257,6.530023e-06,0.00019749084,0.99690264,0.00010585833,4
1098,7,odd,0.00080445607,0.0011854582,0.9961727,5.5657198e-11,0.0016062055,0.00023111641,2
1099,7,odd,8.0497165e-07,0.9999956,2.451383e-06,9.660773e-11,5.920156e-07,4.203199e-07,1
1100,0,even,1.0,1.0106338e-16,1.2955383e-15,1.7922672e-10,4.4303096e-20,7.666288e-12,0
1101,1,odd,8.71358e-05,0.00050520623,9.801278e-07,1.1549521e-06,0.9994011,4.3524874e-06,4
1102,4,even,9.576835e-06,1.0488216e-05,0.9999708,5.8675932e-06,4.6850094e-08,3.2826945e-06,2
1103,6,even,0.0060731177,3.7071382e-07,4.3866612e-07,0.99392563,3.8272048e-09,4.851356e-07,3
1104,4,even,1.9200404e-07,2.0231336e-07,0.9999927,1.1645451e-08,6.856249e-06,4.0772253e-08,2
1105,7,odd,0.00069997675,0.02251561,0.9761134,2.1138701e-08,0.0005847622,8.636444e-05,2
1106,1,odd,6.5245855e-05,0.0003975529,1.4735308e-05,0.00030130873,0.9991974,2.369204e-05,4
1107,5,odd,0.017079549,0.00039261254,4.8587102e-05,0.06905629,0.91296786,0.00045518755,4
1108,4,even,6.956089e-06,2.3510288e-06,0.99998903,4.2827625e-07,6.633234e-07,4.9895294e-07,2
1109,4,even,1.2028197e-07,8.1787796e-08,0.99999976,1.6350493e-10,5.4194082e-08,1.5055127e-08,2
1110,7,odd,7.2776493e-06,0.9999925,8.82743e-08,3.883076e-13,3.0284822e-10,1.3174562e-07,1
1111,6,even,1.4166608e-07,4.115423e-06,4.786269e-08,0.9999956,1.222859e-07,7.701792e-09,3
1112,7,odd,0.0005641675,0.00025854164,0.9988462,2.2273763e-08,0.00026099244,7.0176204e-05,2
1113,1,odd,0.0030303253,0.034350697,0.0012819837,0.005056562,0.9538922,0.0023881919,4
1114,7,odd,0.02040126,0.95286477,0.012221073,7.49856e-09,0.01368361,0.0008291835,1
1115,2,even,0.0002615455,0.9995796,6.6611705e-10,1.09559805e-05,0.00014697449,9.708835e-07,1
1116,9,odd,0.00015460384,1.534026e-06,0.99195707,2.1651156e-09,0.007882729,4.1431545e-06,2
1117,5,odd,0.0028200226,5.420614e-07,0.0013617239,0.9882181,0.0075607435,3.8924587e-05,3
1118,8,even,2.1714068e-06,5.323599e-06,5.3220198e-08,7.269156e-07,0.99999154,1.9286745e-07,4
1119,4,even,8.998356e-08,1.106536e-07,0.99999976,1.1457745e-09,3.652281e-09,2.0188295e-08,2
1120,2,even,2.590925e-15,1.0,3.4541795e-17,2.0627252e-18,1.7273714e-14,1.5599319e-13,1
1121,0,even,1.0,2.0068395e-20,1.586399e-17,4.2465238e-14,3.4809147e-23,1.7722177e-14,0
1122,6,even,9.725565e-10,8.3664485e-11,4.5341317e-10,1.0,7.5205686e-10,3.8619164e-12,3
1123,0,even,1.0,5.8988587e-12,4.1178727e-11,9.7062504e-11,2.4574124e-15,3.8986442e-10,0
1124,2,even,3.727518e-11,1.0,5.4216706e-13,1.2063032e-16,8.809582e-12,7.962848e-12,1
1125,8,even,2.7132548e-05,2.5427387e-05,4.0358095e-06,6.5616223e-07,0.9999405,2.2944068e-06,4
1126,6,even,4.23484e-06,4.1695387e-08,7.885566e-07,0.999995,1.5703977e-08,1.924752e-08,3
1127,7,odd,0.0009284047,0.9975586,0.0011298036,4.6531607e-08,0.00015749391,0.00022574404,1
1128,7,odd,0.35084677,0.025992766,0.14264408,2.4067492e-06,0.41018295,0.07033109,4
1129,3,odd,2.3877982e-07,2.4139058e-06,4.5926572e-05,3.1777608e-10,0.999951,3.2641256e-07,4
1130,2,even,2.3863645e-13,1.0,2.1471029e-20,6.0517414e-23,1.504657e-16,8.11894e-16,1
1131,9,odd,0.00023921876,4.0555153e-07,0.9997584,1.0457935e-07,1.710198e-06,1.32253e-07,2
1132,4,even,4.818872e-08,5.038022e-08,0.9999999,1.8216012e-08,7.203534e-10,3.0201301e-09,2
1133,4,even,1.0215365e-06,1.8650049e-07,0.9996244,0.0003734719,7.9291624e-07,6.6071664e-08,2
1134,1,odd,0.00036592726,0.011747714,0.0008245858,0.001684681,0.9850463,0.00033075444,4
1135,4,even,0.00016014172,4.5563494e-05,0.9996309,6.886147e-06,0.00010615836,5.0241346e-05,2
1136,6,even,1.0177469e-08,7.06616e-10,2.054383e-09,1.0,2.8846556e-09,3.3891636e-11,3
1137,0,even,0.99988186,1.9170989e-06,2.5994311e-06,0.00010375818,2.0803314e-07,9.603099e-06,0
1138,2,even,3.259093e-13,1.0,7.1927904e-16,4.947102e-20,6.906662e-17,1.9193922e-14,1
1139,1,odd,7.226893e-05,0.00019819268,7.87493e-06,0.00022494807,0.9994804,1.6302614e-05,4
1140,0,even,1.0,3.276439e-13,1.0492611e-11,1.6916866e-08,1.9631177e-15,1.4617803e-09,0
1141,3,odd,0.9564217,0.0107877515,0.00019282787,0.021751026,0.00992205,0.0009247145,0
1142,2,even,3.444039e-11,1.0,2.3659652e-13,3.96124e-10,5.2098126e-10,1.155622e-10,1
1143,4,even,6.1874306e-10,1.3167677e-09,1.0,1.4369848e-11,1.2815796e-10,1.6787795e-10,2
1144,2,even,1.0889915e-08,0.9999957,5.9892985e-10,6.209753e-07,3.6135793e-06,6.0569576e-08,1
1145,9,odd,0.0049186326,0.005616901,0.91490096,1.9566217e-07,0.0745329,3.0419704e-05,2
1146,8,even,3.8875076e-09,2.7161442e-09,7.4040893e-09,2.1208639e-11,1.0,3.1651107e-10,4
1147,9,odd,0.0053452845,0.0019346143,0.9896562,0.00014908743,0.0027043556,0.00021041847,2
1148,7,odd,0.00025190582,0.82163745,0.022849891,1.8919538e-08,0.15438427,0.00087645586,1
1149,6,even,0.005519124,1.9568533e-05,0.0062231654,0.98800874,7.4516516e-05,0.00015493357,3
1150,8,even,0.00013996054,5.8660746e-05,3.7436436e-07,2.5536553e-06,0.9997962,2.205991e-06,4
1151,9,odd,0.0020202573,0.00038534327,0.007506201,1.4535541e-06,0.9899899,9.692505e-05,4
1152,0,even,1.0,3.0896737e-18,7.708756e-18,1.8403343e-15,3.7029983e-23,2.1620352e-14,0
1153,4,even,1.3566909e-06,0.0002047267,0.9995746,8.207605e-06,0.00019346052,1.7595581e-05,2
1154,4,even,1.2960729e-07,7.012089e-06,0.9999926,1.7268542e-07,1.837935e-08,1.5956482e-07,2
1155,7,odd,0.048398092,0.9297515,0.0016572659,3.2014157e-08,0.01996233,0.00023067444,1
1156,1,odd,0.0006911174,0.2292296,3.4831046e-05,5.9706963e-05,0.7695549,0.00042981573,4
1157,4,even,0.00011593892,0.0010261026,0.9988091,3.3547156e-05,5.4577677e-06,9.744753e-06,2
1158,0,even,1.0,4.5036293e-21,1.9512436e-18,7.1413436e-14,5.794687e-25,1.04156685e-14,0
1159,4,even,2.4523029e-08,1.2882856e-07,0.9999999,4.485371e-09,1.7319142e-10,2.1343063e-09,2
1160,1,odd,0.0008035244,0.027848344,0.0003169538,0.00010797372,0.9705258,0.00039746606,4
1161,4,even,2.8592387e-08,7.378301e-09,0.9999995,5.210317e-10,4.8442155e-07,7.1693087e-09,2
1162,2,even,9.928705e-09,0.99999976,1.6389403e-09,4.240952e-11,1.8930935e-07,2.4199492e-08,1
1163,7,odd,0.71982104,0.0010775552,0.26317224,4.160392e-08,0.015678287,0.0002507914,0
1164,5,odd,1.0787805e-05,7.726574e-06,2.4747777e-09,9.478712e-08,0.9999814,2.238234e-08,4
1165,4,even,2.6053584e-08,3.4253176e-07,0.9999995,2.5118002e-10,9.2956334e-08,5.2788804e-09,2
1166,8,even,3.6303325e-05,2.1759224e-05,9.1240946e-07,1.7760082e-06,0.99993896,2.944655e-07,4
1167,4,even,1.7208968e-05,1.6112916e-05,0.9999517,8.803608e-06,3.4056745e-06,2.6802643e-06,2
1168,9,odd,0.0003947114,0.0010412295,0.9718697,7.686354e-07,0.025819892,0.0008736898,2
1169,1,odd,0.0003227862,0.07022472,2.7547867e-05,4.2051392e-06,0.92923975,0.00018101728,4
1170,1,odd,0.00016047251,0.0006848034,9.689995e-06,3.7659433e-05,0.99908364,2.3722121e-05,4
1171,6,even,1.441783e-12,7.386954e-12,1.7050292e-12,1.0,2.3980897e-14,5.967746e-15,3
1172,1,odd,0.00068117457,0.0036513954,1.872463e-05,2.4387493e-05,0.9955627,6.174548e-05,4
1173,8,even,6.0896966e-08,4.114401e-08,1.9301967e-10,1.3780195e-09,0.9999999,5.4290666e-10,4
1174,8,even,1.490044e-05,0.00014288315,3.0852339e-06,2.9798312e-07,0.9998357,3.0745016e-06,4
1175,7,odd,0.00041956556,0.0036841119,0.003112179,3.2133607e-09,0.9927666,1.7478575e-05,4
1176,7,odd,2.0400785e-05,0.9998085,7.60535e-07,3.0996003e-10,0.00016383952,6.5303407e-06,1
1177,6,even,8.686999e-14,1.2189327e-14,1.0715322e-12,1.0,2.3475081e-17,1.4487765e-16,3
1178,7,odd,6.999573e-07,0.99992514,1.9897805e-05,3.2206074e-12,4.46176e-05,9.614575e-06,1
1179,9,odd,7.1384326e-05,4.6512685e-07,0.9979572,8.4684804e-10,0.0019704483,4.7167e-07,2
1180,1,odd,0.002045332,0.9790703,0.0020045487,4.2355976e-05,0.01349513,0.0033423312,1
1181,5,odd,0.23613065,9.3861876e-05,0.36237782,0.18371144,0.21296725,0.004718942,2
1182,4,even,4.6108944e-05,2.2798236e-05,0.99992955,9.173894e-08,2.400675e-07,1.1818679e-06,2
1183,3,odd,0.004218179,0.0007965155,2.2554897e-05,0.0007771507,0.9941473,3.8337585e-05,4
1184,4,even,2.5709537e-11,2.4258212e-10,1.0,2.9516734e-12,2.089202e-11,5.6624995e-12,2
1185,7,odd,0.00024157036,0.36877814,0.047873005,3.8285273e-09,0.5823173,0.00078996865,4
1186,6,even,1.0457558e-09,8.2291274e-10,6.3190775e-10,1.0,1.7054148e-10,8.354596e-12,3
1187,5,odd,0.14806756,8.063497e-06,0.39710298,0.39265695,0.06146026,0.00070418115,2
1188,2,even,5.018397e-13,1.0,8.792265e-18,1.6352447e-19,7.0794124e-16,1.1166371e-14,1
1189,9,odd,7.752901e-05,0.00012977871,0.999542,6.764164e-06,0.00018497187,5.9031325e-05,2
1190,2,even,3.3535602e-10,1.0,5.1782515e-13,1.2156708e-10,9.808675e-09,9.0942315e-10,1
1191,0,even,1.0,6.816475e-14,2.05196e-12,3.020335e-11,1.2570237e-18,3.5218356e-10,0
1192,9,odd,0.5743188,0.00477175,4.193799e-05,1.4933593e-06,0.42079157,7.433839e-05,0
1193,7,odd,7.9264815e-08,3.1611118e-09,0.9999999,2.469888e-11,5.4555804e-09,1.4966821e-09,2
1194,2,even,5.6554934e-16,1.0,1.1499899e-19,5.7612407e-21,1.0191944e-15,3.244333e-16,1
1195,6,even,6.656507e-08,4.584161e-08,3.769884e-09,0.9999995,3.1041495e-07,1.0447685e-09,3
1196,9,odd,2.1362584e-06,4.1013894e-07,0.99999726,6.596482e-08,2.584677e-09,8.082687e-08,2
1197,8,even,4.035573e-08,6.289071e-07,2.3416321e-08,3.4176406e-10,0.9999993,3.0956315e-09,4
1198,7,odd,0.0047593834,0.0031609973,0.8720813,9.249495e-09,0.11889738,0.0011009356,2
1199,7,odd,0.9986613,4.5677032e-10,0.0012988931,1.4312454e-05,8.967217e-09,2.548025e-05,0
1200,1,odd,2.5325253e-05,0.8428149,2.0802154e-06,7.349822e-07,0.15707618,8.077122e-05,1
1201,0,even,0.9999994,5.2431175e-09,7.66704e-09,6.3053943e-07,1.785581e-11,4.6522842e-08,0
1202,9,odd,9.082265e-07,1.4979811e-06,0.99995697,7.8772934e-12,4.0694566e-05,1.7193674e-08,2
1203,5,odd,0.009374655,0.00011306412,5.716558e-05,0.0022829832,0.9880569,0.000115160474,4
1204,2,even,8.377016e-12,1.0,3.894799e-15,1.1395341e-14,4.7212165e-12,6.14458e-12,1
1205,5,odd,0.00028782594,8.184987e-06,2.6282487e-05,0.78637165,0.21329506,1.1014041e-05,3
1206,8,even,0.0022173785,0.00015224921,1.747942e-05,0.04155801,0.95601064,4.416403e-05,4
1207,0,even,0.99999857,6.759506e-12,4.2920664e-08,1.4664736e-06,5.6177177e-12,2.8791984e-09,0
1208,8,even,3.082822e-08,6.868261e-06,1.7984024e-09,2.787739e-08,0.9999931,6.528248e-09,4
1209,7,odd,0.0005831031,0.94228727,0.045497112,3.3456348e-07,0.008054797,0.0035773683,1
1210,1,odd,0.005474351,0.64680415,0.014760034,7.5384787e-06,0.32947826,0.0034755506,1
1211,2,even,7.3306837e-16,1.0,4.1539875e-22,2.7703178e-24,3.1389052e-17,8.152578e-17,1
1212,8,even,4.7796476e-08,4.9236704e-09,1.1555105e-08,7.374484e-11,0.9999999,1.8754875e-10,4
1213,0,even,0.99999976,1.4862758e-09,1.8132502e-08,5.5811462e-08,1.6689092e-12,2.2034781e-07,0
1214,0,even,1.0,1.06115235e-10,2.5149316e-10,4.804111e-10,1.746267e-14,1.343702e-09,0
1215,4,even,6.706563e-08,3.8246841e-07,0.99999917,1.875641e-09,4.0139722e-07,2.160935e-08,2
1216,0,even,1.0,1.3204339e-14,7.465786e-14,2.5020121e-11,5.9649603e-18,1.842635e-11,0
1217,0,even,1.0,1.2088473e-10,5.5239816e-11,3.6259426e-08,2.5880246e-12,3.0175569e-09,0
1218,4,even,6.8010427e-06,4.6344767e-06,0.999979,4.1247463e-06,3.178593e-06,2.1074597e-06,2
1219,5,odd,0.0001753309,7.0395163e-06,7.649448e-09,1.8937838e-08,0.99981755,1.21861e-07,4
1220,2,even,3.3586893e-09,0.9999999,8.346964e-09,1.2416442e-07,2.1363546e-09,1.3791245e-08,1
1221,2,even,3.8446114e-14,1.0,6.5007725e-16,3.375382e-12,7.160921e-09,4.990947e-12,1
1222,1,odd,2.612414e-05,0.00018926972,2.4781782e-06,2.36729e-05,0.9997527,5.748105e-06,4
1223,3,odd,7.263621e-08,0.00068719167,1.4235463e-10,9.673691e-12,0.99931276,8.882104e-09,4
1224,5,odd,5.7230636e-08,1.1018441e-06,1.0476975e-06,7.0037527e-09,0.9999976,7.344355e-08,4
1225,5,odd,0.9999696,3.1264797e-06,9.08874e-09,1.40117245e-05,8.47615e-08,1.3085635e-05,0
1226,9,odd,0.00057961396,0.0031281358,0.69457006,8.143521e-06,0.30144322,0.00027087625,2
1227,3,odd,1.523196e-06,6.846957e-06,8.736966e-09,3.20512e-09,0.99999166,3.161365e-08,4
1228,3,odd,0.98246574,0.017530639,7.875022e-09,5.1403903e-09,2.5494992e-07,3.4283473e-06,0
1229,8,even,4.874276e-10,7.724602e-08,1.1064152e-12,2.0587506e-11,0.9999999,1.932911e-11,4
1230,1,odd,0.001137215,0.008349631,0.0013305829,0.0007719702,0.98799044,0.00042012637,4
1231,5,odd,5.7192767e-05,1.3326459e-06,0.00022374092,0.00045278578,0.9992611,3.8320313e-06,4
1232,0,even,0.999966,6.578642e-06,1.6179252e-05,7.322995e-06,1.350013e-07,3.8598528e-06,0
1233,5,odd,0.0018415361,7.910133e-08,4.1359115e-05,5.8083293e-05,0.9980574,1.5401957e-06,4
1234,9,odd,0.9999958,2.0967533e-08,7.5680765e-07,2.5366894e-06,1.5769255e-10,9.809364e-07,0
1235,8,even,1.4653611e-07,5.0773547e-06,4.38689e-08,6.972945e-08,0.99999464,2.6922097e-08,4
1236,9,odd,9.4818815e-06,3.7583668e-05,0.82648885,2.2910153e-07,0.173454,9.80594e-06,2
1237,9,odd,2.4845424e-06,2.7517628e-05,0.9999238,2.8104583e-07,4.4998924e-05,8.6955856e-07,2
1238,0,even,1.0,9.457615e-19,3.1761118e-17,5.452159e-13,9.239392e-23,1.5912934e-13,0
1239,4,even,3.9348688e-08,8.6064335e-07,0.99999905,6.7563484e-09,1.05483e-08,1.0548925e-08,2
1240,5,odd,8.7617747e-07,1.2792541e-06,4.6854385e-08,5.783119e-06,0.9999919,1.6548361e-07,4
1241,7,odd,0.0065418934,0.9322568,0.045144986,4.3960947e-07,0.0027557453,0.013300186,1
1242,9,odd,0.76583296,0.00046656514,0.037088417,0.17280397,0.020783244,0.003024774,0
1243,1,odd,0.00011225658,0.012014304,0.00027873126,1.7994396e-05,0.9874765,0.00010022437,4
1244,7,odd,0.32781288,0.12895514,0.0008638092,1.1713163e-06,0.54178405,0.00058292394,4
1245,4,even,2.895371e-09,1.6989806e-09,0.9999999,2.0595754e-11,6.97394e-08,4.3158904e-10,2
1246,0,even,1.0,8.98572e-15,7.844791e-13,1.4057963e-13,8.712663e-19,2.1640612e-10,0
1247,4,even,3.7721446e-05,0.00035733898,0.9994042,0.00016040157,1.8853325e-05,2.1613463e-05,2
1248,6,even,5.5688606e-06,5.4956e-06,1.8271629e-07,0.99998856,1.2853145e-07,1.3987037e-07,3
1249,5,odd,0.5200032,0.00054306263,0.005418043,0.009836179,0.4617542,0.0024452938,0
1250,9,odd,1.4459917e-07,4.1193392e-08,0.99999976,1.5329749e-10,1.9641204e-08,2.5161704e-09,2
1251,4,even,2.6214236e-06,3.3903818e-06,0.9992919,0.00068933255,1.1393495e-05,1.2634436e-06,2
1252,3,odd,0.007538418,0.6052693,0.00014246996,0.33979654,0.045805983,0.0014472547,1
1253,5,odd,0.9961278,0.00031593986,0.00046179447,0.001019849,0.0015029442,0.0005717095,0
1254,0,even,0.9999995,6.23557e-08,1.7330778e-09,3.8512067e-07,3.1884446e-09,2.4376078e-08,0
1255,3,odd,0.0009627162,0.7176635,3.0840765e-06,2.9001214e-08,0.28128988,8.080226e-05,1
1256,9,odd,4.0533323e-06,1.3060654e-05,0.9999318,3.7767844e-08,4.8687067e-05,2.4081432e-06,2
1257,1,odd,0.0003942036,0.016800035,0.00043076804,0.0002752192,0.9815958,0.0005039739,4
1258,2,even,1.2183408e-07,0.9999999,4.1204843e-13,3.839776e-13,8.2524526e-10,1.7605046e-09,1
1259,2,even,2.8709184e-07,0.9999976,8.338934e-14,3.151561e-10,2.1783746e-06,7.0936235e-10,1
1260,8,even,4.555028e-05,5.4519827e-05,4.1172996e-05,2.0069513e-06,0.99985397,2.6883547e-06,4
1261,4,even,1.6294558e-09,3.041514e-09,1.0,1.9675159e-10,4.0420076e-08,4.0015785e-10,2
1262,6,even,0.09965495,7.582827e-05,0.014903197,0.8822656,0.0020235283,0.0010768437,3
1263,6,even,1.4668998e-09,5.901185e-13,4.9485208e-11,1.0,3.4365715e-11,4.4017548e-13,3
1264,3,odd,0.00029986748,6.1496634e-05,0.995398,1.0410565e-05,0.004183404,4.6881803e-05,2
1265,8,even,1.1596146e-09,9.600446e-09,2.0295302e-10,2.0917829e-10,1.0,9.38631e-11,4
1266,5,odd,5.9155636e-06,0.00022616124,1.257632e-08,0.15545133,0.84431505,1.538186e-06,4
1267,9,odd,1.3904706e-05,1.4864687e-05,0.99996054,8.7861e-07,5.6985837e-06,4.2211063e-06,2
1268,8,even,2.1140888e-06,1.514282e-05,1.5181193e-07,2.8754814e-06,0.99997926,5.2642355e-07,4
1269,0,even,0.9999975,2.5651127e-08,6.7401366e-08,1.7465261e-06,2.4477163e-09,6.546277e-07,0
1270,2,even,3.1144845e-07,0.9999969,1.3620571e-09,1.5251501e-08,2.324867e-06,3.249962e-07,1
1271,4,even,9.684195e-10,3.096719e-10,1.0,3.7894637e-10,2.237839e-09,1.7440338e-10,2
1272,9,odd,8.37568e-05,6.3398766e-05,0.7133217,2.1528771e-07,0.28650236,2.8496925e-05,2
1273,6,even,0.0001704352,5.542386e-06,1.5728374e-05,0.999696,0.00011015002,2.2024276e-06,3
1274,0,even,0.99999917,8.574348e-10,1.0615452e-08,6.988465e-07,1.1022106e-11,8.099756e-08,0
1275,2,even,1.5296712e-06,0.9999956,3.8183143e-07,2.3799294e-07,2.0435773e-06,2.8374654e-07,1
1276,8,even,5.204394e-08,2.5799519e-08,2.2384452e-09,1.2052386e-08,0.9999999,2.843525e-10,4
1277,3,odd,2.1129677e-05,0.99945134,4.067165e-09,1.7594617e-09,0.0005268886,7.501029e-07,1
1278,1,odd,0.0008222236,0.9047018,0.0010560253,3.081112e-05,0.0915188,0.0018702553,1
1279,0,even,0.9980641,3.6837373e-05,0.00014753187,0.0013055219,1.5403975e-05,0.00043062493,0
1280,5,odd,1.3645983e-05,2.926804e-09,9.0309646e-07,0.9999753,1.0011026e-05,1.5192707e-07,3
1281,0,even,1.0,1.41874e-12,4.411021e-11,3.464819e-08,9.317261e-15,3.0673692e-09,0
1282,2,even,6.236754e-10,0.9999995,8.7012696e-11,4.5228856e-09,4.6246794e-07,1.0766266e-08,1
1283,0,even,1.0,3.7523188e-12,8.501569e-12,3.235556e-10,1.9630372e-13,3.9249466e-09,0
1284,2,even,1.1698037e-07,0.9999906,1.0497653e-08,2.5330246e-07,8.59003e-06,4.4206152e-07,1
1285,3,odd,0.009850687,0.0040321173,0.006747882,4.4760127e-06,0.9784726,0.0008922,4
1286,9,odd,1.5356857e-06,3.8418975e-06,0.9999907,3.900439e-09,3.8085075e-06,8.542061e-08,2
1287,9,odd,8.341836e-05,2.7543236e-05,0.99977344,1.5514555e-05,8.25932e-05,1.7516248e-05,2
1288,5,odd,2.0377494e-05,2.2870736e-05,2.4844064e-07,0.88682103,0.11313461,8.9639866e-07,3
1289,1,odd,9.443718e-05,0.0026589024,3.0833966e-05,4.2724437e-06,0.9971722,3.929638e-05,4
1290,7,odd,0.015238365,0.65562147,0.29805392,2.6664029e-05,0.017799163,0.013260435,1
1291,0,even,1.0,6.6431396e-16,5.1385953e-15,4.6091606e-11,2.397379e-19,8.172777e-12,0
1292,1,odd,0.0032225805,0.01623979,0.14994976,0.018586384,0.81064594,0.0013555484,4
1293,6,even,0.0002428404,2.3983494e-05,1.0730112e-05,0.9993562,0.0003642408,1.9738964e-06,3
1294,1,odd,6.123905e-05,0.00022022659,7.4648983e-06,5.0891767e-06,0.9996978,8.189366e-06,4
1295,0,even,1.0,1.8616651e-15,1.8109162e-17,1.3090658e-15,3.2262275e-24,1.203173e-13,0
1296,1,odd,5.5474e-06,1.1281202e-05,1.4618848e-06,1.1751455e-05,0.9999689,1.0216011e-06,4
1297,1,odd,0.00030725382,0.0028680973,5.4000625e-06,4.353316e-05,0.9967237,5.2027197e-05,4
1298,4,even,1.8251289e-07,5.999916e-07,0.9999982,9.677656e-07,6.380102e-11,9.781156e-09,2
1299,0,even,0.9999999,1.16837406e-07,8.8871216e-10,4.8739994e-09,9.932674e-11,2.5122683e-08,0
1300,2,even,1.8717109e-17,1.0,9.10673e-25,9.771021e-26,6.705718e-17,1.2596254e-18,1
1301,7,odd,0.15265569,0.6166055,0.08356097,6.2933466e-08,0.14510871,0.002069002,1
1302,2,even,3.9610867e-11,1.0,4.8339905e-11,9.952516e-14,5.7919737e-12,1.4966846e-10,1
1303,0,even,0.9999641,3.848781e-06,1.3561986e-06,1.390807e-05,6.921866e-07,1.6055687e-05,0
1304,0,even,1.0,8.7226214e-16,1.537676e-13,5.376074e-09,4.1841356e-17,1.5522324e-10,0
1305,7,odd,0.0031066386,0.88683194,0.10000381,1.2630074e-06,0.003640167,0.006416168,1
1306,8,even,1.2886584e-09,5.007678e-07,1.6024846e-11,7.082885e-11,0.9999995,7.951178e-11,4
1307,4,even,1.2607279e-08,1.15595595e-08,1.0,1.08367204e-10,5.4502593e-08,3.3333785e-09,2
1308,4,even,3.5603344e-07,1.5136796e-06,0.99999774,7.611865e-08,7.4611506e-08,1.1334682e-07,2
1309,2,even,5.887664e-07,0.99999857,6.760354e-07,2.0012827e-09,1.0444432e-08,1.5242986e-07,1
1310,6,even,5.44101e-10,4.178133e-12,4.597979e-09,1.0,3.624357e-13,1.3504237e-12,3
1311,7,odd,0.00041566516,0.6728993,0.3156712,8.4076984e-10,0.009601781,0.0014120603,1
1312,0,even,0.9999999,1.9481408e-08,3.9968127e-09,6.317589e-08,1.1980161e-09,1.18513945e-08,0
1313,2,even,4.399701e-08,1.0,3.7021912e-09,1.2852194e-10,3.8780854e-10,9.768702e-09,1
1314,6,even,8.9538194e-10,6.602223e-13,4.301052e-09,1.0,6.377062e-14,1.3433206e-12,3
1315,4,even,9.925225e-07,2.4226694e-07,0.9999982,4.2775687e-07,1.3417444e-07,2.8837936e-08,2
1316,3,odd,0.1450458,0.00012338885,0.0002125186,0.83828557,0.015873443,0.0004593005,3
1317,1,odd,2.2818838e-05,9.746605e-05,9.355237e-06,4.201606e-06,0.99986196,4.201394e-06,4
1318,3,odd,0.106655635,0.8747909,5.843535e-05,3.7957489e-06,0.01730565,0.0011856435,1
1319,0,even,0.99999547,6.6696835e-08,9.8318985e-08,3.8209896e-06,2.4988034e-09,4.825407e-07,0
1320,5,odd,0.00039896378,5.438127e-07,9.503148e-05,0.99885976,0.00064327003,2.5309919e-06,3
1321,9,odd,0.0008174111,0.00010803875,0.9918025,0.00026691263,0.0069682105,3.6937166e-05,2
1322,7,odd,6.2426305e-05,0.9998536,7.0849404e-05,1.0107602e-11,5.647686e-07,1.2457727e-05,1
1323,7,odd,1.4587796e-05,0.9933078,0.00015259148,7.552445e-10,0.0064643538,6.062809e-05,1
1324,4,even,6.0737802e-06,2.037299e-05,0.9999728,5.214739e-07,6.5560792e-09,2.0045088e-07,2
1325,2,even,0.00032253546,0.99912745,0.0005477014,1.0971675e-08,3.4074816e-08,2.4301994e-06,1
1326,8,even,3.6938711e-06,3.1999236e-06,1.1384783e-07,2.3135252e-07,0.9999926,1.6695843e-07,4
1327,7,odd,0.9204464,0.0012211761,0.07427097,3.7046345e-07,0.0037981123,0.0002629921,0
1328,8,even,2.4695377e-09,2.4189713e-08,7.5402996e-11,9.887368e-11,1.0,7.577569e-11,4
1329,7,odd,0.011983977,0.004722249,0.048111454,2.8131757e-09,0.9344144,0.0007678919,4
1330,4,even,6.908034e-07,6.14512e-06,0.9999552,3.0628271e-07,3.539799e-05,2.2335166e-06,2
1331,2,even,2.2469854e-11,1.0,1.213776e-13,2.4148774e-16,2.6296276e-12,5.1712063e-12,1
1332,7,odd,0.7757806,0.016955905,0.116288915,1.9394402e-05,0.08886693,0.00208825,0
1333,3,odd,0.083021924,0.91519904,8.48645e-05,4.6568164e-07,0.0012969108,0.00039689083,1
1334,6,even,1.3322392e-08,1.9317006e-09,1.0674483e-08,1.0,1.7251754e-10,1.7954734e-10,3
1335,6,even,8.439996e-12,5.8692943e-13,9.752305e-12,1.0,5.0827406e-15,1.6150115e-14,3
1336,2,even,3.6330384e-06,0.9999895,3.7988522e-07,7.536695e-08,4.4649996e-06,2.0143414e-06,1
1337,7,odd,0.048287388,0.00040112037,0.95084745,5.277248e-07,0.0003913661,7.203979e-05,2
1338,2,even,6.431626e-18,1.0,2.6470436e-20,1.0035284e-20,1.6658713e-17,2.823427e-17,1
1339,3,odd,6.004663e-07,0.36698425,7.0944175e-09,5.0871668e-11,0.6330147,4.7768185e-07,4
1340,5,odd,0.0014435973,0.0001236178,4.9430764e-06,0.0040478157,0.9943141,6.598037e-05,4
1341,3,odd,1.604226e-06,0.9999634,3.4432397e-09,8.609278e-09,3.4659428e-05,4.0995653e-07,1
1342,5,odd,9.454866e-06,1.4080805e-05,3.6369823e-07,0.00050152844,0.99947387,7.566493e-07,4
1343,9,odd,0.061171845,0.0018235458,0.93569356,1.2071847e-05,0.0010455416,0.0002535501,2
1344,0,even,0.99999857,1.4611567e-07,7.0509174e-08,1.0240788e-06,2.6476568e-08,8.9477034e-08,0
1345,9,odd,3.8230242e-05,2.0898788e-06,0.99901724,3.4444068e-09,0.00093579205,6.536508e-06,2
1346,4,even,1.3678904e-07,2.322859e-08,0.9999989,7.1359295e-07,1.8059632e-07,1.138424e-08,2
1347,7,odd,0.7035197,0.18545166,0.101373,8.861471e-07,0.0019635367,0.0076911137,0
1348,3,odd,0.00014320952,0.9988127,8.108362e-11,1.4459922e-11,0.0010439607,1.2730256e-07,1
1349,6,even,7.201213e-10,1.2158893e-09,4.3585047e-09,1.0,6.531559e-12,1.1102505e-11,3
1350,6,even,3.81937e-05,3.7034777e-05,2.7789436e-06,0.9998971,2.339401e-05,1.4977102e-06,3
1351,3,odd,0.0031413995,0.00021067128,0.2329648,0.76253533,0.0009802681,0.00016749791,3
1352,0,even,0.9999981,1.4954581e-07,1.12431495e-08,1.3486724e-06,1.1151863e-09,4.6549476e-07,0
1353,4,even,1.8966565e-08,1.5429181e-08,1.0,1.6312812e-09,5.5070007e-08,3.066901e-09,2
1354,6,even,6.304749e-07,4.758646e-06,2.0158598e-08,0.9999944,2.934694e-07,1.3370123e-08,3
1355,4,even,4.4872104e-07,2.6591305e-08,0.9999988,4.3439388e-07,3.3351044e-09,2.3690154e-07,2
1356,6,even,6.138301e-07,2.612329e-08,7.752924e-06,0.99999166,4.8808785e-10,1.1124135e-08,3
1357,1,odd,0.0006067015,0.0005333315,5.3693184e-06,9.7560405e-05,0.9986733,8.368581e-05,4
1358,2,even,3.0334127e-14,1.0,4.9872304e-14,7.5113673e-13,5.4422106e-11,5.680532e-12,1
1359,2,even,1.6191591e-15,1.0,8.354699e-18,2.4405368e-18,1.215917e-13,1.285315e-14,1
1360,2,even,3.3087163e-06,0.99997485,9.930723e-07,9.586025e-07,1.3100149e-05,6.750303e-06,1
1361,0,even,1.0,1.176072e-11,9.934305e-11,1.7931137e-08,1.4969135e-13,1.755281e-09,0
1362,8,even,1.8421002e-08,7.692829e-08,1.5622275e-09,4.2724566e-10,0.9999999,1.3998642e-09,4
1363,2,even,5.4963703e-08,1.0,1.9452419e-11,1.833791e-13,1.8609928e-09,1.2137854e-09,1
1364,5,odd,0.021346148,0.00028116378,0.00023546463,0.014468747,0.9626354,0.0010329924,4
1365,1,odd,0.00020807986,0.00054487266,7.988951e-05,0.0034392576,0.99565303,7.488067e-05,4
1366,6,even,4.9148325e-09,1.3828893e-11,8.2194646e-10,1.0,7.158483e-11,6.0289174e-12,3
1367,9,odd,0.0030272359,0.0020426342,0.86146975,1.2253519e-06,0.13324629,0.0002128655,2
1368,1,odd,0.00023235804,3.6348138e-06,0.0024372465,0.0001166823,0.9971937,1.6461143e-05,4
1369,7,odd,0.0011692953,0.04059354,0.95220155,5.8322476e-09,0.005183106,0.00085245207,2
1370,1,odd,0.00025787237,0.00019971673,0.00054304063,0.0013507467,0.99760383,4.486088e-05,4
1371,2,even,7.833235e-09,1.0,6.161172e-13,1.830025e-12,1.13442615e-08,9.51164e-10,1
1372,4,even,8.112266e-09,7.878532e-09,1.0,1.7888359e-09,1.6292041e-09,1.2574923e-09,2
1373,0,even,0.9999999,3.8051274e-11,6.523784e-10,9.839606e-10,1.1665974e-14,9.555125e-08,0
1374,7,odd,0.3734956,4.897067e-05,0.45230603,0.08461939,0.00916329,0.08036664,2
1375,8,even,1.5099835e-05,2.7605483e-05,1.1483728e-06,1.831769e-06,0.99995375,5.8035533e-07,4
1376,5,odd,0.00069244474,2.9368859e-05,0.83409727,0.00014054285,0.16491985,0.00012057042,2
1377,1,odd,0.00046950713,3.8745664e-05,0.99923193,1.0025454e-05,0.00020535976,4.4424534e-05,2
1378,2,even,0.0006263757,0.99208975,0.001133585,9.2889044e-05,0.0059286417,0.00012876531,1
1379,4,even,7.454279e-09,1.0919725e-08,1.0,6.784862e-11,3.0202e-09,2.6176852e-10,2
1380,6,even,0.0031563647,0.0009919036,0.006758608,0.3491845,0.6398693,3.9376366e-05,4
1381,8,even,5.5546714e-08,1.16190195e-08,1.669309e-10,1.4980067e-10,0.9999999,1.2413606e-10,4
1382,2,even,1.4096683e-08,0.9999994,1.995829e-13,2.5241161e-12,5.8558237e-07,1.0631862e-09,1
1383,8,even,1.2827174e-07,3.134488e-07,4.6624876e-07,2.9446239e-09,0.99999905,2.5284617e-08,4
1384,1,odd,0.0002592819,0.0018073173,2.2087293e-05,0.00038606266,0.99745077,7.448564e-05,4
1385,8,even,5.222512e-06,4.65916e-06,3.8969147e-06,3.7933196e-07,0.99998546,3.382724e-07,4
1386,2,even,6.24488e-08,0.9999999,2.2648114e-11,4.463106e-09,4.9247415e-09,9.954002e-09,1
1387,9,odd,0.06983611,0.61633676,0.21180332,8.085581e-06,0.06976292,0.032252837,1
1388,8,even,4.0576542e-05,4.8163275e-07,4.4528161e-07,1.5238967e-06,0.9999566,3.3805077e-07,4
1389,8,even,2.1305004e-06,7.041532e-06,1.2828298e-07,9.864603e-07,0.9999894,3.175531e-07,4
1390,8,even,2.3214551e-10,3.1639833e-09,8.717255e-11,1.2664039e-11,1.0,1.5845351e-11,4
1391,8,even,8.958319e-08,1.2372317e-07,3.3403896e-10,1.8491086e-08,0.99999976,1.315851e-09,4
1392,1,odd,2.9547242e-05,0.00026873773,3.592615e-06,1.4979453e-05,0.9996762,6.92636e-06,4
1393,3,odd,0.0006871133,0.0004829439,7.629959e-05,1.5010359e-07,0.9987425,1.0978221e-05,4
1394,3,odd,0.0014640328,0.006107352,0.0009196129,4.4462678e-07,0.9912375,0.00027111085,4
1395,5,odd,0.018770486,0.000589003,0.0012643335,5.227065e-05,0.9792228,0.00010106843,4
1396,5,odd,0.00096214464,0.001405825,4.3996242e-06,4.105505e-05,0.99756974,1.6726673e-05,4
1397,1,odd,4.7925474e-05,2.8329472e-05,1.6501971e-06,5.3819426e-06,0.9999145,2.1237586e-06,4
1398,7,odd,0.10184745,6.769139e-05,0.89755595,0.00012601032,3.638842e-05,0.00036647267,2
1399,0,even,0.9999988,8.362511e-08,3.9347178e-08,1.7122406e-07,4.3973485e-11,9.1029636e-07,0
1400,7,odd,0.028516406,0.24193418,0.54225886,1.9128017e-06,0.18169236,0.0055963076,2
1401,3,odd,0.53186625,0.3347324,5.220784e-06,6.7515364e-05,0.13309446,0.00023412326,0
1402,6,even,2.534548e-08,2.5499711e-09,4.8382383e-09,1.0,8.700482e-10,1.3060315e-10,3
1403,4,even,6.400796e-06,1.09854106e-07,0.99998105,5.492457e-06,6.624682e-06,2.8952974e-07,2
1404,6,even,0.014274257,1.8141345e-06,1.4209935e-06,0.9857196,5.446874e-07,2.3499877e-06,3
1405,6,even,2.1993825e-05,5.0352683e-05,1.3368299e-06,0.9988961,0.0010286161,1.5680138e-06,3
1406,8,even,1.2440211e-09,0.011842407,1.7999628e-13,7.094464e-11,0.9881576,8.3890334e-10,4
1407,8,even,8.042522e-09,2.8219594e-08,1.9705243e-10,1.7021001e-10,1.0,3.2846784e-10,4
1408,4,even,3.340386e-09,2.4421043e-08,1.0,1.6375049e-11,1.3489816e-09,4.0102352e-10,2
1409,4,even,5.588197e-08,2.7113327e-07,0.99999964,1.7934687e-08,1.3957135e-08,1.0604226e-08,2
1410,1,odd,0.001020231,0.00078762503,6.328533e-05,2.6911119e-05,0.9980081,9.383343e-05,4
1411,2,even,5.014272e-10,1.0,2.159541e-11,1.102916e-15,6.3481126e-12,4.837541e-11,1
1412,2,even,1.0972999e-17,1.0,2.4764682e-23,7.4282175e-25,2.0057482e-17,1.0233262e-18,1
1413,7,odd,0.0016571517,0.0006417682,0.9962759,1.3631954e-07,0.0012084354,0.00021659088,2
1414,2,even,1.2042718e-11,1.0,5.8313285e-11,2.8165043e-10,1.9563494e-10,1.4024856e-10,1
1415,5,odd,0.064877264,2.5846075e-06,0.00019603306,1.8608322e-05,0.93488395,2.1474372e-05,4
1416,0,even,1.0,3.3833917e-17,3.9728446e-15,5.0131593e-11,1.967582e-19,2.502918e-12,0
1417,2,even,6.0809767e-13,1.0,3.8995541e-16,3.8255247e-19,6.2671125e-15,2.6232578e-14,1
1418,6,even,2.1870505e-09,1.9579558e-09,1.9651138e-08,1.0,3.4978656e-12,6.791219e-11,3
1419,5,odd,0.58956116,0.07433824,0.18171945,5.072856e-06,0.13767697,0.016699187,0
1420,5,odd,5.4629883e-05,7.0827477e-06,3.9864304e-07,0.012908205,0.9870286,1.0708893e-06,4
1421,3,odd,0.038556196,0.30100647,5.4777644e-07,0.002149875,0.65815425,0.00013266834,4
1422,0,even,0.9999471,1.8429932e-05,2.3390114e-05,6.9464104e-06,1.1332774e-06,3.0046867e-06,0
1423,8,even,2.0334281e-07,5.6984913e-07,6.9718536e-10,5.17792e-10,0.9999993,1.8523402e-09,4
1424,8,even,2.7044138e-07,1.1377866e-06,1.2765851e-08,1.4550333e-08,0.99999857,1.6459692e-08,4
1425,0,even,0.9986513,0.0013199807,1.1897106e-05,1.1410425e-06,3.84911e-06,1.1743014e-05,0
1426,3,odd,0.009714923,0.98220086,1.8701096e-05,0.003537977,0.0037812865,0.0007461105,1
1427,4,even,6.954489e-07,6.6778443e-07,0.9999969,1.8698644e-07,1.3357337e-06,2.2171547e-07,2
1428,9,odd,3.797474e-07,9.978639e-08,0.9999995,1.9063844e-10,9.064809e-09,2.7470806e-09,2
1429,0,even,0.9999999,1.8197013e-12,1.4922717e-10,1.5581611e-07,1.9736833e-14,6.436564e-09,0
1430,6,even,1.0344008e-07,7.6652833e-07,2.4905615e-09,0.99999905,7.45877e-08,7.755029e-10,3
1431,7,odd,4.4059263e-05,0.41955307,2.9636712e-07,1.1454051e-09,0.58040047,2.1062115e-06,4
1432,1,odd,0.00020003419,0.00065850455,6.841e-05,7.878268e-05,0.99895906,3.521999e-05,4
1433,9,odd,7.397704e-05,1.1820969e-06,0.9999192,5.7483584e-07,4.3503023e-06,6.798382e-07,2
1434,1,odd,0.008248152,0.0803631,0.37302363,0.14363042,0.38857463,0.00616001,4
1435,4,even,9.231327e-08,6.320767e-06,0.9999888,4.5907973e-06,5.13144e-10,6.448525e-08,2
1436,9,odd,4.468748e-05,2.313963e-05,0.99983656,7.897591e-07,8.6413755e-05,8.401632e-06,2
1437,5,odd,0.009624271,2.1807105e-07,4.312519e-07,0.0021147938,0.9882599,4.043455e-07,4
1438,6,even,1.0881625e-10,1.81783e-10,6.8126225e-12,1.0,2.739982e-12,2.4180245e-13,3
1439,7,odd,0.030346232,0.0065993955,0.91403645,3.534325e-08,0.048543368,0.0004745824,2
1440,2,even,2.3205533e-09,1.0,3.8441738e-13,8.152657e-13,6.376159e-11,2.3359262e-10,1
1441,1,odd,0.006874284,0.055974122,0.0014690524,0.0015408213,0.92940885,0.004732958,4
1442,0,even,1.0,9.009644e-15,5.432291e-13,5.7640503e-11,1.4912956e-18,1.4438313e-11,0
1443,8,even,3.8524148e-10,1.5758333e-08,9.597763e-11,1.0986812e-11,1.0,4.2436558e-11,4
1444,7,odd,0.022678558,0.7656595,0.0821122,1.9685355e-07,0.106688656,0.0228608,1
1445,9,odd,0.0021082154,7.169255e-06,0.9978071,6.1719584e-05,9.989338e-06,5.7969987e-06,2
1446,1,odd,0.0020319887,0.99202454,7.2161405e-05,5.4503016e-05,0.005362194,0.00045459246,1
1447,1,odd,0.0029736892,0.012220365,0.00025597986,0.00068403844,0.9829904,0.0008755324,4
1448,8,even,2.0213962e-07,1.3208565e-06,2.7528383e-08,5.9703735e-09,0.99999845,2.1813863e-08,4
1449,4,even,2.9911882e-07,8.478441e-07,0.99996734,1.28763695e-05,1.8306282e-05,1.9158452e-07,2
1450,4,even,4.1491574e-05,1.1644951e-05,0.9999312,1.3804187e-05,1.5941811e-07,1.6143741e-06,2
1451,0,even,1.0,1.0744817e-11,4.4142927e-12,7.145197e-11,1.4321989e-15,1.4000347e-10,0
1452,8,even,2.4629372e-07,2.7850524e-06,2.1133508e-07,1.9916156e-08,0.9999968,4.24059e-08,4
1453,1,odd,3.9107712e-05,0.00016446193,3.988412e-06,0.00036733586,0.9994166,8.58023e-06,4
1454,6,even,7.500352e-07,1.4218455e-05,2.507687e-08,0.9999752,9.796901e-06,3.099322e-08,3
1455,2,even,1.0537066e-09,1.0,5.131683e-14,4.888136e-15,2.3111103e-12,4.941881e-11,1
1456,5,odd,0.047863625,0.0002978078,1.6684327e-06,0.018079774,0.93363464,0.00012253963,4
1457,4,even,1.3985067e-08,6.8549943e-09,1.0,5.4827694e-08,1.5999804e-08,2.1635174e-09,2
1458,9,odd,2.1935537e-06,4.401236e-06,0.99989474,6.850489e-11,9.8415796e-05,2.902462e-07,2
1459,3,odd,6.0140595e-05,0.9992391,1.7070653e-09,4.156239e-10,0.0007005302,2.5217943e-07,1
1460,1,odd,0.00049502344,0.00015837011,8.449261e-06,0.0010109892,0.99831367,1.3551766e-05,4
1461,2,even,1.6412429e-13,1.0,8.810994e-12,3.5141941e-13,1.09652974e-10,1.489578e-11,1
1462,0,even,0.9997502,1.3292039e-06,1.3406742e-06,0.00023857567,5.276777e-10,8.598438e-06,0
1463,4,even,3.093766e-07,1.1593627e-05,0.99997723,1.6495358e-06,8.68051e-06,4.7516826e-07,2
1464,3,odd,0.00010445476,0.00039255986,1.1714067e-07,4.2744898e-07,0.99950147,9.402331e-07,4
1465,8,even,3.4228776e-08,1.8223854e-07,4.7306776e-09,2.2003105e-08,0.99999976,5.942774e-09,4
1466,9,odd,6.8380973e-06,2.4935907e-05,0.99994516,1.7547047e-05,6.622691e-07,4.784143e-06,2
1467,7,odd,0.101246655,0.3654816,0.50937647,1.5971158e-07,0.008583525,0.015311592,2
1468,9,odd,2.8520305e-06,0.00014951348,0.99959916,1.2081198e-08,0.00024737598,1.0778114e-06,2
1469,4,even,1.1597528e-05,4.9532242e-05,0.9911747,9.003105e-08,0.0087351985,2.8856213e-05,2
1470,6,even,1.2586265e-05,1.4613194e-05,1.2251058e-07,0.9999268,4.5658417e-05,1.9575361e-07,3
1471,4,even,9.551823e-09,6.407268e-08,0.9999999,6.202223e-10,9.793234e-09,4.109724e-09,2
1472,7,odd,5.345698e-08,1.8215865e-09,1.0,1.9497318e-12,3.2939529e-09,1.1025199e-09,2
1473,0,even,1.0,6.404442e-13,2.955758e-12,5.0858547e-11,3.7349296e-17,2.371621e-10,0
1474,7,odd,0.00014443818,8.986195e-07,0.99981123,3.748648e-05,1.5894519e-06,4.368982e-06,2
1475,6,even,3.3737923e-08,5.4682703e-09,2.061948e-09,1.0,1.895697e-09,1.1393626e-10,3
1476,1,odd,2.0912767e-05,2.3393191e-05,1.8800213e-06,8.413021e-05,0.9998679,1.7296771e-06,4
1477,3,odd,0.000119441116,0.00074188743,7.1960073e-07,0.11506922,0.8840519,1.6760692e-05,4
1478,2,even,3.4768388e-09,1.0,9.356492e-19,6.4246065e-20,1.9411202e-15,8.69048e-14,1
1479,5,odd,0.24489795,0.011358961,0.0033510213,0.02735604,0.7116868,0.0013492111,4
1480,5,odd,0.18024676,9.248587e-06,0.03336674,0.0018568803,0.78409797,0.00042243052,4
1481,7,odd,0.31108576,0.01290959,0.0014333086,4.576389e-08,0.67450404,6.7254165e-05,4
1482,7,odd,0.0034041652,0.91754866,0.077097006,6.24251e-09,0.0005173911,0.0014327341,1
1483,9,odd,0.001993989,0.0015482504,0.7313463,0.00045920745,0.2644806,0.00017165302,2
1484,9,odd,1.5201726e-05,8.765233e-07,0.999944,6.6777512e-09,3.9351085e-05,5.811139e-07,2
1485,6,even,1.4064924e-06,2.849031e-10,2.3465383e-09,0.99999845,1.1156153e-07,5.6071464e-10,3
1486,2,even,4.6145327e-12,1.0,1.8634538e-17,1.7779845e-17,5.09781e-11,2.0872961e-13,1
1487,2,even,7.6290535e-10,0.9999999,1.3999511e-07,2.436401e-11,1.6046761e-10,3.0925351e-09,1
1488,5,odd,0.0012788909,6.0559465e-05,0.000754323,0.101155676,0.8966906,6.0012415e-05,4
1489,5,odd,6.590395e-05,2.8278257e-06,1.8551853e-05,0.00243972,0.9974688,4.14353e-06,4
1490,7,odd,0.0001302927,0.99883264,0.0003662215,1.277877e-08,0.0005776542,9.317409e-05,1
1491,1,odd,0.00059149275,0.028940994,0.0001690954,0.00019161639,0.9695379,0.0005689249,4
1492,6,even,6.330493e-09,1.3616587e-09,1.47889e-09,1.0,6.7769595e-11,4.6493084e-11,3
1493,0,even,1.0,3.7742847e-11,1.1904255e-11,2.1643985e-11,1.5860685e-14,2.976944e-10,0
1494,3,odd,4.1615414e-05,3.800287e-05,7.9485694e-08,3.4214572e-05,0.99988544,6.171822e-07,4
1495,2,even,3.237145e-12,1.0,6.46424e-11,2.798993e-13,3.041234e-10,4.5685573e-11,1
1496,3,odd,0.00020795947,0.9996197,7.840026e-10,1.8440419e-09,0.0001717777,5.2948275e-07,1
1497,4,even,0.00045551444,0.00011637428,0.9993237,4.9235854e-07,9.0129346e-05,1.3703044e-05,2
1498,6,even,9.34878e-05,1.303399e-07,0.0027797706,0.99712473,5.937698e-07,1.3054014e-06,3
1499,3,odd,2.0437216e-09,1.0,7.31217e-15,1.5049384e-16,6.1436106e-11,6.618718e-12,1
1500,5,odd,0.06294594,0.00019372176,4.6199344e-05,0.0007711429,0.9359354,0.00010763131,4
1501,2,even,6.3274674e-06,0.99999356,3.727992e-11,2.8246024e-11,8.94585e-08,5.014261e-09,1
1502,7,odd,0.0015640319,0.8116348,0.025868556,1.8656193e-08,0.1575816,0.0033511159,1
1503,4,even,1.8660021e-06,4.4511144e-06,0.99999344,1.0660055e-07,6.116346e-09,8.672202e-08,2
1504,8,even,0.0006552411,0.0011487063,0.00016906836,0.001338904,0.9966515,3.6544112e-05,4
1505,3,odd,1.348567e-05,0.9721062,5.036221e-09,2.9084202e-10,0.027879091,1.281595e-06,1
1506,7,odd,1.182278e-05,0.00012217466,0.9998431,2.8020114e-08,5.1099505e-06,1.7749619e-05,2
1507,4,even,7.886397e-12,2.6863723e-11,1.0,1.2239282e-13,8.028375e-13,1.3578805e-12,2
1508,9,odd,0.0011665503,0.0014261822,0.9593833,1.6036013e-06,0.03721462,0.00080776843,2
1509,8,even,1.394386e-06,1.7171436e-06,9.101031e-08,5.296556e-09,0.9999968,4.2133077e-08,4
1510,5,odd,0.0008460469,3.5788726e-05,0.026430396,2.560653e-05,0.9726418,2.0290385e-05,4
1511,7,odd,0.94525766,5.652853e-07,0.05317776,0.0011079182,1.7445404e-06,0.0004544902,0
1512,0,even,0.99999833,2.7457182e-07,1.0669315e-08,1.2621514e-06,2.9023624e-08,6.228822e-08,0
1513,3,odd,0.0007170551,0.78357995,1.1697593e-08,6.4760347e-10,0.2157011,1.9922395e-06,1
1514,2,even,5.4970904e-13,1.0,1.4116678e-16,8.827485e-18,5.347429e-13,3.1900697e-13,1
1515,8,even,1.6574653e-05,2.5127805e-05,9.829812e-07,1.5582663e-06,0.99995434,1.4451865e-06,4
1516,0,even,0.9999863,1.18576045e-05,8.99691e-07,2.521605e-08,5.3565152e-08,9.844744e-07,0
1517,4,even,5.375362e-05,1.5285829e-06,0.9894729,0.010460803,6.505026e-07,1.0214328e-05,2
1518,4,even,1.0635757e-05,5.907165e-06,0.9999745,3.5788023e-06,2.5347324e-06,2.841195e-06,2
1519,6,even,5.65984e-07,1.4817521e-08,1.4915042e-07,0.9999989,3.6480904e-07,3.357783e-09,3
1520,8,even,1.4975019e-05,5.283754e-05,1.28933525e-05,4.700423e-05,0.99986637,5.906751e-06,4
1521,1,odd,0.0003016642,0.0030302182,0.00013523873,0.00095259387,0.99542075,0.00015944609,4
1522,2,even,4.9920095e-07,0.9998995,1.9488493e-07,1.0123108e-05,8.6137545e-05,3.5003613e-06,1
1523,0,even,0.9988148,8.0865655e-05,0.00023972159,0.000509066,0.00016796918,0.00018768953,0
1524,2,even,6.002937e-13,1.0,4.2091978e-13,2.3092621e-10,5.937048e-11,1.447609e-11,1
1525,0,even,0.9999908,8.8305506e-15,2.7505404e-11,9.180347e-06,2.2603218e-17,1.0202169e-09,0
1526,1,odd,0.0006471397,0.024004055,0.00036285844,5.9445192e-05,0.974343,0.000583558,4
1527,0,even,0.99999964,1.4401032e-12,3.5505025e-08,3.8948838e-07,6.818004e-15,8.924238e-09,0
1528,1,odd,0.0005563485,0.0018744109,8.6422486e-05,0.0012982904,0.99592716,0.00025733537,4
1529,5,odd,1.15093094e-07,5.06196e-06,2.0735205e-10,8.892972e-05,0.9999058,9.681699e-09,4
1530,7,odd,0.04649142,0.94201183,0.0020237705,1.6182646e-08,0.009155036,0.00031777285,1
1531,6,even,6.990862e-07,3.9640634e-07,1.0455202e-07,0.9999987,7.2147806e-08,1.4137249e-08,3
1532,8,even,0.0002790019,8.276977e-05,0.14642683,0.00023644624,0.8529032,7.173785e-05,4
1533,7,odd,0.061564896,0.047588706,0.2235751,3.4195022e-08,0.65750766,0.009763686,4
1534,4,even,1.4695223e-07,1.3538828e-07,0.99999976,1.3265913e-09,3.5394283e-08,1.6161716e-08,2
1535,7,odd,0.0060385973,0.9793464,0.011830522,1.2075972e-05,0.0013946063,0.0013777312,1
1536,6,even,1.7054705e-07,3.2994603e-09,1.0299633e-08,0.99999964,6.8262e-08,4.515402e-10,3
1537,4,even,2.06283e-08,5.3342775e-09,1.0,4.019501e-10,4.2089533e-11,3.38826e-10,2
1538,8,even,1.9073992e-05,0.00013509132,6.6572613e-07,3.498618e-05,0.9998072,2.9517043e-06,4
1539,4,even,1.2391126e-07,2.4208885e-10,0.99999976,5.567282e-08,6.950713e-08,1.7486141e-09,2
1540,5,odd,0.00053527445,2.4911438e-05,0.00022734131,1.9492201e-05,0.9991774,1.5630478e-05,4
1541,3,odd,0.0011383621,0.0007439045,1.433354e-05,9.1902035e-07,0.9980679,3.4634297e-05,4
1542,2,even,1.3804333e-11,1.0,4.2550287e-14,1.5863531e-14,1.8009438e-10,1.4269719e-11,1
1543,4,even,3.8062808e-07,5.3869603e-06,0.9999938,7.824943e-09,2.6843279e-07,1.8370058e-07,2
1544,5,odd,0.39661735,0.00028741316,0.00014870381,0.00018179358,0.6026289,0.00013585555,4
1545,3,odd,5.3428485e-06,0.046440065,7.864229e-07,7.3508244e-10,0.9535533,4.1481516e-07,4
1546,3,odd,0.28888616,0.047519546,0.082596794,5.751241e-06,0.5771921,0.0037996478,4
1547,9,odd,0.00010247118,1.8759101e-05,0.99983156,2.9807265e-06,3.9176073e-05,5.047773e-06,2
1548,9,odd,3.5310095e-05,3.1200274e-05,0.9997733,2.5601648e-07,0.0001504275,9.534104e-06,2
1549,8,even,2.954884e-07,2.0717164e-06,2.5589565e-05,1.8879549e-08,0.9999716,3.1230698e-07,4
1550,9,odd,0.0018581988,0.00022048817,0.9972332,2.550799e-06,0.00067087525,1.4759353e-05,2
1551,7,odd,0.0073151626,0.9466208,0.0019000081,6.459361e-08,0.04387511,0.00028883424,1
1552,8,even,1.8726506e-06,6.7805837e-07,5.4968236e-08,7.0990137e-07,0.99999666,4.013723e-08,4
1553,4,even,1.63496e-05,8.5760126e-05,0.99989223,2.2158627e-06,2.4121578e-06,9.852439e-07,2
1554,1,odd,0.00889747,0.013135363,0.0026644722,0.007115916,0.9644216,0.0037651828,4
1555,5,odd,0.00022152255,0.00022423748,1.9655852e-08,5.439713e-07,0.99955326,3.042392e-07,4
1556,9,odd,3.7235745e-06,5.848476e-06,0.99998415,8.6118916e-08,5.2320916e-06,9.2074873e-07,2
1557,5,odd,7.4427826e-06,4.6304868e-10,4.2564666e-06,0.99965477,0.00033350152,1.8028599e-08,3
1558,0,even,0.9999933,9.827729e-07,2.408189e-07,4.355345e-06,9.306026e-08,9.3672463e-07,0
1559,2,even,1.0822107e-08,1.0,5.770073e-09,1.8971422e-11,5.377323e-10,4.4449093e-09,1
1560,5,odd,0.20223348,0.00084850314,0.7347197,0.0073996256,0.052732892,0.0020656711,2
1561,4,even,6.512868e-07,2.3727904e-07,0.9999975,1.1155951e-07,1.4693402e-06,1.1415978e-07,2
1562,4,even,3.1603179e-06,1.3366582e-07,0.99999034,6.204525e-06,1.5227334e-08,1.0144293e-07,2
1563,9,odd,0.00077186595,0.00017933274,0.9878199,3.2416121e-06,0.010448014,0.00077757786,2
1564,6,even,4.7623125e-12,2.184122e-11,4.100045e-10,1.0,2.0767039e-14,4.4442477e-13,3
1565,7,odd,3.142901e-06,0.9999801,1.3415287e-06,6.7718786e-10,1.44605165e-05,1.052974e-06,1
1566,4,even,5.0032594e-07,2.1633723e-06,0.99999714,1.6986593e-08,1.4534982e-07,1.404111e-07,2
1567,3,odd,0.00053616374,0.24800378,0.008426876,2.320191e-08,0.741807,0.0012261616,4
1568,0,even,0.99998796,3.396764e-08,8.477923e-08,1.1610735e-05,2.6535574e-09,3.5851414e-07,0
1569,0,even,0.99999976,6.3356373e-09,1.5583407e-09,3.5057404e-08,4.018793e-11,2.6623874e-07,0
1570,1,odd,4.9536873e-05,0.00016760682,2.3073142e-06,0.00016531894,0.9996062,9.022333e-06,4
1571,7,odd,0.00031240762,0.06216377,0.0062862574,2.504022e-09,0.9311634,7.416861e-05,4
1572,6,even,3.3996374e-05,5.8036267e-06,1.58739e-07,0.99995935,5.041983e-07,2.2356619e-07,3
1573,0,even,0.99796355,6.586549e-05,0.000108901855,0.00072143675,0.0010402151,0.00010008799,0
1574,8,even,7.6846365e-05,0.0005688057,0.00048872357,0.00050014205,0.9982591,0.00010636256,4
1575,6,even,0.036022607,0.0038200414,0.0015003325,0.9367238,0.02065468,0.0012786089,3
1576,6,even,2.3638477e-11,7.4383937e-11,4.715756e-11,1.0,1.206411e-13,2.459525e-13,3
1577,6,even,1.5972315e-10,4.1143257e-14,1.41015906e-11,1.0,3.2655004e-14,1.0513435e-13,3
1578,9,odd,7.4393415e-06,2.3647917e-06,0.9999695,4.8277688e-08,2.0527836e-05,2.722605e-07,2
1579,9,odd,1.3896409e-05,1.5203065e-05,0.9999578,1.9882804e-09,1.218486e-05,8.982165e-07,2
1580,2,even,1.4407294e-06,0.9999888,4.2966317e-06,1.589782e-07,5.4788325e-07,4.777084e-06,1
1581,0,even,0.9999974,3.157446e-09,9.3851526e-08,2.4233316e-06,1.3543605e-10,1.0974868e-07,0
1582,4,even,3.3006838e-08,2.0794532e-08,1.0,2.751639e-09,1.4433398e-09,2.3223379e-09,2
1583,0,even,1.0,1.1320392e-13,4.409315e-14,9.1099515e-12,1.9154385e-18,5.4228552e-11,0
1584,8,even,0.0001012842,0.0007270293,3.2229007e-05,6.164321e-06,0.9991003,3.295754e-05,4
1585,3,odd,0.9714437,0.0145475995,3.8726463e-05,1.2446002e-06,0.013234804,0.0007340114,0
1586,8,even,5.781365e-07,3.3082124e-06,4.5198516e-09,9.179366e-09,0.99999607,3.6601495e-08,4
1587,6,even,1.1844909e-12,2.583996e-15,3.474248e-12,1.0,1.9326297e-16,8.0536994e-16,3
1588,1,odd,0.00011022473,0.9550125,0.0009696849,1.7432725e-06,0.043168403,0.0007375644,1
1589,4,even,2.654485e-05,3.1640342e-05,0.99992144,1.365932e-07,1.3057516e-05,7.1453414e-06,2
1590,2,even,1.4878442e-07,0.9999987,3.9455338e-07,1.6471762e-07,1.6915496e-07,5.77944e-07,1
1591,7,odd,0.00010490372,0.9923006,0.000114328606,8.923622e-06,0.007307739,0.00016361893,1
1592,6,even,7.535304e-09,7.348376e-09,7.4134445e-09,1.0,5.423706e-10,1.393885e-10,3
1593,5,odd,0.36408517,0.0004801078,0.00012632996,0.001331115,0.6338539,0.00012335092,4
1594,0,even,1.0,8.1135465e-10,3.956686e-10,4.9138418e-08,2.0885396e-12,9.354113e-09,0
1595,4,even,2.4347702e-07,5.1894716e-07,0.9999976,2.8037636e-07,1.3181889e-06,9.448288e-08,2
1596,6,even,5.3167426e-10,4.8683485e-10,3.0256657e-09,1.0,6.096987e-11,6.9760274e-12,3
1597,0,even,1.0,7.1245005e-14,1.0192101e-11,6.104088e-10,1.0767988e-17,7.003913e-10,0
1598,7,odd,0.17451493,0.08174599,0.69713324,4.099415e-05,0.037670434,0.008894439,2
1599,1,odd,0.0016541542,0.08964916,0.0023056816,0.0002994428,0.9040928,0.0019987149,4
1600,1,odd,0.000112089314,0.0011695602,5.6208046e-05,0.000614812,0.9979971,5.0189912e-05,4
1601,4,even,7.305169e-08,1.2255353e-07,0.99999976,5.312824e-08,1.154224e-08,1.7416617e-08,2
1602,8,even,3.992803e-10,3.580805e-10,1.03638435e-11,2.8987456e-14,1.0,9.514784e-13,4
1603,5,odd,0.00023688171,9.0964395e-06,2.8654395e-05,2.1745047e-05,0.99969053,1.3102008e-05,4
1604,3,odd,3.156447e-06,0.9709335,2.8558004e-08,2.8967149e-08,0.029062368,1.0639795e-06,1
1605,6,even,3.5885183e-05,9.5942234e-08,1.563109e-06,0.9999615,6.7148125e-07,2.2479023e-07,3
1606,6,even,3.131743e-06,1.3692622e-07,2.686266e-06,0.99999404,2.9853332e-08,3.4122525e-08,3
1607,8,even,0.99987686,9.317628e-05,1.5780734e-05,5.299193e-06,3.6527274e-07,8.61519e-06,0
1608,0,even,1.0,7.447599e-17,2.14543e-15,2.0402638e-12,2.1932722e-19,2.7270517e-12,0
1609,4,even,5.8958554e-05,0.058656387,0.93997073,0.0009843891,0.00026925205,6.03368e-05,2
1610,2,even,1.8567347e-09,1.0,6.581007e-11,8.4242785e-13,1.7163475e-09,1.7373346e-09,1
1611,4,even,0.0001138569,0.0021320095,0.9967145,0.0007159076,0.00011537933,0.00020844316,2
1612,2,even,2.7070681e-09,0.99999833,2.4009494e-15,1.8816484e-09,1.6280468e-06,2.775442e-10,1
1613,4,even,1.055052e-05,1.0447143e-05,0.99997795,6.5672333e-07,2.1833815e-08,3.0134387e-07,2
1614,0,even,1.0,4.3774075e-13,9.226931e-14,9.588098e-12,1.02735203e-16,9.340657e-12,0
1615,9,odd,0.00032191875,7.581637e-07,0.9996612,7.261693e-06,3.1752472e-06,5.619086e-06,2
1616,8,even,4.625745e-06,2.1301257e-06,1.2018263e-07,2.8320278e-06,0.99999,3.7454117e-07,4
1617,1,odd,0.0006320506,0.0037722238,7.55395e-05,0.0008700394,0.9944378,0.00021233353,4
1618,2,even,1.5176245e-12,1.0,8.210697e-16,1.3173854e-17,4.6096e-15,1.6657094e-13,1
1619,6,even,4.6928108e-08,1.9701475e-11,3.452841e-10,1.0,1.4386428e-09,2.3347888e-11,3
1620,0,even,1.0,7.422007e-12,4.9118664e-11,2.1114163e-10,2.6438814e-15,1.6311847e-09,0
1621,6,even,1.08683416e-07,1.1286089e-09,9.256781e-08,0.99999964,1.0276857e-07,1.1473072e-09,3
1622,9,odd,8.008101e-05,0.00023469068,0.99790925,4.716374e-07,0.00165719,0.00011820644,2
1623,5,odd,0.29243782,0.00022314534,0.08685863,0.07080723,0.54489744,0.0047757532,4
1624,1,odd,9.151698e-05,0.00015029158,4.7648373e-06,4.431566e-07,0.99974674,6.175426e-06,4
1625,8,even,4.878852e-05,0.000107761574,2.1887233e-06,0.00011306367,0.9997236,4.5619877e-06,4
1626,7,odd,0.81738776,8.1398475e-06,0.17731746,0.004701766,0.00026571503,0.0003190825,0
1627,1,odd,0.0016273783,0.6526489,0.0027356106,0.00012769546,0.33880347,0.004056975,1
1628,1,odd,0.005249014,0.009832653,0.00014605047,0.003880572,0.9799738,0.00091782334,4
1629,2,even,1.6682682e-10,1.0,2.8948606e-11,6.6999314e-12,9.890476e-12,1.826094e-10,1
1630,3,odd,9.334839e-06,0.9360823,6.9537975e-09,3.4038175e-10,0.06390702,1.3123524e-06,1
1631,3,odd,7.792456e-06,0.9985965,0.0013902765,2.3796904e-09,1.8184811e-06,3.693554e-06,1
1632,2,even,0.00026953875,0.9996598,1.3020808e-10,1.2900918e-09,7.046173e-05,2.0614017e-07,1
1633,1,odd,0.0060489336,0.6852154,0.0050515486,6.86018e-06,0.3013076,0.002369577,1
1634,3,odd,0.30469176,0.00010060016,0.0005277953,0.62359786,0.0706169,0.00046506306,3
1635,5,odd,0.0008683129,1.5880572e-05,1.1520469e-06,0.012860363,0.98623395,2.030455e-05,4
1636,6,even,1.03885425e-11,2.4610243e-11,1.4692953e-11,1.0,2.7619933e-12,4.8493958e-14,3
1637,0,even,1.0,5.6616845e-10,2.530523e-09,2.7465683e-09,4.333807e-14,5.2904445e-09,0
1638,9,odd,0.0010108589,0.0017466448,0.99013513,1.735779e-05,0.006890278,0.00019975827,2
1639,2,even,4.086853e-09,0.9999963,5.0926943e-09,2.1301777e-10,3.726273e-06,3.084373e-08,1
1640,0,even,1.0,4.5298615e-10,4.4216875e-10,5.5519923e-08,7.188265e-12,2.5038815e-09,0
1641,1,odd,0.007655292,0.10175802,0.052840937,0.0016077489,0.83042675,0.0057112644,4
1642,8,even,5.2202612e-08,5.532309e-08,1.4880913e-09,5.683648e-10,0.9999999,9.897825e-10,4
1643,0,even,1.0,1.3444818e-12,1.3860302e-13,8.449274e-12,1.189311e-15,1.6825935e-11,0
1644,8,even,0.0068466677,0.0013143087,0.014191605,3.4172128e-05,0.97715867,0.0004546253,4
1645,1,odd,0.00011588776,0.0006535139,2.5623032e-05,0.00011715209,0.99906844,1.940158e-05,4
1646,0,even,1.0,5.3564157e-15,2.4824003e-14,1.6439142e-11,6.038909e-19,8.730595e-12,0
1647,2,even,1.7766286e-17,1.0,7.4449335e-23,3.8799054e-25,1.8090313e-17,4.927274e-18,1
1648,4,even,1.8643107e-07,7.408078e-07,0.9999988,2.9160583e-08,1.2398561e-07,6.6356876e-08,2
1649,1,odd,5.7306963e-05,8.734757e-06,1.149787e-07,3.3610163e-06,0.9999299,5.4789587e-07,4
1650,3,odd,0.00021952779,0.007546024,3.4163909e-06,6.661625e-08,0.9922043,2.670917e-05,4
1651,0,even,0.9999943,2.1501305e-06,1.2387727e-07,8.799352e-07,2.1915616e-06,4.383909e-07,0
1652,1,odd,5.1461106e-05,0.0006428533,1.842474e-05,1.7163161e-06,0.99926704,1.845951e-05,4
1653,8,even,1.205379e-08,3.8832187e-08,4.314253e-10,2.2734095e-09,1.0,6.367449e-10,4
1654,5,odd,0.80355054,0.025859915,0.007819339,0.006703906,0.15143512,0.0046312297,0
1655,6,even,3.0224777e-07,1.5560859e-07,1.8434638e-07,0.9999994,2.5384068e-08,7.8967455e-09,3
1656,7,odd,0.0070028896,0.88329047,0.10595962,3.937896e-10,0.0027902909,0.00095686386,1
1657,0,even,0.9995235,5.052596e-07,0.0003321396,0.00012650015,1.8104224e-06,1.5497044e-05,0
1658,0,even,1.0,4.8887455e-10,3.9716175e-11,1.0018047e-10,4.4261143e-15,1.7041347e-09,0
1659,2,even,7.934796e-13,1.0,5.818443e-14,1.954613e-16,7.039296e-14,1.1947741e-12,1
1660,1,odd,6.882792e-05,0.0003366766,2.4266677e-05,1.4986681e-05,0.9995378,1.7379303e-05,4
1661,6,even,5.3866466e-07,6.6337122e-09,3.014871e-07,0.99999917,2.8268834e-10,3.3699354e-09,3
1662,5,odd,0.013890233,9.4387564e-05,0.95886767,0.0006868397,0.026002815,0.00045802502,2
1663,1,odd,0.00021139551,0.0056368904,0.0001889911,1.5547575e-05,0.99375945,0.00018762874,4
1664,5,odd,0.0013798225,0.00023621012,0.0002822698,8.844846e-05,0.9979634,4.9822775e-05,4
1665,1,odd,0.00341178,0.29363552,0.0015274535,0.00015430896,0.69878685,0.0024840469,4
1666,1,odd,4.060647e-05,0.0011707953,1.5462672e-06,2.8528598e-06,0.9987729,1.1287704e-05,4
1667,4,even,2.2509387e-06,4.331788e-05,0.99993753,1.5349724e-05,1.7813277e-07,1.3732915e-06,2
1668,6,even,0.0006149144,0.000332093,8.442237e-06,0.9988403,0.00019292517,1.1445594e-05,3
1669,3,odd,0.0010779991,0.08791524,0.1254356,4.3597375e-09,0.78508013,0.0004909671,4
1670,6,even,1.0024322e-07,3.6185638e-10,8.404204e-07,0.99999905,3.2033727e-12,4.4906295e-10,3
1671,9,odd,1.3011784e-05,5.5470578e-06,0.9999119,2.692499e-09,6.810506e-05,1.450874e-06,2
1672,3,odd,0.00038494245,0.050652806,3.0699738e-08,6.954689e-08,0.94895905,3.1345476e-06,4
1673,0,even,1.0,1.2861467e-17,5.763648e-17,1.1031191e-13,1.5143088e-22,1.1680274e-13,0
1674,8,even,2.4234998e-05,3.5294583e-05,1.9203958e-07,2.0947294e-07,0.99993944,5.7934943e-07,4
1675,8,even,2.0624073e-05,1.1217996e-06,1.568833e-06,3.8892485e-09,0.99997663,1.6309608e-08,4
1676,9,odd,0.0051216036,0.018307293,0.88735926,0.00014328648,0.08115397,0.007914556,2
1677,4,even,6.448677e-10,1.07665286e-10,1.0,3.59709e-10,4.835694e-12,3.6113185e-11,2
1678,6,even,2.7450923e-08,2.3335845e-07,3.145996e-09,0.99999976,3.201146e-08,5.5301824e-10,3
1679,9,odd,6.721186e-05,6.848621e-05,0.99976116,2.0924505e-08,9.168533e-05,1.1489266e-05,2
1680,5,odd,0.008213274,0.093204744,0.7343161,0.009975889,0.14075795,0.013531997,2
1681,5,odd,0.08265028,0.000626504,0.000512287,0.031751946,0.88409096,0.00036798883,4
1682,4,even,0.00012439104,1.8561688e-05,0.9989041,0.00063304894,9.448828e-06,0.00031061555,2
1683,9,odd,7.67092e-06,1.8458644e-06,0.9999851,1.2702692e-07,4.5113343e-06,6.7494085e-07,2
1684,3,odd,0.004177824,0.034664173,0.004621176,2.2964426e-07,0.95531666,0.0012199089,4
1685,7,odd,0.0027665917,0.90761685,0.085493706,1.1313243e-07,0.0012284699,0.0028942605,1
1686,2,even,2.9941633e-05,0.9999696,2.9471474e-07,9.821074e-08,5.842147e-12,1.5719047e-07,1
1687,7,odd,0.03475171,6.584642e-05,0.00018811139,1.0218502e-07,0.96469307,0.00030114487,4
1688,2,even,2.2338857e-13,1.0,3.784479e-18,5.157735e-18,2.0808127e-13,2.8695027e-14,1
1689,4,even,4.5504925e-07,1.1644868e-07,0.9999994,9.243436e-09,1.3424006e-08,4.1727393e-08,2
1690,9,odd,0.00030977995,1.500025e-06,0.99967456,3.9609992e-07,1.1643961e-05,2.1133155e-06,2
1691,9,odd,6.997443e-08,1.445346e-08,0.9999999,9.017649e-09,1.08356234e-10,3.4225565e-09,2
1692,9,odd,1.9286786e-06,7.578124e-07,0.9999931,2.6330402e-10,3.826633e-06,3.0671697e-07,2
1693,8,even,0.0005570816,6.4837644e-05,5.0461375e-07,5.843939e-05,0.99931073,8.44412e-06,4
1694,3,odd,1.5571012e-06,0.9999511,3.9894072e-08,3.58637e-11,4.101392e-05,6.2835916e-06,1
1695,4,even,9.927516e-07,4.3616527e-07,0.9999876,3.774143e-08,1.0802758e-05,1.5699852e-07,2
1696,5,odd,0.98736537,0.012596419,6.363493e-08,2.0911924e-05,8.086869e-06,8.889872e-06,0
1697,8,even,0.0008036806,0.00087564444,0.0074919495,2.5293937e-06,0.9905562,0.0002700709,4
1698,3,odd,0.002046207,0.86349154,1.1004356e-06,1.7410382e-06,0.13437134,8.8150366e-05,1
1699,3,odd,9.239084e-06,0.99871516,7.8728024e-10,4.3916473e-10,0.0012753743,1.9155843e-07,1
1700,5,odd,1.4331517e-06,9.989224e-07,1.5706744e-06,2.9405076e-06,0.99999297,1.0719934e-07,4
1701,7,odd,0.0001749405,0.99970466,3.788222e-06,1.2282316e-09,0.00011480857,1.801898e-06,1
1702,6,even,5.623564e-10,6.0018923e-10,3.0732195e-09,1.0,2.4974053e-12,1.28009105e-11,3
1703,5,odd,0.00012387735,0.0014797489,2.2589588e-06,0.01778881,0.9805994,5.909919e-06,4
1704,3,odd,0.3510025,0.49575195,0.0014601597,0.009732951,0.12730277,0.014749647,1
1705,3,odd,0.81266063,0.1872127,8.1653125e-06,1.9740637e-06,1.4591697e-05,0.00010200253,0
1706,3,odd,0.003993229,0.22849542,2.9817647e-07,1.75673e-05,0.76746774,2.5799243e-05,4
1707,3,odd,0.00012050487,2.5971216e-05,4.5217153e-06,8.227544e-05,0.9997621,4.695723e-06,4
1708,6,even,4.7288968e-11,6.9036966e-14,2.5190832e-11,1.0,4.9866574e-15,2.2892334e-14,3
1709,8,even,1.1546807e-06,1.0470482e-06,2.6309021e-07,3.4052796e-09,0.9999975,1.1286673e-08,4
1710,1,odd,7.650835e-05,0.024003422,3.4997804e-06,1.1262268e-06,0.97588396,3.145009e-05,4
1711,5,odd,0.29326817,0.00028080255,0.0003462931,0.2303719,0.4747079,0.001024909,4
1712,2,even,1.4543693e-12,1.0,2.78341e-17,6.3922186e-19,5.867184e-15,1.2512279e-14,1
1713,2,even,3.067474e-13,1.0,4.9155466e-16,1.6704393e-18,2.217885e-16,7.41583e-14,1
1714,5,odd,0.10358022,0.014594167,0.025588151,0.027242955,0.8191381,0.009856376,4
1715,3,odd,0.026115531,0.00209436,4.2603865e-06,4.9930124e-05,0.9714562,0.00027967145,4
1716,9,odd,0.00056547555,0.0001587476,0.9898577,4.219374e-07,0.009269368,0.00014834799,2
1717,0,even,1.0,3.7132034e-12,1.1669347e-12,2.223735e-12,7.894244e-18,5.5231177e-11,0
1718,5,odd,0.0014423503,1.787278e-07,0.26506737,8.048686e-05,0.7334021,7.5686125e-06,4
1719,4,even,1.5731405e-06,1.5570045e-06,0.9999291,2.5466668e-06,6.3504216e-05,1.7552128e-06,2
1720,3,odd,2.1177295e-06,6.3642015e-05,1.02581524e-07,0.99993277,1.2281062e-06,8.1054615e-08,3
1721,7,odd,0.0011932488,0.7877028,0.15808243,5.5186153e-09,0.05027933,0.0027421974,1
1722,0,even,1.0,1.8860143e-12,2.686817e-12,1.3706667e-09,5.3718474e-14,1.4026093e-09,0
1723,9,odd,2.3331506e-05,0.0015296655,0.995557,1.9772216e-08,0.002879826,1.0128566e-05,2
1724,3,odd,3.2062966e-05,4.9115195e-05,2.818761e-06,1.7221352e-07,0.999915,8.314866e-07,4
1725,0,even,0.9998822,2.7848234e-06,3.998399e-06,0.00010361692,2.8405184e-06,4.505135e-06,0
1726,9,odd,0.0026221857,0.003422231,0.5984288,9.183535e-07,0.39542663,9.933597e-05,2
1727,3,odd,0.000116760304,9.045764e-05,2.1278042e-06,3.6476184e-05,0.9997445,9.596744e-06,4
1728,2,even,8.43341e-13,1.0,3.126828e-14,4.5517028e-18,2.1031374e-13,3.3668668e-13,1
1729,7,odd,0.9975668,0.0016366896,0.00024049006,5.047819e-09,0.00051976676,3.6277866e-05,0
1730,2,even,1.0084219e-06,0.99992096,7.394516e-05,1.6736196e-08,2.344081e-06,1.7531927e-06,1
1731,3,odd,6.2725044e-06,0.061221704,5.0437015e-09,1.10354156e-10,0.9387717,1.7132894e-07,4
1732,5,odd,0.0003391051,8.6936425e-06,3.3578146e-06,7.7667465e-08,0.9996331,1.5744614e-05,4
1733,9,odd,9.701929e-05,8.2871986e-05,0.99960715,1.8550782e-05,0.00010468101,8.974616e-05,2
1734,1,odd,0.00040227248,0.001258673,0.4567276,0.002240672,0.53922236,0.00014843831,4
1735,1,odd,0.001147216,0.21035437,4.1573487e-05,1.5860142e-05,0.78795177,0.0004891862,4
1736,5,odd,4.5720094e-06,1.8110447e-07,3.861781e-06,6.203243e-06,0.99998486,3.5940653e-07,4
1737,8,even,2.9321372e-06,8.348391e-06,0.00052518124,0.0012394413,0.9982236,5.034066e-07,4
1738,0,even,1.0,6.2294564e-14,1.0579496e-13,3.1183976e-08,1.8597436e-13,4.1996434e-11,0
1739,5,odd,8.378866e-05,7.447003e-07,4.099646e-08,3.7863086e-07,0.999915,5.177153e-08,4
1740,9,odd,0.0052132346,6.3886364e-05,0.88754135,0.0033587262,0.1037588,6.386407e-05,2
1741,0,even,1.0,6.3866685e-13,2.407161e-12,2.03014e-12,1.7447795e-17,2.4336533e-10,0
1742,4,even,7.558419e-07,3.2873368e-07,0.9999968,2.454524e-07,1.5711884e-06,3.768425e-07,2
1743,1,odd,0.00036540514,0.011783209,0.0021672256,0.0013864911,0.98393875,0.00035896522,4
1744,3,odd,1.7590874e-05,0.007492099,8.88117e-08,1.3150478e-07,0.992489,1.150823e-06,4
1745,4,even,6.470703e-05,0.00024687778,0.99889296,0.0007446259,2.5774856e-05,2.5113346e-05,2
1746,1,odd,8.718667e-05,0.00014483054,1.819152e-05,0.0002389032,0.9994943,1.65969e-05,4
1747,7,odd,0.0081338715,0.0010673556,0.9870472,3.4379154e-06,0.0032992547,0.00044903232,2
1748,4,even,0.001481207,0.0033279106,0.9934377,0.0002170184,0.0013892772,0.00014679367,2
1749,4,even,1.0465364e-07,4.844455e-07,0.9999994,3.8536054e-09,3.858984e-08,3.5046558e-08,2
1750,3,odd,5.915096e-06,0.008023595,2.9074174e-05,3.8575797e-07,0.9919315,9.573099e-06,4
1751,6,even,1.2903598e-07,7.735147e-07,1.1559978e-06,0.999998,3.3405896e-09,1.2235553e-08,3
1752,9,odd,1.0663301e-06,7.451595e-08,0.999998,1.0756567e-07,7.142928e-07,5.3184927e-08,2
1753,0,even,1.0,1.3551469e-14,3.2280043e-14,1.5461556e-12,4.0512267e-18,1.1976244e-11,0
1754,0,even,1.0,1.01888206e-10,5.9691814e-11,1.6843987e-10,1.6695643e-13,3.9329104e-10,0
1755,0,even,0.9999981,2.9102871e-09,2.4531968e-08,1.8442361e-06,2.8328015e-10,9.9927e-08,0
1756,4,even,5.1223673e-05,5.7901525e-06,0.9998932,2.7812699e-05,1.5923657e-05,6.1069536e-06,2
1757,3,odd,3.4429924e-12,0.9999999,1.4231915e-14,6.238068e-20,1.1982058e-07,9.634531e-12,1
1758,7,odd,5.925651e-05,0.99941564,0.00034136148,1.054808e-08,1.1403918e-05,0.00017241215,1
1759,0,even,1.0,9.847257e-12,1.6305104e-12,5.496873e-12,6.263309e-16,1.751618e-10,0
1760,3,odd,0.99831617,0.0015373331,1.3567253e-05,1.6597703e-06,9.97294e-05,3.1594605e-05,0
1761,6,even,2.0246202e-06,2.04617e-08,6.5101676e-06,0.9999914,3.945589e-10,2.4714122e-08,3
1762,0,even,0.9999962,1.2070257e-09,1.5094858e-09,8.984497e-09,2.4917413e-10,3.8462667e-06,0
1763,0,even,1.0,3.7603267e-13,7.3124287e-13,8.095881e-13,2.7896937e-16,9.868203e-12,0
1764,8,even,0.0009988081,0.044613145,2.3039209e-05,0.23495774,0.7192832,0.00012406403,4
1765,8,even,4.5790127e-08,5.5662906e-07,1.3861512e-09,2.5510824e-10,0.9999994,1.3546372e-10,4
1766,7,odd,2.5548248e-05,0.99993503,8.704183e-06,1.6671874e-09,2.615739e-06,2.816054e-05,1
1767,7,odd,0.00066509703,0.99896276,9.209811e-05,2.4812132e-09,0.00023641104,4.371859e-05,1
1768,4,even,3.1304114e-07,1.9513001e-05,0.9999765,3.505665e-08,3.5919945e-06,1.5508961e-07,2
1769,1,odd,0.000121411475,0.0011345815,3.549954e-05,0.0025463416,0.9961183,4.3765147e-05,4
1770,7,odd,0.25373757,0.047248896,0.66225046,1.3925111e-06,0.035141185,0.0016204353,2
1771,4,even,3.1025998e-11,2.1367348e-12,1.0,1.5090295e-11,5.116867e-10,5.1788465e-12,2
1772,0,even,1.0,1.3624853e-12,1.4606243e-12,6.425681e-10,1.9654339e-14,4.2387155e-10,0
1773,8,even,5.0236004e-06,2.1661892e-05,1.0147302e-07,2.5915642e-06,0.9999703,4.074955e-07,4
1774,0,even,0.999998,7.600569e-11,2.711987e-09,2.0698928e-06,1.8439382e-12,1.1679523e-08,0
1775,4,even,1.8987964e-11,4.0958985e-12,1.0,1.1710843e-12,6.1015886e-09,6.740436e-12,2
1776,8,even,1.1801908e-07,1.7222016e-08,6.7879135e-08,4.567394e-09,0.99999976,2.9763711e-09,4
1777,6,even,1.262093e-05,3.0241318e-07,1.1701792e-06,0.9999858,1.7451855e-08,1.12136334e-07,3
1778,6,even,3.354274e-06,3.50099e-06,2.8577138e-06,0.999959,3.1018906e-05,3.5665647e-07,3
1779,1,odd,0.00037699274,0.001030041,0.014347635,0.0048749954,0.9792452,0.00012517415,4
1780,0,even,0.9999856,2.2778702e-06,2.2923648e-06,8.385881e-06,1.7929603e-09,1.5576508e-06,0
1781,3,odd,3.944891e-06,0.018850742,8.722521e-09,4.3617474e-10,0.98114496,3.8540463e-07,4
1782,5,odd,0.25532988,1.6287688e-05,0.010376448,0.024243446,0.7094766,0.0005573859,4
1783,8,even,0.037063036,0.009145512,0.001213164,1.3941535e-05,0.9523624,0.00020192181,4
1784,0,even,1.0,5.908484e-09,1.1094901e-08,1.7803613e-08,2.3040224e-10,7.924633e-09,0
1785,9,odd,7.2882494e-06,2.9008354e-06,0.9999002,8.7378095e-05,5.9983273e-07,1.6109237e-06,2
1786,7,odd,0.00049152365,0.5172188,0.40689066,1.0559258e-07,0.07413202,0.0012668708,1
1787,1,odd,2.850373e-05,6.3457715e-05,4.243703e-07,3.5232083e-06,0.99990225,1.839496e-06,4
1788,2,even,5.6673974e-07,0.9999447,1.16463835e-11,1.924034e-09,5.4723198e-05,3.067312e-08,1
1789,6,even,2.8462544e-05,4.3940668e-06,1.6628515e-05,0.99994874,1.1319609e-07,1.6449645e-06,3
1790,9,odd,1.6253638e-05,3.24044e-05,0.9998467,1.654775e-08,0.00010380215,8.3417143e-07,2
1791,6,even,1.4060098e-06,1.7976246e-08,1.6994802e-06,0.9999968,1.302969e-07,1.7451745e-08,3
1792,4,even,1.6126138e-07,3.2483263e-06,0.99999654,1.2293034e-08,1.8787535e-10,1.2579587e-08,2
1793,8,even,2.0803968e-08,2.2389295e-07,1.1912077e-09,1.173866e-08,0.99999976,7.076462e-10,4
1794,5,odd,0.0019524795,4.187556e-06,5.126827e-06,0.003247913,0.99477035,1.9936051e-05,4
1795,8,even,0.00017563393,0.00020536568,2.142525e-06,8.9510706e-07,0.9996076,8.368373e-06,4
1796,4,even,6.315469e-08,2.0410228e-08,0.9999999,5.9218412e-09,8.79207e-09,4.282331e-09,2
1797,0,even,0.99999607,3.865824e-11,1.6400807e-07,2.9669388e-06,1.2720468e-11,8.5760763e-07,0
1798,5,odd,0.09115375,2.673124e-07,0.0003040228,0.001222637,0.9073152,4.142532e-06,4
1799,5,odd,0.08353379,0.002349238,5.4184253e-05,0.000561898,0.91329837,0.00020249696,4
1800,5,odd,0.9202213,0.0029077698,0.00010831096,0.05888619,0.015680678,0.002195758,0
1801,2,even,7.06205e-10,1.0,3.6497935e-14,1.826765e-15,1.06744114e-10,3.736195e-11,1
1802,5,odd,1.4897167e-08,2.0569368e-08,2.1744202e-11,1.4556016e-08,1.0,4.4595644e-10,4
1803,0,even,1.0,1.4238346e-11,2.7903194e-10,1.7092517e-09,1.1229933e-14,3.871628e-09,0
1804,3,odd,0.0033652934,0.65568465,4.7521937e-07,1.535396e-07,0.34092095,2.846107e-05,1
1805,6,even,1.3905524e-10,2.5293851e-12,3.058731e-11,1.0,6.0059146e-13,2.1388377e-13,3
1806,6,even,1.0353106e-09,8.103741e-10,1.2146677e-09,1.0,8.2675096e-11,1.4808982e-11,3
1807,7,odd,0.00036902502,1.28752645e-05,0.9995726,4.830719e-10,3.8164264e-05,7.354527e-06,2
1808,5,odd,0.41544625,8.973446e-06,0.0017561048,0.02732187,0.5551905,0.0002763071,4
1809,2,even,9.766721e-14,1.0,8.28015e-15,3.4861764e-12,6.4592906e-13,9.812023e-13,1
1810,8,even,1.0811312e-07,1.4264973e-05,3.9391484e-08,4.230015e-09,0.9999856,2.1654195e-08,4
1811,1,odd,3.3741308e-05,0.97535264,0.0002478603,6.099509e-07,0.02401098,0.00035415732,1
1812,1,odd,0.00020196331,0.0601838,6.857524e-05,1.2232129e-05,0.93929553,0.00023779353,4
1813,1,odd,0.00047800236,0.1388589,0.0001166366,2.1563816e-05,0.8599589,0.00056611595,4
1814,1,odd,0.00016606484,0.00594158,0.0027453678,0.0005382148,0.9904986,0.00011012253,4
1815,0,even,1.0,3.3410956e-15,2.3551416e-13,6.128263e-09,6.0515984e-17,1.1605632e-10,0
1816,5,odd,3.3783348e-05,5.0356703e-06,1.3573333e-06,0.99278426,0.007174654,9.445184e-07,3
1817,9,odd,0.0010222555,0.024678191,0.9647908,2.2021152e-07,0.008352988,0.0011555334,2
1818,9,odd,6.90348e-08,8.8834874e-08,0.9999999,1.419307e-10,8.1296445e-09,3.6380496e-09,2
1819,2,even,6.094572e-10,1.0,5.5688898e-11,3.6966445e-13,2.403837e-10,9.980746e-10,1
1820,8,even,2.1292025e-10,3.5957562e-08,5.107861e-12,2.6668587e-12,1.0,1.9322367e-11,4
1821,2,even,4.4476264e-15,1.0,3.4910968e-18,6.005696e-17,9.679576e-14,1.4517764e-14,1
1822,2,even,6.4254806e-15,1.0,3.0098301e-21,2.5147064e-25,4.7683738e-20,7.071578e-18,1
1823,4,even,1.2557172e-07,9.2489294e-08,0.99999976,3.6231214e-08,3.8818776e-08,1.6238253e-08,2
1824,3,odd,0.07184274,0.20683792,0.00029551671,5.1427423e-06,0.7196359,0.0013827935,4
1825,4,even,1.4980825e-08,3.2449652e-08,1.0,3.5980596e-09,2.1714759e-09,1.9424817e-09,2
1826,9,odd,2.3439887e-05,7.989629e-06,0.9986319,2.8267375e-09,0.0013269671,9.683988e-06,2
1827,3,odd,0.0005649063,0.00015362973,0.16088709,4.1512208e-06,0.8381783,0.00021196475,4
1828,4,even,6.8952545e-08,1.0176404e-07,0.99999976,2.8399228e-08,7.2527726e-08,2.4573268e-08,2
1829,8,even,3.4051754e-05,0.019992314,2.3752402e-07,1.9256423e-07,0.97996944,3.7294733e-06,4
1830,5,odd,1.745848e-06,6.2128004e-07,3.0331492e-05,1.1842009e-06,0.99996567,4.4933864e-07,4
1831,1,odd,1.0895726e-05,1.3342874e-05,7.6321285e-08,1.0348253e-05,0.99996495,3.9806244e-07,4
1832,6,even,3.0652927e-09,2.7155348e-08,5.5270906e-11,1.0,1.4603535e-09,1.7640459e-11,3
1833,5,odd,0.007898043,0.00017410253,0.032014713,0.22631897,0.7334596,0.0001346193,4
1834,2,even,2.3362275e-06,0.9999974,4.2636056e-10,3.7745123e-11,1.4735814e-07,6.66831e-08,1
1835,0,even,0.99996614,1.2687742e-07,6.917515e-06,2.5690462e-05,1.0489186e-09,1.087634e-06,0
1836,9,odd,4.380177e-06,3.0415983e-06,0.9998202,7.059629e-08,0.0001713551,1.0077596e-06,2
1837,3,odd,0.00036172167,0.28870565,7.351639e-05,1.8314938e-07,0.71020085,0.0006580519,4
1838,3,odd,0.0032636863,0.0008534873,1.4574658e-06,1.8026047e-05,0.9958401,2.321669e-05,4
1839,0,even,0.9999981,1.4698778e-08,1.09081576e-07,1.4355886e-06,3.883748e-10,3.7431712e-07,0
1840,6,even,2.0549866e-09,2.9904072e-11,1.5124254e-09,1.0,4.769285e-12,8.4335915e-12,3
1841,1,odd,0.00028254458,0.019972593,0.00021440646,4.3837194e-05,0.9790198,0.0004668384,4
1842,2,even,5.760769e-09,0.9999999,3.7023318e-09,1.869227e-10,1.7597509e-07,9.254961e-09,1
1843,8,even,1.18029234e-07,1.6331143e-06,3.2354648e-09,1.0430219e-07,0.9999981,1.37791e-08,4
1844,1,odd,0.004359595,0.009397773,0.0004069459,0.00013495205,0.98500174,0.0006990122,4
1845,8,even,2.1198342e-05,4.0567393e-06,4.221192e-09,3.12786e-09,0.9999747,5.176965e-09,4
1846,2,even,2.3709265e-07,0.9998086,1.3983258e-10,7.333162e-10,0.00019115712,4.1071225e-08,1
1847,4,even,2.5797426e-05,2.0030353e-05,0.9999535,4.1708554e-07,3.922603e-08,3.2891825e-07,2
1848,9,odd,1.9399993e-06,2.442475e-05,0.99995184,7.8269174e-08,2.0443953e-05,1.1388876e-06,2
1849,6,even,1.4229344e-06,1.248134e-07,6.637076e-08,0.99999833,1.6441835e-08,9.998722e-09,3
1850,5,odd,0.0002145762,0.00014180836,2.0754945e-07,0.00017205627,0.99946934,2.0656105e-06,4
1851,0,even,1.0,1.5251919e-09,3.2308442e-10,2.2569032e-11,5.733264e-14,9.2847496e-10,0
1852,5,odd,0.1097681,0.00024387304,0.0015126279,3.77948e-05,0.8880319,0.0004056918,4
1853,6,even,2.468797e-10,6.252904e-15,1.4958667e-12,1.0,2.6700842e-13,1.7185904e-14,3
1854,8,even,1.0251906e-09,7.196702e-08,3.1638125e-10,1.6838084e-09,0.9999999,2.7730707e-10,4
1855,1,odd,0.0073989807,0.13948844,0.00035161024,1.6675489e-05,0.8523138,0.00043051835,4
1856,9,odd,1.2833652e-05,3.2545092e-06,0.9995084,5.63282e-06,0.00046696584,2.9714824e-06,2
1857,8,even,1.1226759e-07,7.5746016e-08,2.388354e-09,1.7174892e-10,0.99999976,1.5365118e-09,4
1858,6,even,1.0757049e-06,5.301794e-07,1.3296952e-07,0.99999726,9.2118876e-07,2.0635248e-08,3
1859,7,odd,6.991026e-06,0.002668318,0.9973226,2.3190827e-08,9.219495e-07,1.1998164e-06,2
1860,7,odd,0.0134318955,0.7744047,0.18926996,3.3826646e-09,0.0044600833,0.018433316,1
1861,5,odd,0.5631695,0.010448891,0.0013669654,0.053361163,0.35593984,0.015713664,0
1862,7,odd,0.13325675,0.0026807257,0.8534169,6.499967e-07,0.0020319629,0.008612976,2
1863,9,odd,5.601025e-06,2.5099212e-06,0.999974,1.350315e-05,1.8434671e-06,2.563407e-06,2
1864,4,even,2.5597135e-06,2.4473095e-05,0.99970907,6.710118e-08,0.00025931315,4.374456e-06,2
1865,7,odd,0.009256682,0.91106075,0.023124853,9.013682e-07,0.04865443,0.007902392,1
1866,1,odd,2.1414762e-05,7.3107745e-05,2.693872e-06,9.735172e-05,0.99980026,5.2104615e-06,4
1867,4,even,2.8672595e-05,0.00018357906,0.99978656,3.3027987e-07,1.5898447e-08,8.532807e-07,2
1868,3,odd,1.140819e-06,0.99013585,8.6024056e-11,2.8226625e-12,0.009863013,2.2350363e-08,1
1869,4,even,1.1235035e-10,9.253651e-10,1.0,5.499435e-11,3.0441705e-10,4.116294e-11,2
1870,0,even,1.0,7.888743e-16,7.910414e-15,1.9326051e-11,1.8690913e-18,1.5093626e-12,0
1871,8,even,0.0037982324,0.000515529,0.985391,2.9314757e-05,0.010104689,0.00016117029,2
1872,6,even,2.2194854e-06,1.1486981e-07,3.1393284e-07,0.9989982,0.0009991457,5.7206268e-08,3
1873,5,odd,0.016720966,9.476002e-06,0.12445143,1.179915e-05,0.858633,0.0001733583,4
1874,8,even,6.609123e-05,3.5829953e-06,1.14589916e-07,1.110435e-05,0.9999188,2.621466e-07,4
1875,6,even,1.8949278e-08,4.9668348e-08,1.1664251e-08,0.9999999,1.1813609e-09,2.9358088e-10,3
1876,3,odd,0.8423691,0.014323511,0.00066056824,0.063364945,0.04069476,0.038587116,0
1877,6,even,1.9032618e-09,5.957526e-10,8.768319e-10,1.0,5.503422e-11,1.523045e-11,3
1878,3,odd,0.00040828335,0.9023175,2.7750529e-08,8.730244e-05,0.097172044,1.4702856e-05,1
1879,4,even,2.1426281e-07,2.9292941e-08,0.9999784,5.1953014e-10,2.1217169e-05,9.333814e-08,2
1880,5,odd,1.3893221e-07,1.1411038e-06,2.6021405e-09,4.2148818e-06,0.9999944,7.047755e-08,4
1881,6,even,1.348251e-09,1.9041622e-09,4.875383e-10,1.0,7.694124e-11,1.8305637e-11,3
1882,7,odd,0.27360463,0.46620834,0.033184107,1.0691191e-06,0.22102684,0.005974969,1
1883,2,even,7.1472166e-14,1.0,3.9403337e-15,7.1824465e-18,1.1199208e-16,6.9039596e-14,1
1884,8,even,7.999205e-07,4.7915387e-06,5.0841438e-09,3.857292e-09,0.9999944,9.054896e-09,4
1885,2,even,7.0753436e-10,1.0,1.15117145e-10,7.544216e-10,4.7485242e-09,1.5108165e-09,1
1886,1,odd,0.0026386043,0.010593958,0.005239605,9.5106814e-05,0.97927094,0.0021618134,4
1887,8,even,1.2533997e-08,7.2421767e-07,5.7995067e-09,4.4885667e-10,0.9999993,3.714333e-09,4
1888,9,odd,6.1327114e-07,8.240743e-06,0.9999846,2.4457747e-10,6.433603e-06,6.159635e-08,2
1889,0,even,1.0,3.3006803e-10,1.341057e-09,1.8666817e-08,1.7261028e-11,1.75714e-09,0
1890,9,odd,1.79827e-05,3.5240012e-06,0.9999765,5.3110494e-08,1.5513821e-06,4.642133e-07,2
1891,5,odd,0.99522096,0.00020137978,0.00017309665,0.00034257732,0.0011534233,0.0029085306,0
1892,0,even,1.0,1.4685256e-10,5.5351435e-10,1.4412691e-08,6.017424e-14,1.000429e-08,0
1893,9,odd,7.4677932e-06,1.2359867e-06,0.99999106,5.7872573e-10,1.1890874e-07,1.3052176e-07,2
1894,2,even,5.165882e-07,0.99999917,1.5154114e-11,1.2013739e-10,3.6618073e-07,1.40286565e-08,1
1895,7,odd,4.381225e-05,0.99966705,8.883406e-05,5.1070495e-11,0.00018436607,1.5970298e-05,1
1896,8,even,3.9900756e-11,2.8858496e-09,6.0326097e-12,4.762047e-13,1.0,7.0778436e-13,4
1897,7,odd,0.07207577,0.0033742597,0.7915575,4.5182098e-08,0.13271396,0.0002785566,2
1898,0,even,0.9999957,3.682017e-11,5.002147e-10,4.0389314e-06,4.3687584e-12,2.2687065e-07,0
1899,5,odd,1.3683895e-05,0.0013770264,1.1062865e-05,1.1407096e-05,0.99858415,2.7914064e-06,4
1900,5,odd,0.06714135,4.0166266e-05,0.003321287,7.668613e-05,0.92941314,7.313907e-06,4
1901,4,even,7.5775716e-08,3.6674962e-07,0.999997,6.0197403e-09,2.5151596e-06,5.222208e-08,2
1902,4,even,9.0373725e-08,8.6297615e-07,0.99999845,1.4749943e-09,4.9892475e-07,9.126512e-08,2
1903,3,odd,1.8021681e-06,0.9999794,1.3248966e-11,5.9285485e-12,1.8822808e-05,4.278291e-09,1
1904,0,even,1.0,2.0787265e-09,4.2247943e-09,9.1958346e-10,1.5954305e-12,9.979609e-09,0
1905,8,even,1.9651961e-07,3.3734577e-05,7.0534576e-08,3.0240415e-08,0.9999659,1.2877369e-07,4
1906,6,even,1.0730227e-09,8.6804115e-13,1.4440352e-11,1.0,1.5511955e-11,3.0985398e-13,3
1907,4,even,9.348816e-09,4.2626322e-10,1.0,1.3661905e-09,4.7724266e-11,3.4994774e-10,2
1908,9,odd,3.8537022e-05,3.460929e-05,0.9974565,2.5504957e-07,0.0024621447,7.919127e-06,2
1909,6,even,2.0177445e-06,1.2331236e-06,4.9590728e-08,0.99999607,6.2436806e-07,1.5347672e-08,3
1910,5,odd,0.0002663495,4.428089e-05,1.1371382e-05,0.9991061,0.00056520494,6.6048306e-06,3
1911,5,odd,0.00016995489,2.6748763e-05,3.5875905e-06,2.1307687e-06,0.9997949,2.7687925e-06,4
1912,1,odd,0.010063424,0.011969398,0.009045908,0.079919204,0.8855046,0.0034975405,4
1913,4,even,2.3778716e-06,1.7259124e-06,0.9999559,3.364745e-05,4.211786e-06,2.2888887e-06,2
1914,0,even,1.0,2.7029813e-13,2.9475988e-13,1.8288127e-10,2.1927149e-16,5.700966e-10,0
1915,5,odd,0.19205295,0.00018453848,0.07535895,0.55464864,0.17651038,0.0012445257,3
1916,1,odd,0.0045500863,0.8775173,0.0019387114,0.00043535992,0.10881602,0.006742639,1
1917,6,even,8.960406e-07,2.9405564e-05,1.0022281e-07,0.99995947,1.0070858e-05,7.147726e-08,3
1918,3,odd,5.976954e-10,1.0,1.2155881e-16,3.9562175e-18,3.094515e-11,1.8810782e-12,1
1919,4,even,8.2071865e-06,2.5377523e-07,0.99995255,3.851228e-05,4.523676e-08,4.6852213e-07,2
1920,8,even,2.874488e-07,1.9857305e-06,1.0269802e-05,6.8305035e-08,0.9999871,1.8721676e-07,4
1921,9,odd,6.869872e-05,1.3239492e-05,0.9984706,6.120092e-09,0.0014243795,2.3037976e-05,2
1922,7,odd,0.11077436,0.82646513,0.015722718,9.845079e-08,0.044773184,0.0022645327,1
1923,6,even,7.8674003e-07,1.1086779e-07,9.972556e-07,0.9999976,4.5946368e-07,2.9624564e-08,3
1924,8,even,2.2813512e-05,1.4898392e-05,7.6991755e-06,1.1902877e-05,0.9999423,3.3852015e-07,4
1925,1,odd,5.9387903e-06,6.0419075e-05,1.3277524e-07,4.4985727e-06,0.9999285,4.615579e-07,4
1926,6,even,3.3367513e-08,1.47607535e-08,1.4562097e-08,0.9999999,8.001713e-09,5.7786054e-10,3
1927,0,even,0.9999864,3.062585e-10,3.2945884e-08,1.2382551e-05,1.5428507e-11,1.2359433e-06,0
1928,3,odd,0.048220325,0.0022821678,3.247596e-05,0.0006277359,0.9487706,6.669325e-05,4
1929,3,odd,0.006308132,0.99367946,1.3993606e-07,5.899877e-09,1.1174713e-05,1.1773693e-06,1
1930,3,odd,0.018441895,0.98131955,2.386675e-10,4.492661e-09,0.00023836525,1.2609796e-07,1
1931,9,odd,0.0046418,1.2695512e-05,0.9826612,7.2721155e-06,0.012665119,1.1897815e-05,2
1932,3,odd,0.00051974173,0.00028674523,1.155581e-05,1.1023633e-07,0.9991726,9.180975e-06,4
1933,1,odd,0.0023693398,0.01031866,0.0039309375,0.01475197,0.96783674,0.0007922501,4
1934,9,odd,3.040255e-07,8.030105e-07,0.9999988,6.098425e-10,8.698621e-08,2.7167024e-08,2
1935,7,odd,0.0026225073,0.9811443,0.014970097,1.3100222e-07,0.00010008581,0.001162883,1
1936,7,odd,0.00037665755,0.00019638865,0.99932194,5.587255e-08,7.050836e-05,3.460253e-05,2
1937,9,odd,0.000121321136,7.465139e-05,0.8330444,4.720327e-08,0.16672014,3.9542985e-05,2
1938,7,odd,1.7281645e-05,0.9999491,8.988475e-06,7.451096e-10,9.253455e-06,1.5393058e-05,1
1939,8,even,3.1127565e-05,7.6222306e-05,8.893953e-09,1.9511383e-06,0.9998902,5.220598e-07,4
1940,5,odd,0.03628292,0.0076624686,4.970024e-05,0.020419389,0.9352004,0.00038517112,4
1941,2,even,1.0311662e-09,1.0,1.0321253e-15,5.9738624e-11,2.4035636e-09,7.1926305e-11,1
1942,3,odd,1.6276425e-05,0.012490695,0.008753748,5.334734e-10,0.9786871,5.216698e-05,4
1943,7,odd,3.937792e-06,4.558508e-07,0.9999205,4.5293377e-06,2.6260636e-06,6.793621e-05,2
1944,0,even,1.0,6.633156e-18,1.2220049e-15,1.5723923e-12,1.4411709e-22,1.5795554e-12,0
1945,7,odd,0.00012438417,0.9970197,0.0011546636,5.0586685e-08,0.0014580045,0.0002431402,1
1946,3,odd,0.0012138921,0.0009835123,3.223209e-08,1.8500367e-08,0.99779934,3.179566e-06,4
1947,6,even,4.2859183e-09,4.6122033e-11,1.3737518e-10,1.0,7.1480454e-11,4.600612e-12,3
1948,0,even,1.0,2.549821e-16,4.0777166e-14,3.2411747e-11,8.036869e-19,2.3471931e-11,0
1949,3,odd,0.0011871377,0.99082094,2.8050972e-06,2.6479851e-08,0.007764333,0.00022478068,1
1950,0,even,1.0,9.083742e-14,5.6152296e-12,3.615973e-10,1.2265583e-15,3.5692949e-10,0
1951,2,even,0.036926042,0.2252839,0.0022992883,0.0023982634,0.7320502,0.0010423465,4
1952,9,odd,2.438938e-08,2.9867095e-07,0.9999995,2.1603773e-10,1.021662e-07,5.742381e-09,2
1953,4,even,2.0615264e-06,2.5818845e-06,0.99998856,4.015988e-08,6.195456e-06,5.71297e-07,2
1954,5,odd,0.0062164012,0.00053255487,6.1199324e-05,2.141505e-05,0.9929804,0.00018804248,4
1955,7,odd,3.112831e-08,5.7451395e-08,0.99926454,1.0184085e-10,0.00073513074,2.403732e-07,2
1956,0,even,1.0,8.496856e-11,5.075014e-10,4.3664286e-08,1.6237798e-11,9.075557e-09,0
1957,9,odd,0.9786993,2.6993479e-05,0.021090552,0.00013604073,4.3585786e-08,4.7086483e-05,0
1958,9,odd,7.438936e-05,7.076398e-05,0.99942076,9.572361e-10,0.00043248673,1.6244102e-06,2
1959,8,even,2.0764714e-09,9.053396e-08,3.741281e-10,3.537628e-11,0.9999999,1.3424817e-10,4
1960,7,odd,0.00015545309,0.99810827,0.00055680703,1.6200636e-09,0.0011641561,1.5240355e-05,1
1961,1,odd,0.00022024181,0.0035582534,0.00046544426,0.0002507189,0.99537635,0.00012894745,4
1962,4,even,2.7223785e-09,2.828548e-09,1.0,3.1938313e-10,4.825281e-09,4.895669e-10,2
1963,7,odd,0.00049631885,0.9828318,0.0133813815,2.5261866e-07,0.0022226765,0.0010676008,1
1964,9,odd,4.402556e-06,1.2545565e-05,0.99997807,2.272664e-07,1.0554339e-06,3.7045104e-06,2
1965,2,even,0.0003263215,0.99967337,8.102169e-08,4.8730072e-11,5.1586145e-08,2.5067067e-07,1
1966,2,even,4.4718842e-08,0.9999999,2.2121682e-09,4.073195e-09,1.1927426e-07,4.226956e-08,1
1967,4,even,1.3570185e-08,6.5813084e-11,1.0,1.9468092e-10,3.3047357e-11,4.7516227e-09,2
1968,9,odd,0.00011005707,0.00038612247,0.989488,4.742302e-05,0.00981768,0.00015069741,2
1969,4,even,0.00018287361,5.3789436e-06,0.30644208,0.6932817,3.089932e-05,5.7147507e-05,3
1970,0,even,0.99996245,5.389725e-06,4.3613144e-07,1.3802815e-05,1.3839353e-05,4.0091063e-06,0
1971,3,odd,9.790645e-05,0.033837337,1.4636059e-07,3.6164103e-08,0.96605474,9.776067e-06,4
1972,9,odd,9.520172e-06,2.299761e-06,0.999977,1.300167e-08,8.567488e-10,1.1166026e-05,2
1973,0,even,0.9998122,1.0339425e-12,1.3759435e-09,0.00018776642,7.439547e-12,7.340052e-08,0
1974,8,even,3.1360274e-09,1.579844e-07,3.3238388e-11,1.09157156e-10,0.9999999,3.29752e-11,4
1975,7,odd,0.99999976,9.8547746e-11,2.0278215e-08,5.4917026e-09,1.5017074e-11,1.9272785e-07,0
1976,9,odd,4.3240934e-08,1.1643068e-08,0.9999999,1.6884669e-11,1.2283378e-07,1.1159712e-09,2
1977,8,even,6.9818142e-09,2.6127628e-07,2.1596074e-10,1.3218289e-11,0.99999976,1.9291697e-10,4
1978,4,even,5.1754004e-08,8.563085e-08,0.9999999,1.9913747e-08,5.1320896e-08,2.1293301e-08,2
1979,6,even,1.1278382e-06,4.4605034e-10,5.5707606e-08,0.9999988,3.5219442e-11,8.578107e-10,3
1980,6,even,4.2093168e-10,3.4417355e-10,1.1271895e-09,1.0,1.7961084e-12,5.979981e-12,3
1981,4,even,1.794489e-08,2.6576432e-08,1.0,2.7861319e-08,1.0957343e-08,2.0441426e-09,2
1982,9,odd,2.373883e-06,1.1314561e-05,0.99997663,2.0883546e-09,8.2341485e-06,1.4228547e-06,2
1983,5,odd,0.03944766,0.48002577,0.0022552048,0.45771858,0.019603545,0.0009492783,1
1984,1,odd,0.008683473,0.036875594,0.005514374,0.0005632477,0.9432224,0.0051409476,4
1985,4,even,1.0810715e-08,3.028029e-07,0.99999964,3.2991891e-09,1.5099237e-08,3.956091e-09,2
1986,3,odd,0.062624544,0.5373205,0.00014081832,0.2434751,0.153463,0.0029760532,1
1987,5,odd,0.06805981,4.4683784e-06,0.0004025831,0.0016471602,0.92987067,1.5346355e-05,4
1988,8,even,1.6218057e-10,2.3533726e-09,1.5977261e-09,4.6604815e-13,1.0,1.9678602e-11,4
1989,0,even,1.0,8.7291536e-14,7.805393e-12,1.7879831e-09,1.3550926e-14,6.3824563e-09,0
1990,6,even,9.379271e-06,9.394812e-10,5.002951e-06,0.9999856,2.8677956e-08,2.5775982e-08,3
1991,3,odd,0.007441621,0.063918814,0.016095202,9.266254e-09,0.91215,0.0003942886,4
1992,2,even,5.789436e-15,1.0,1.7017751e-18,1.2948516e-15,6.952327e-13,4.537479e-14,1
1993,3,odd,0.12810157,0.0866801,3.6186786e-05,0.00047789235,0.78393555,0.00076874316,4
1994,1,odd,0.0005283213,0.0038779904,0.024422599,0.005419936,0.9655205,0.00023070893,4
1995,1,odd,0.0033180732,0.84742135,0.028024135,0.000113799644,0.110088654,0.0110339895,1
1996,8,even,1.2071933e-08,2.7427802e-06,1.0423855e-09,5.261145e-10,0.99999726,1.5505037e-09,4
1997,1,odd,1.2171854e-05,0.6684186,1.3806381e-06,1.807516e-07,0.33154032,2.739644e-05,1
1998,3,odd,0.00010188428,0.8138727,9.174821e-05,6.6623073e-07,0.18577206,0.00016088987,1
1999,9,odd,5.9883878e-05,0.00063966477,0.9991014,0.00016622154,4.080072e-06,2.8650373e-05,2
