idx,label,parity,mu_0,mu_1,mu_2,mu_3,mu_4,mu_5,mu_6,mu_7,mu_8,mu_9,mu_10,mu_11,mu_12,mu_13,mu_14,mu_15
0,1,odd,1.1728681,-1.2648338,0.042458903,-0.14513092,0.0798295,0.005001664,-0.19803539,-0.6740985,-1.2352492,0.9393858,0.014936961,1.2044644,0.54393244,-0.330001,0.060783997,1.4250848
1,9,odd,1.4546857,-1.1156658,-0.09572977,-0.47687462,0.8492009,-0.3048237,-0.3939357,0.2894925,1.5329225,-1.0551354,0.6304112,0.11693753,0.021205217,-0.6183234,0.24052884,-0.38840026
2,2,even,0.038993545,0.8066381,-0.1668963,-0.6552113,1.0325122,0.16742131,0.6938814,1.017364,-0.28412604,2.0092344,-1.3224006,-0.24729681,1.1194913,-1.3116815,-0.3636192,1.1888099
3,8,even,-1.2160679,-0.4674,-0.1621391,-0.278879,-1.4579957,-0.59771484,0.6838229,1.7853808,0.2911293,-0.41595316,0.59165674,-0.37708145,0.51845074,-0.2052133,-0.7936449,1.560618
4,9,odd,-1.0550319,0.029598154,0.11805202,-1.2045388,0.29896146,0.43362767,0.11498296,0.71346027,0.9216281,0.24533008,-0.5107875,1.4711667,-0.15985288,1.1949525,0.6543639,0.6931832
5,0,even,0.84178394,1.9682038,0.36675847,-0.9882677,-0.44889742,0.29924726,-1.8865402,-0.78900003,-1.3774775,0.70126987,0.35671768,-0.14697853,0.12714627,-0.11084661,0.8580329,0.21786517
6,0,even,1.9465522,0.6685427,-0.04079876,0.22781289,-0.40224534,-0.030224157,-1.3495934,-0.6210815,0.3055194,0.4019964,-0.21954477,-0.9245589,0.14889428,0.7756426,0.62320507,-1.0779426
7,1,odd,1.0486543,-1.2451917,-0.13784093,-1.2437458,-0.8041324,0.12665837,-0.53894496,-1.070791,-0.82846665,-0.2498024,-0.09780327,0.7518558,-0.058580935,0.7104593,0.5169804,0.77324843
8,3,odd,0.8336173,0.17161801,-0.48131716,0.19335216,0.91923827,-0.9560836,1.0195519,1.1287663,-1.4101038,-1.8114836,0.05253894,-0.50005496,0.94076174,0.6189065,0.35394192,0.14949751
9,0,even,0.27942374,0.50245124,0.13855328,-0.33406702,-1.405019,-0.047145173,0.38043287,1.7032096,0.24345267,0.28506586,0.25815347,0.77615166,0.62451905,0.35290843,0.65641195,-1.620831
10,0,even,2.1489701,0.7157776,0.00641495,0.04987461,0.966454,0.28883356,-1.2360191,-1.0759015,0.9468007,-0.044502266,-0.23506314,-0.9709989,-0.4464379,0.58978343,-0.05427167,-0.29127607
11,8,even,0.12891622,-1.4551688,0.16786645,0.3891366,-0.5243815,0.07739863,1.0866346,0.4891861,-0.71394926,0.27147985,0.044097293,0.18967871,-0.7505785,-0.43277746,0.8335201,0.40318257
12,4,even,0.17073801,-1.4651134,-0.029671416,0.77120596,0.9797175,-0.38498378,-0.83982813,-0.25952464,2.0949695,0.8872777,-0.18426958,-0.8118079,0.37150744,-1.4539788,0.7065745,-0.26480874
13,1,odd,1.1380562,-1.8123144,0.023908276,0.58328193,0.59642076,-0.24195309,-0.3503421,-0.5522817,-1.5328561,0.79403245,-0.1999157,0.55708355,1.087802,-0.9502182,0.8650637,1.4082884
14,2,even,0.6020517,0.13402244,-0.12294638,-0.07548771,-0.6795164,0.22500408,0.7113154,0.2953962,-1.5886661,-1.3027022,-0.4642201,0.25430274,-0.31862316,0.9594763,-0.90607375,0.4332454
15,3,odd,1.4830222,-0.98745733,-0.33976567,0.23711053,1.2634149,-0.73119175,-0.009180903,0.6188957,-0.16550253,-0.37672997,1.076681,-0.57925564,-0.8896673,0.47146952,0.5666246,-0.19005513
16,6,even,0.007135682,1.5697075,0.00809199,-0.4033617,-0.8138549,-0.23403251,-0.41257513,-0.43879178,-0.022868417,-0.27029622,0.9704871,-0.25930113,-0.7789476,-3.0315096,-0.03884554,0.095820315
17,8,even,-0.08728087,-0.8429557,0.13354349,-0.14172964,0.3448617,0.24156499,-0.78759277,-0.41410252,-0.17088374,0.9061055,0.12451058,-0.46779877,0.4103245,-0.60623264,-1.3696687,-1.1447841
18,7,odd,-0.33136278,-1.1130519,0.10487713,-1.7666984,0.13328284,0.46078753,-0.9113355,0.8452559,0.36652628,-0.8184435,-0.6553323,0.739969,1.3816925,-0.66752714,0.600005,0.77962756
19,6,even,-0.26738882,-0.48230642,0.09590263,0.4149227,-0.92855513,0.088827774,1.2802162,-1.369309,0.31140637,-0.16750522,-0.06588185,0.2982071,0.07647413,0.84548646,-0.62528944,0.6914066
20,9,odd,-0.33077604,-1.7049832,0.09546451,-0.7746046,-0.39059457,-0.14951587,-1.7107251,0.73315066,1.627975,-0.49470636,0.3109937,-0.6111604,1.2497369,-0.3450644,1.326169,-0.21519002
21,8,even,0.40962166,-1.5438308,0.21507949,-0.18089779,0.3906233,0.547947,-1.4662395,0.15140384,-0.16620846,0.47253993,-0.6723746,-1.2671149,0.8178364,-0.10395566,-0.748139,-1.224023
22,8,even,0.2628234,-2.2052803,-0.2692297,-0.05925072,0.049975492,-0.48596767,0.96913797,0.550101,-0.66210926,-0.64660895,0.04735162,-0.41624123,-0.2782002,-0.07990131,0.89191765,0.93038154
23,1,odd,1.3018299,-1.6637291,-0.045761317,-0.04253135,-0.6470707,-0.042319603,-0.41879553,-0.57056725,-1.3379503,0.2685091,-0.16530678,0.049066365,0.5550958,0.17780715,0.15567775,1.544457
24,0,even,1.0577219,2.3975196,0.21067771,-0.39050272,-0.321036,0.0020688102,-1.684093,0.3845591,0.99345636,0.33962777,0.023319714,-1.0545752,-0.06419404,-0.14737792,0.6082675,0.72874
25,7,odd,-0.101315975,-0.5952817,-0.08632684,-1.4041927,-0.243444,-0.1972639,-0.96991056,-0.20641863,1.0650219,-1.4168829,0.019121721,0.42454195,0.122568734,0.65226656,1.3397367,-0.58978814
26,7,odd,0.16876394,-0.79486454,0.14793417,-0.9807823,0.23351821,0.40577513,-1.1258771,0.3460424,0.84069765,-1.8997586,-0.1585241,0.4864031,0.008332114,1.583393,0.61253023,-0.14335966
27,6,even,-0.97220224,-0.38822764,0.18102263,0.21584605,-0.97746396,-0.15617913,0.7529241,-1.1531119,0.02854801,0.1871606,0.9192537,0.82449293,0.088469446,-1.3376496,-1.0449487,0.7966467
28,1,odd,1.5413945,-1.6609609,-0.08427355,1.0820786,0.37493232,-0.34155092,0.015619397,-0.11117396,-1.4943163,0.8749752,-0.10189718,0.027913839,0.8056569,-0.58537275,0.21064664,1.6214088
29,4,even,0.61100686,-0.73860097,-0.20979615,0.30273697,1.2146173,0.07672186,-0.81688786,-1.0451902,1.0474919,0.63432425,0.39456388,-0.21884406,-0.70448357,0.22522202,-1.843738,0.18333861
30,3,odd,0.30838364,-0.022812292,-0.062008776,0.007759031,-0.97935295,-0.06256206,-0.28707904,2.1886253,-0.49760976,-1.1365618,-0.18885231,0.61172664,-0.10346757,1.4053757,-1.3480262,0.74524266
31,3,odd,0.1861533,0.18580052,0.06616787,-0.055436812,-0.90926707,0.043106716,-0.8146503,1.3260155,-0.29838282,0.04326837,-0.31316593,0.7701827,0.19815257,1.414214,-1.7455603,0.72492796
32,9,odd,0.3031745,-1.3676906,-0.17791684,-1.0739217,-0.8666386,0.06238951,-0.056216344,-0.09926842,0.18987465,-0.6921664,-0.26021644,1.2207953,-0.3396875,0.65831274,0.13452692,0.52660346
33,5,odd,-0.57708967,-0.52239656,-0.22460361,1.2921805,-0.1886974,-0.28910744,-0.23156378,1.5308526,-0.8502845,0.46615976,-0.26298794,-0.26202995,-0.53265226,1.2939584,-0.84378606,-1.4602757
34,4,even,-1.6739659,-0.51724285,0.061932996,0.35224578,0.41527954,0.2806216,-1.4636889,-0.4405747,1.5806335,-1.5020875,-0.44978094,0.7351439,-0.72606224,-0.31621796,0.5149754,-1.3310398
35,7,odd,0.17656526,-0.5841608,0.13739562,-0.98463833,0.5141396,0.33933002,-1.1971476,-0.24093333,1.0391611,-1.6602602,-0.30716917,-0.40527987,0.93838483,1.1793346,1.1190022,-0.7081905
36,1,odd,0.3580066,-1.1344147,-0.07126133,-0.5011121,-0.5763216,0.067569986,0.013986237,-1.1678563,-0.63514274,-0.5904003,-0.068896584,0.93985176,-0.8572266,0.8727721,-0.48179066,0.5879128
37,7,odd,0.29386735,-1.0913154,0.029268645,-1.0814795,-0.055605568,0.28406513,-0.839398,0.32820392,0.2672457,-0.8734202,-0.15385497,0.8526274,-0.017974798,1.2843204,0.8792692,0.2808216
38,2,even,-0.22940631,-0.39020735,0.12887372,-0.028600805,1.9078012,-0.026968883,1.0379267,-0.711133,-0.75727916,1.5045074,0.49347404,0.028981984,0.037441384,-0.20051952,1.221903,-0.030104876
39,3,odd,0.52724946,1.0357955,-0.47351593,0.25085935,-0.15892822,-1.1603225,0.16236016,1.5854719,-1.6382889,-0.8455306,0.5116443,-0.7118366,1.0308657,0.7813062,-0.27792728,0.042135607
40,7,odd,-0.23754658,-0.60859144,0.08297684,-0.88324404,-0.5871554,0.034930166,-1.5867903,1.0241854,1.2829878,-1.8275017,-0.12241234,0.3963353,-0.082217686,1.1915749,1.1811851,-0.32827008
41,5,odd,0.277636,-1.1732016,-0.17502661,0.074169256,0.15384883,0.37507948,-0.60538316,0.15889826,0.019523554,0.42661458,-0.47067252,-0.84904647,-0.49414268,-0.066295505,0.43328828,-1.8814304
42,5,odd,0.15016164,-0.84735614,-0.24527408,0.78978014,-0.3733019,-0.2593613,-0.20629567,0.47790873,-0.14997467,0.6873567,0.15965295,0.41282174,-0.594781,1.5720228,-0.15914752,-1.4215624
43,3,odd,-0.6475217,0.8763857,-0.15540054,-1.1624198,-1.297643,-0.18788093,-0.110178694,1.6698892,-1.3095922,-1.9151474,0.10139989,-1.1367567,0.8601389,0.47489583,-0.394804,1.1131755
44,2,even,-0.7286747,-0.29049763,0.06817516,-0.22277828,1.3408439,0.035804447,0.2571213,0.8994804,0.109284215,0.54141647,0.21310332,-2.389881,-0.3737237,1.5588999,0.62876886,-0.19639954
45,8,even,-0.18270914,-0.50037324,-0.54453325,0.50689775,0.43478215,-1.0745744,0.15293686,0.7860299,-0.15824673,-0.021785071,1.2393823,-0.8187208,-2.0650244,0.1809926,-1.4361455,-1.3293558
46,6,even,1.2525198,-0.48493147,-0.24687572,0.13851613,1.889211,-0.0021803025,-0.65034914,-0.36391586,0.45354778,0.08526009,-0.15635768,-0.3572417,-1.642986,-1.0306582,-0.046568193,0.73237616
47,5,odd,-0.118058965,0.0016696155,0.014986657,-0.6645703,-0.34685278,0.22901085,-0.10720676,1.6225884,-0.21401057,-1.1524522,-0.8555609,0.008872181,1.4618096,0.6761084,-0.89169425,-0.7281537
48,2,even,-0.7689332,-0.26998854,-0.029771358,0.38898367,1.1062293,-0.047507502,0.6579379,0.94814485,-1.9422431,-0.2976034,0.105647005,0.8065001,0.39103898,-0.34612477,0.072463065,-0.26199356
49,2,even,-0.68354285,-0.535027,-0.16615924,0.12302357,1.891606,-0.6354352,0.27000183,0.9598184,-2.44836,-0.9828208,0.40620643,-0.94206643,1.0293702,0.25682268,0.83943945,1.3581007
50,1,odd,1.309328,-1.4832505,-0.10074259,-1.0381054,-1.0392064,0.14312838,-0.5724577,-0.7585006,-1.1826625,-0.43984005,-0.14763609,0.57448554,0.17817801,0.6236065,0.8176859,1.0765667
51,8,even,-1.4987371,-0.1468685,0.24746974,1.2533734,0.29211247,0.4381589,-2.4944203,0.3984304,0.31301332,-0.3454815,-0.7717342,-0.81854093,0.18238826,1.2830003,-0.022506028,-1.0915715
52,5,odd,-0.050429225,-1.159899,-0.3517354,0.5061684,-0.77068007,-0.49508643,1.2348709,0.37625748,0.070302986,-0.6394313,0.38480172,-0.3282047,-0.39050183,0.70260775,0.039928377,-0.56948954
53,6,even,0.662867,0.18108097,-0.36157614,1.3787671,-0.87712175,-0.9206511,0.63872963,0.78818125,0.512159,0.64699113,1.2853756,-1.1885644,-0.65184367,1.1362634,0.17534216,-0.14670962
54,2,even,-1.4086878,0.49757814,0.21008036,-0.03933334,1.3220555,0.5552667,1.0124106,0.41042143,0.028257675,-0.90208864,-1.045135,-0.37848508,1.2161254,-1.1443344,0.06551361,0.19868475
55,6,even,1.8892435,0.30240732,-0.1749739,1.0826466,-0.09134131,-0.57953453,0.8496827,1.5520885,-0.03332548,-0.38727164,0.8850145,-1.4082035,0.8351468,-0.5068235,-0.9322711,0.47526845
56,5,odd,1.0553215,-0.602596,-0.10066126,0.5426795,-0.88500226,0.22294265,-0.4990965,0.8655022,0.2824222,0.8642037,-0.02610823,0.73273313,-0.46340376,2.6261258,-0.55256134,-0.30183527
57,9,odd,0.12414227,-0.9546842,0.07299615,-0.36211312,-0.47751337,0.06423932,-0.7956097,0.24460721,1.4460032,-0.37504718,0.45219815,0.92675936,0.2895791,1.520433,0.06837052,-0.6423981
58,9,odd,0.6023498,-1.0020025,-0.115390554,0.9696518,0.14129639,0.08281621,-1.9155688,-0.9820911,0.4995312,0.6434698,-0.36013728,-1.1042142,0.83290464,0.90115905,-0.9603182,-0.17479971
59,8,even,-1.150037,-0.9506866,-0.11804806,1.5515168,-0.49087757,-0.5897346,1.3219168,1.6334236,-0.29475048,0.63232917,0.30200723,-1.0730343,0.061333563,-0.61108243,0.10160963,-0.5360697
60,7,odd,0.44854653,-0.72315186,0.039610267,-0.62917465,-0.10358035,0.09202282,-0.6671655,0.6152466,0.6178861,-1.1001874,-0.11647092,0.91342074,-0.12652202,1.7487191,0.7259144,0.18519753
61,4,even,-0.7287082,0.31669655,0.04736241,0.7433233,1.0972257,-0.20051627,0.18435295,1.1606612,0.739466,0.15023014,-0.088182755,1.9234025,-0.07931602,0.38896573,0.93174976,-0.09548668
62,6,even,-1.1328111,0.7044829,-0.19245642,0.67687285,-2.016923,-0.77081865,0.8623006,1.081135,0.43186724,0.48217797,1.2739797,-1.2592809,0.034534853,-0.20123632,-0.8196034,1.0128999
63,0,even,-1.0705756,0.84013265,0.3788367,-0.28594792,-1.4611243,0.73673046,0.34115645,1.3405848,0.023010202,-1.1003861,-0.96326405,1.1612475,0.3281664,-0.15150173,0.079753175,-1.3457193
64,9,odd,0.7211458,-1.6352922,-0.12661767,-1.1543595,-1.4957254,-0.23727031,-0.7969518,-0.3823821,-0.16914488,0.3045902,0.27507082,0.9591974,0.27193668,-0.6618152,0.697568,0.02222402
65,3,odd,0.39432967,0.7189058,-0.09476954,-0.14930245,-0.959183,-0.12204108,-0.106449336,1.0922306,-1.2023475,-1.0890522,0.26089084,0.25093934,0.34755662,0.5568291,-1.1108108,0.5702265
66,8,even,-1.2892432,-1.4628794,0.025035046,-0.25995392,-0.7511014,0.20977864,-0.39786717,-0.14556685,-0.7014582,-0.21273755,-0.028431375,-0.20968187,0.74907047,-0.8451552,-0.48033398,-1.6215676
67,8,even,-0.6061432,-0.56344604,0.12934327,0.031488776,-0.51994586,0.030571789,0.92951936,1.2313397,-0.28649968,-0.16594765,0.2436885,1.4515121,0.26673642,-0.6398807,-0.6998896,-0.49446335
68,4,even,-1.7803692,0.8577713,-0.30077565,1.2237265,0.9169112,-0.24832599,-1.9710302,0.9407808,1.3902797,-1.2428348,-0.04619516,1.1007341,-0.31058213,0.39620137,-0.97717756,-0.48494634
69,4,even,0.05842964,0.14584789,-0.08442104,-0.5630396,1.007952,0.031876717,-0.07168448,0.9971655,0.7173787,0.43734002,-0.010692887,1.4883776,0.14071417,1.2912749,0.93320984,1.3794487
70,6,even,-1.4069309,1.4214218,-0.15092961,0.05573392,-1.2413642,-0.119397864,0.4613033,-0.9168775,1.4564153,0.6365348,-0.26230237,-1.0118892,0.032369837,0.6894459,0.91628855,0.68412226
71,5,odd,1.9339532,-1.332192,-0.0764717,-0.25143796,0.9683535,-0.01711334,-0.77071464,-0.15212187,-0.21530062,-1.0422782,-0.0058115367,-0.23507404,-0.8311695,-0.8538593,0.1746739,0.39139408
72,3,odd,0.49583948,-0.11828898,-0.17053589,-0.69906914,-1.0880952,-0.085867494,0.657696,0.109537065,-0.44047514,-1.4393679,-0.28563884,0.39905247,0.5546079,0.97535026,-0.38182783,0.014446985
73,0,even,1.617801,0.50670975,-0.07225773,0.33993965,-0.6271887,0.031302463,0.095544145,-0.33100098,0.4590438,0.1858091,-0.34625176,-1.4730479,-0.18338296,-0.03197047,-0.13545236,-1.7778502
74,4,even,-1.0671977,0.27073956,0.064356245,0.4218115,0.11757261,0.15623891,-0.2683435,0.110449135,2.4872167,0.09951349,-0.096305855,0.31135216,-1.3139673,0.76029277,0.41922665,-1.0119609
75,4,even,-0.09811404,-0.17271847,0.05647182,-0.19798075,0.2700054,-0.16700451,-2.3424785,-1.4164464,0.7066365,-1.1417133,0.37995738,0.55873585,0.20042369,0.49496138,-0.21954373,-0.8616549
76,4,even,0.8299134,-1.1122344,-0.09714064,0.1603935,0.8545684,-0.16215426,0.10020807,-1.2894819,1.3247479,0.93488216,0.15056527,0.9058672,-0.0894182,-0.14770322,0.328772,-0.4354902
77,6,even,1.2434149,-0.24678236,0.114868484,0.3046436,-0.3161398,-0.053409785,0.5838219,-0.2658194,1.2063519,0.72377414,0.5511056,-1.7278605,0.6556315,-1.0089635,-1.062817,1.277081
78,0,even,-0.23039736,0.41710705,0.42595536,-1.0929687,-1.4231137,0.810559,0.09518023,0.8620437,-0.8127259,-0.17343357,-0.974067,1.3074472,0.006116761,0.06967859,-0.764403,-0.6079473
79,3,odd,-1.8032537,0.9166693,-0.09227632,-0.7635658,0.65710384,-0.5557248,-0.38139474,1.9829402,-0.64054924,-0.6531498,0.3431999,-1.5619907,1.7845069,0.17646053,0.3703915,0.041643716
80,1,odd,0.7803203,-1.3978406,-0.2733518,-1.2193811,-0.7271339,-0.25240734,-0.45240986,-0.746995,-1.0954217,-0.68209636,0.11688634,0.46754128,0.18186615,0.4530617,0.97471625,1.472738
81,9,odd,0.30312797,-1.8603406,0.11277228,0.37054923,0.8146081,0.19808555,-1.2419932,-1.0429616,0.47557694,0.38409102,-0.13582453,-0.44080824,1.066609,0.77203095,-0.66843414,0.11182609
82,5,odd,-1.0264208,0.34205815,0.19686854,1.5417788,-0.28702784,0.33873484,-0.91283804,1.642062,-0.84734905,0.26178542,-0.082204305,0.8755254,-0.66668355,1.8468903,-0.8520613,0.1544945
83,4,even,-1.0902321,-0.38005227,-0.24389465,-0.051006153,0.21970873,-0.40535116,-0.34789184,-0.044482857,0.634233,-1.5869824,0.31980732,1.576274,0.37987688,0.38689634,-1.2714376,0.43446746
84,4,even,0.2313653,-1.0061984,-0.1255407,0.50659496,0.7612601,-0.09113989,-0.07908155,-0.4282816,2.3922946,-0.0793852,0.08793917,0.40637302,-1.375509,0.4746313,0.6804122,-0.81671387
85,8,even,-0.5004145,-0.95357215,0.18331672,-0.1452984,-0.9073106,0.13383944,-2.6284196,2.0828888,0.8762283,0.82249516,0.6155563,-0.55283993,-0.8716147,-0.3150186,1.4189528,-0.09060589
86,0,even,-0.123573616,1.3129264,0.15451275,-0.825195,-1.5188364,0.50784266,1.0901842,1.0574703,-0.3429828,-0.9406309,-0.12999195,-0.78246105,0.5183445,-0.26232708,-0.06866369,-1.2627782
87,4,even,0.50673455,-1.0731891,-0.2515837,0.10326582,1.2946491,-0.17957686,-1.4483042,-1.6305671,1.4806166,0.2424969,0.36288333,-1.0302328,-0.7195831,0.5196917,-0.91478795,0.2286771
88,5,odd,-0.26010984,0.23453379,-0.056063615,0.71082675,-0.71723986,-0.08547421,0.20545128,0.87069803,-0.98130685,-0.47601286,-0.36295372,1.3979216,0.26018828,0.41375524,-0.7787492,-1.0324826
89,2,even,-2.1237953,-0.21425968,0.016609855,0.3404877,1.4930854,-0.45926306,0.69057196,-1.0383605,-1.4931748,0.31708747,0.7166786,-0.00074863434,0.26538748,0.21936196,1.6470445,-0.20229086
90,7,odd,0.025944985,-0.73300225,-0.003976237,-1.5742136,-0.6069585,0.17211623,-1.333194,0.38340956,1.1294101,-1.4150265,-0.578871,0.24164551,0.44047996,0.98920137,1.6712137,-0.17033502
91,7,odd,0.3146639,-0.7942718,0.032381296,-1.207577,0.41276935,0.27159792,-0.4316466,-0.33821386,0.3945369,-0.93844885,-0.34652045,1.0403125,0.3231144,1.2083726,1.219575,-0.29920188
92,7,odd,-0.28094274,0.12505785,0.26773775,-1.5423445,0.24366593,0.8181931,-1.0328557,0.57091707,0.6914284,-2.26662,-1.0383438,-0.25863618,1.2390254,0.780859,0.35069096,-0.68841374
93,9,odd,0.34400833,-0.9943539,-0.06673884,-1.3888738,-0.758917,-0.05107273,-0.6484803,1.0305274,2.1208787,0.012730855,0.6234744,0.35936406,0.32745385,0.5547004,0.262626,-0.5801308
94,5,odd,-0.3774907,-0.36842605,0.0671961,0.79401886,-0.4740703,0.4332581,-1.2558799,1.6127405,-0.45616522,0.81883776,-0.5941927,1.372588,-0.3890321,1.4749738,-1.3929439,-1.1296636
95,2,even,-0.760819,0.19963899,0.050365753,-0.92074883,1.3418711,0.1616061,0.27764875,-0.21507286,0.52454615,0.7273477,-0.93521804,-1.1376743,1.2259009,0.062070623,0.5629993,-0.93171525
96,7,odd,0.5650789,0.32077762,0.1570976,-0.48830912,-0.19636175,0.06763129,-1.8917146,-0.12066972,1.1759309,-1.2875445,-0.08395411,0.5167826,-0.049519118,1.4436611,-0.056056112,-0.8561995
97,9,odd,-0.698267,-0.52972054,-0.14762563,-1.0291877,-0.5784019,0.11227965,-0.55923885,0.8934328,0.8976189,0.32027352,0.109160416,1.8700967,-0.18700829,1.0922952,-0.27103984,1.1761005
98,1,odd,1.3489819,-1.2682766,-0.13707027,0.55891377,0.1421781,-0.12212047,0.14142959,-0.3932934,-1.4582925,1.1173338,-0.16155875,0.24566701,0.51849586,-0.26299584,-0.29170245,1.4752009
99,2,even,0.33406585,0.30084363,-0.07479532,-1.1248561,1.316829,0.38639098,0.7108548,0.48425764,0.052908055,1.1167185,-1.1006052,0.7677288,0.8591282,-0.62509596,-0.8054295,0.73947936
100,5,odd,-0.49061006,-0.16245311,-0.37698478,0.31342167,-0.92726386,-0.6565303,1.6248546,0.4393198,-0.70331234,-0.63357365,0.568341,0.025676847,0.4048525,0.19031593,-1.5264015,-0.7008882
101,0,even,0.99418473,0.9568386,0.039743133,-0.49703446,-0.2667172,-0.624162,-0.85941225,0.3436156,-0.24288568,0.86874604,1.2364208,0.29660225,0.44134402,0.51028466,-0.51463884,0.24662161
102,2,even,0.5520164,1.1715127,-0.29209518,-0.7754594,1.1873379,-0.31933928,0.58222187,0.902172,0.12966532,-1.6129422,0.6388747,-0.28334975,1.535895,0.4393232,-0.9967246,0.12906787
103,4,even,0.236797,0.92965364,0.21671629,0.02528066,1.1588241,0.21038134,-0.9858777,1.0765076,0.551248,0.24604693,-0.09056197,1.0074869,1.0223604,0.98506194,-0.96574897,1.0241705
104,7,odd,-0.37249202,-1.145207,-0.002297733,-0.9949551,0.16424549,0.17400618,-1.742212,-0.83458817,-0.1079511,-0.588982,-0.40922496,0.03436771,0.78348184,-0.58830106,0.6808449,-0.111863114
105,3,odd,0.08559656,1.0142564,-0.26934117,-0.068650834,-0.49023682,-1.1222696,-0.592685,2.3339407,-1.516143,-0.9409435,1.0943633,-1.0981238,1.076316,-0.22247209,0.2638693,0.020799754
106,4,even,-0.64765316,-1.9864194,-0.15897326,-1.0915755,-0.5194113,-0.35792154,-0.2864285,-1.3681183,1.199338,-0.19829698,0.36551633,-0.20614737,0.45800963,-0.19781555,-0.2446002,0.22508782
107,3,odd,1.4093637,-0.27421093,-0.26042056,-0.030512553,1.2760028,-0.6457325,-0.13994026,0.34012747,-0.08817325,-0.44204372,0.4172462,-1.1359353,-0.54826504,0.84954596,1.0842192,-0.04761876
108,5,odd,0.8902275,-0.913847,-0.49505478,-0.65642804,0.30965695,-0.5241218,-1.1800973,0.36981654,0.028529055,-0.9299284,0.04729539,-1.0015211,-0.6179518,-0.796988,1.2069384,-0.037064232
109,1,odd,-0.09564106,-1.3350983,-0.22268264,-0.622679,-0.34502262,-0.21089748,0.124534994,-0.50509,-0.39484844,-0.63790864,0.16969663,0.67421246,-1.371352,1.0681795,-0.61792874,1.3039135
110,3,odd,0.27786675,0.6210113,-0.16104761,-0.6349091,-1.1618849,-0.26596454,-0.9420958,1.7604396,-0.7645205,-0.90305454,0.7352021,0.41738975,0.4798565,-0.15618183,-1.987452,0.92535895
111,8,even,-0.1484269,-1.4374499,-0.088897526,0.073124364,-0.51931584,0.13471064,-2.6047032,1.2202194,-0.16649434,0.074341744,0.50136226,-0.3900801,-0.78455937,-0.5509223,-0.90867066,-0.27388078
112,8,even,-1.5971215,-0.6434873,-0.1786792,1.1803368,0.58073837,-0.067743585,-0.6396282,0.7542481,-1.006222,-1.539379,-0.7125305,0.12098673,0.76522243,0.68783337,-1.4410535,-0.25182074
113,7,odd,0.13848741,-0.8848763,0.11218748,-1.307325,0.029650502,0.28597534,-1.7535691,1.0437789,0.5830162,-1.4137404,-0.27703762,0.30224591,0.43681014,1.4119464,1.8201318,0.17824152
114,0,even,-0.16898514,0.8782241,-0.08233975,1.0150992,-0.9315306,-0.09913768,0.48385048,-0.11654931,-0.61325186,-0.006039344,0.040313948,0.26083338,-0.8276361,-0.09585014,-0.4982701,-1.6431187
115,7,odd,0.61863124,-1.4776555,0.019148335,-1.2121098,-1.0072472,0.092982024,-0.8275178,0.4770763,0.6899572,-0.6089087,0.059277385,0.765386,0.32278776,1.4165468,1.1991311,0.30044818
116,2,even,0.8675684,-0.5776577,0.26789922,0.11254823,0.1407009,0.706482,0.5821774,1.170042,-1.7048285,-0.7468732,-1.1100312,0.8352611,-0.031532943,-0.17004476,-0.70474887,0.10888949
117,2,even,-0.6829901,0.0124171525,0.13299972,-1.1549845,1.6252117,0.31143802,0.4865962,-0.6359713,-1.3255813,0.59509325,-0.42865685,-0.10986683,0.5986705,-0.45081842,1.373275,1.0473026
118,6,even,-0.982464,0.2631784,0.14545788,0.32651857,-1.10418,0.11610177,0.7124496,-2.1693215,0.83321744,-0.15651613,-0.29823694,0.010940939,0.21844824,-0.56210506,-0.24648201,0.5939464
119,5,odd,1.3653136,-1.3053117,0.15359233,-0.17237882,0.105303735,0.077621624,-1.0011215,0.01581484,-0.45836577,-0.37220734,0.01329639,-0.44392252,-0.33699435,-1.5616074,-1.4598079,-0.22734827
120,6,even,0.093236506,-1.4016227,-0.23501451,0.6628434,-0.5620288,-0.25890595,0.9625395,-0.10492621,-0.21902302,-0.4877734,0.362084,-0.63798356,-0.40410745,1.2358049,-0.49007308,2.0383437
121,9,odd,1.1796964,-1.6404867,-0.059811592,0.055549175,0.23009104,-0.33384958,-0.18925086,-0.9955305,-0.8175666,0.2861197,0.35078022,0.4664083,0.49133104,0.33704555,-0.24027163,0.76840234
122,8,even,-0.8277978,-0.016830076,-0.15002578,-0.59779847,-0.92995155,-0.14744486,0.06816809,1.4035609,0.15285203,1.4596195,0.43006948,0.77978396,-0.82185405,0.8502496,0.7715474,1.8674822
123,4,even,0.6101232,-1.871113,-0.12554148,-0.24508552,0.18810678,-0.5481877,0.16444904,-0.63422215,1.5739048,-1.1934025,0.8460354,0.49548545,-0.57586586,-0.54935884,-0.019460961,-0.37659594
124,3,odd,0.59730047,0.44085598,-0.3679936,0.35338315,0.5159784,-1.0316449,0.7638478,1.6957569,-0.0029914826,-1.405916,0.30132917,-0.1949749,0.17647925,-0.29651177,1.0564595,-0.71091855
125,6,even,0.3168645,-0.22138903,0.16694379,-0.45262888,-0.70718086,0.03131857,0.83637214,-1.4407079,0.7152831,0.4141742,0.30565298,-1.471302,0.8249335,-0.72243613,-0.28880182,0.66028637
126,9,odd,-0.39520293,-0.48346418,-0.11241332,-0.039730184,-1.1441848,-0.21719608,-0.30302587,1.2342727,-0.5807497,-0.9086201,0.02978969,1.5468297,0.19769707,-0.1984347,-1.2995467,0.06929852
127,1,odd,1.2428833,-1.7735891,-0.10565403,0.35326833,0.42202756,-0.3042203,0.16253969,-0.2315093,-1.4579122,0.92968756,-0.10074622,-0.047270596,1.0704564,-0.5492129,0.6475357,1.805203
128,2,even,0.38021863,0.18777055,-0.11050916,-0.10418118,-0.7489415,-0.02602066,-0.72620314,0.18459797,0.8594633,1.680925,-1.3008689,0.53537107,0.8042728,-0.678791,-0.92384934,1.2452695
129,4,even,-0.15532722,-0.27379206,0.053775396,0.18409383,0.7441622,0.14709531,-0.9305323,0.8459073,0.90879655,-0.20562758,-0.30951083,2.182549,-0.0059320177,-0.31162328,1.0787327,0.116326906
130,2,even,-0.39837843,-0.2657532,0.10625036,-0.9760856,0.82907516,0.1972922,0.97552526,-0.298235,-0.11866475,-0.933379,-0.39861825,0.454882,0.28592065,0.67339057,1.0474094,0.113814384
131,6,even,0.99227583,-0.78677714,-0.06955894,0.85879135,-0.3943168,-0.028955884,1.3377972,0.0170964,0.8307533,-0.18543474,-0.33551615,-0.9519006,-0.4377933,1.1663985,0.7638642,0.5091748
132,7,odd,0.17660159,-0.58026844,0.3303314,-1.0624913,0.49848518,0.8178602,-1.5355189,0.4129861,0.5387001,-1.7150431,-0.22674704,0.47272345,0.042954292,2.4038048,0.17855619,-0.38900736
133,7,odd,0.2447904,-0.74675894,0.013834391,-1.258937,0.41950884,0.23292652,-0.53261334,-0.5019933,0.2889945,-0.6049677,-0.26325887,0.71468,0.59205055,1.1801358,1.5080203,-0.2823648
134,1,odd,1.004069,-1.4904218,0.06739402,0.25340024,0.8099672,-0.24022777,-0.48810035,-0.76637274,-1.2335974,1.0897604,-0.010656009,1.1284473,0.9573628,-0.506636,0.6433973,1.150664
135,8,even,0.339826,-0.4580202,-0.10031186,0.1993238,0.39696646,0.49963552,-1.4792149,0.16436636,0.7529686,0.925978,-1.6211303,-1.6018798,0.74642926,-1.4807853,0.34308255,-0.7361182
136,1,odd,1.5126482,-1.5399045,-0.121910006,-0.37700707,-0.4811498,-0.16108091,-0.36904544,-0.85580945,-1.3980556,0.088255,-0.022687647,0.89267635,0.6526903,-0.059056863,0.96072096,1.38955
137,8,even,-0.034613654,-0.036058098,-0.061859883,0.2409379,-0.9125718,-0.20579813,0.9109191,0.887464,-0.38921812,-1.3143662,-0.1935983,0.7725476,-0.56186175,0.7819236,-0.31439194,1.424732
138,8,even,-1.3153739,0.32646397,-0.12300341,-0.4536959,-0.3672612,-0.2890376,-1.595659,1.8529613,-0.29711124,-1.6939776,0.08854005,-0.2818612,0.5684254,0.31847957,-0.6877461,1.2331643
139,8,even,-0.92670316,-1.3355669,-0.12804852,0.22825985,0.39642218,-0.29566163,-0.42663062,0.7836482,0.019224785,0.67903584,0.65326124,-1.3297303,-0.34651065,-1.8104792,1.2240506,-1.7783047
140,8,even,-1.9087942,0.8570646,-0.08495295,1.4302129,-0.7329312,-0.5362801,-0.95125943,2.6407788,-0.5936005,-0.41592908,0.35641006,-0.484092,0.50031435,-0.24211143,-1.0915544,-0.40568936
141,1,odd,-0.024180397,-0.9767605,-0.16618377,-0.90403396,-0.32488018,-0.20096827,-0.009019412,-0.5191752,-0.763112,-0.34658438,0.39001092,0.5236868,-1.4773966,1.1941571,-0.71479315,1.2295758
142,0,even,1.5407488,0.19823384,-0.05335795,0.3635233,0.9494112,-0.17801811,0.30871454,-0.62237227,1.6237032,-0.5257678,0.057988808,-1.9218926,0.17059234,0.47950417,0.66985965,-0.7659639
143,3,odd,-0.21413569,-0.22701418,-0.16748938,0.32882768,-1.6880267,-0.2365278,0.13359638,0.7733893,0.38818687,-1.4762983,-0.15859288,0.17764062,0.2397429,0.8164069,-2.0487325,0.9609799
144,9,odd,-0.52422553,-0.922003,-0.014500603,-1.338879,-0.6001194,0.22211334,-0.9537043,0.37851524,1.7138667,0.60403496,0.0068851225,0.28275597,0.093960255,0.11925332,1.6848117,-0.50974226
145,8,even,0.48505622,-1.5954338,-0.027028173,0.4972629,1.026491,-0.2307525,-0.27219024,-1.0349598,-0.3195282,0.3988078,0.23462442,-2.0405557,0.44015592,0.85498506,-0.4622761,-0.28642058
146,4,even,0.32815242,-0.7536162,-0.15443756,0.49363285,1.0465219,-0.19320162,-1.019253,-1.5241685,1.6844981,0.27805316,-0.034629244,0.51744914,-0.23005524,-0.14010526,0.19035088,-0.85450274
147,9,odd,-0.9862098,0.2551051,0.0034579486,-0.34278587,-0.39394557,0.30283397,-2.6360345,0.59339887,1.493697,-0.91277236,-0.5575855,-0.4720329,0.80313295,0.2825696,-0.060335755,-0.8342207
148,3,odd,0.8350257,-1.4199779,-0.25446188,-1.1197299,0.09327063,-0.15561864,0.035814423,0.08578557,-0.72438884,-1.3912929,0.0017273556,-0.3679639,0.29719356,0.8135982,0.60264325,0.35378698
149,7,odd,-0.26043344,-1.272757,0.17796247,-0.8807923,1.2550733,0.41593808,-1.5959761,-0.72474134,-0.10232764,0.60834295,-0.32541874,0.2589621,1.3623084,0.7741982,1.3619411,0.1879789
150,4,even,0.4815464,-0.18652731,0.08595793,-0.6055632,0.1316509,0.18822995,-0.46477896,0.48315233,0.9345304,-0.18207763,-0.037384763,2.0428956,0.72962767,-0.8641113,0.7581055,0.053040415
151,6,even,-1.8854969,1.5316136,-0.2574532,1.9605639,-0.8280587,-0.51006055,0.8387515,-0.23324467,-0.64077824,0.4319137,-0.22859001,0.64881516,0.035233784,0.025530964,0.24934204,0.41473407
152,1,odd,0.15794584,-1.3198012,-0.24833237,-0.9425717,-0.61148024,-0.13104148,-0.17758548,-0.8850098,-0.7606031,-0.5846113,0.21770608,0.5977598,-0.8795525,0.944531,-0.19292733,0.95966995
153,0,even,0.7783703,-1.4381274,0.20207812,-0.109152116,-0.25058582,0.2702133,1.1228852,1.0270755,1.1726589,-1.0059242,-0.07546457,-0.2761429,0.5525173,1.3744793,0.675843,-0.85094905
154,6,even,0.019889124,-1.1010743,-0.13920774,0.38784394,-0.4796216,-0.31716743,0.81704074,0.0017513931,0.5380212,-0.96709764,0.095489405,-2.02851,0.7117391,0.112691194,0.23258479,2.1698904
155,0,even,0.20235851,1.0664153,-0.21553136,-1.0583743,-0.90466535,0.08355364,0.9515479,0.13648301,-0.95471054,-0.37299806,-0.0073225843,0.68895936,0.63894176,0.49647653,0.35231596,-1.7519126
156,0,even,-0.49135298,1.1478059,0.13034071,-0.36648348,-1.4615937,0.3071534,1.3080661,0.9364341,0.28781152,-0.771934,0.038184833,-0.27434438,0.39572623,-0.15161343,0.24233983,-1.5785141
157,6,even,0.55072445,-1.0006965,-0.027762733,0.37495673,-0.42145127,-0.062446542,1.0945435,-0.8244252,0.7984705,-0.40821248,-0.16295785,-1.4081469,0.58591354,0.5912151,-0.21312463,2.0752985
158,3,odd,-0.5035892,-1.1231148,-0.03025376,-1.0349958,0.43653002,0.4664633,-1.0466921,0.5464177,-0.22648394,-1.3688636,0.20791957,-0.040105194,0.49069512,0.69409215,-1.5194389,-0.7538473
159,2,even,1.1294953,-0.22021529,-0.24712987,0.27449974,0.38596627,-0.3476813,1.8206506,0.98109335,-2.417908,-0.25303376,0.1892825,-0.035933584,0.30859506,-0.6453215,0.20398374,0.38411865
160,5,odd,-0.29893124,-0.9264076,-0.40383708,0.36067712,-0.60960114,-0.77192605,1.9013128,0.0070834756,-0.22006887,-0.13722706,0.6276856,0.15069705,0.44843203,0.52929986,-1.3411671,-0.8978029
161,7,odd,-0.48362732,-0.847177,0.048928045,-0.766359,1.0794989,0.2546442,-2.3657591,-0.083819464,0.82434165,-0.49793807,-0.46807802,-0.9332572,1.5858961,0.8279266,1.3844507,0.19750953
162,4,even,-0.44579363,-0.32248536,0.050823715,0.0036868267,-0.21674871,0.19161807,-2.3134506,-1.6915588,1.144481,-1.1451858,-0.64720464,0.13388786,-0.026869632,-0.107148334,-0.0050982386,-1.082464
163,1,odd,1.2408544,-1.9736291,-0.08159034,0.07000333,0.55146796,-0.2365235,-0.3910117,-0.19895151,-1.281434,0.5321766,-0.20514399,-0.30686706,1.4798533,-0.46803385,0.6938439,1.6321012
164,6,even,-0.39686,0.5263087,-0.02531717,0.7632104,-1.6453831,0.028853707,0.944868,-0.23657209,0.85331976,0.9689067,-0.62818396,-0.98760617,-0.37304428,0.73862046,1.1884577,0.36850274
165,6,even,0.24827,0.83899873,-0.12464696,-0.44529852,-1.0399772,0.040373784,1.0118256,-1.0344293,0.8162442,0.08951734,-0.008660145,-1.0849389,-0.13957784,0.8173933,0.11522417,0.6683111
166,1,odd,1.3148874,-1.4469082,-0.1265487,-0.69483984,-0.6665256,-0.030580617,-0.58965397,-1.2557104,-1.1462054,-0.0002834089,0.064890094,0.5121416,-0.012044562,0.37490582,0.282952,1.2683818
167,7,odd,0.2307617,-0.31045878,0.1789216,-0.678841,-1.0699755,-0.01432481,-2.403088,2.1696653,1.4733751,-1.5382423,0.30231643,-0.10428804,0.24087223,1.931163,1.0260376,-0.08213262
168,0,even,0.33906293,2.0923336,-0.16921501,-0.0012134183,-1.4604448,-0.47777662,-0.8376334,0.66382194,-1.3644514,-0.025415266,0.18847069,-1.1173162,0.13547991,0.05431421,0.82914305,-0.50132847
169,2,even,0.20917259,0.9314779,-0.21259876,-0.81485826,0.97172445,-0.40354043,0.34120268,0.82593924,0.7306719,1.1992226,0.4941034,-0.046307683,1.8987162,-0.24316658,-1.0755638,0.96952045
170,6,even,0.70752686,1.321542,-0.051440366,0.49308592,-1.3341752,-0.19314344,0.03945028,0.62228465,-0.39521548,-1.4279108,0.35423824,0.9026878,-0.50457066,-0.33290815,-0.148549,1.2722503
171,2,even,-0.55553865,0.80480677,-0.06876403,0.14972307,0.71522844,0.005675297,1.0912147,0.85050684,-1.252256,0.8699859,0.22848564,0.07294521,-0.46417558,-0.8563855,0.44980574,1.6527072
172,5,odd,1.6462332,-1.8823398,-0.16541407,-0.10025606,0.3062552,0.013828527,-0.36747706,0.4523208,-0.03483057,-1.3930819,-0.117400505,-0.28961426,0.26739523,0.8501382,-0.10278571,0.06637639
173,1,odd,1.5747557,-1.4594501,0.094099924,0.713932,1.3979673,0.020278867,-0.14931738,0.075194865,-1.3771491,0.7840368,-0.0933142,0.6061161,-0.032503817,-1.0717154,-0.548201,0.80125844
174,7,odd,0.06288537,-1.5669836,0.23892379,-0.28552854,0.8733465,0.28035983,-0.6846758,-0.4159201,-0.46253344,1.8735754,-0.096324004,0.06510782,0.96763694,0.88858277,-0.18324739,0.23920727
175,1,odd,1.5406086,-1.3311254,0.058751646,0.69483477,1.3568062,-0.085280456,0.11065645,-0.08285524,-1.6206591,1.4572796,-0.08103589,0.5029845,0.55535644,-0.810193,-0.08445625,1.1145427
176,4,even,-0.66968566,0.3963478,-0.23285417,-1.4131122,-1.0853938,-0.24651778,-0.81417394,1.9138153,2.3608582,1.1111417,0.012875911,-0.2947712,0.7089475,-0.13449802,0.20723902,0.864194
177,6,even,0.67697954,-0.8571149,-0.011615299,0.45645967,-0.3430836,0.17868352,1.1511614,-0.4309544,-0.2880502,-0.027545476,-0.45000783,0.09265521,-0.3904366,1.7351857,-0.78537226,1.3813074
178,8,even,-0.76257855,-1.6245146,-0.0068065077,-0.90178186,0.6586458,0.03229251,0.95590967,-0.4683048,-1.0526297,-0.46492288,0.08872,-0.32946843,0.44414487,-1.233868,0.7389709,0.7596426
179,5,odd,-0.14095818,-0.4995045,-0.21864359,1.1027777,-0.16353518,-0.4755706,-0.51133966,1.1128237,-0.7491988,0.673722,-0.046689987,0.7402763,-0.07737121,1.7629545,-0.9958946,-1.5122505
180,6,even,-1.2733483,1.11175,-0.045011878,-0.4818845,-0.99749327,0.1206612,-0.44406396,-1.3069532,1.584108,-0.5363427,-0.10722282,-1.1624957,-0.061370283,-1.397094,-0.35077405,0.40742528
181,6,even,-0.100180626,0.36798063,0.11589666,0.04159794,-1.2993605,-0.08663744,0.9631883,-0.37048012,-0.77103084,-0.24973823,0.6788025,1.2967812,-0.33230796,-0.48152488,-0.48083544,0.013373889
182,4,even,-0.17126663,0.3985077,-0.058709174,0.74417734,1.2164583,-0.30169466,-2.3042893,0.78328043,1.774073,-0.085341915,0.0020043217,1.1266093,-0.14828241,-0.49904418,1.5705401,-0.6036555
183,0,even,1.0506252,2.0250375,0.33867258,-0.9313496,-0.26155552,0.5131921,-1.8375187,-0.45688656,0.9905617,0.8939699,-0.7862517,-1.0296297,0.11045467,0.44394982,0.61899585,0.37657854
184,4,even,0.14242095,-1.0227821,0.02549531,-0.55823624,-1.0952929,0.26640266,-0.1725404,-0.44554633,0.6648109,0.23017946,-1.1309475,0.925283,0.20736697,-1.3391339,1.0737808,0.94554967
185,8,even,-0.34105486,-1.1375587,-0.30474752,-0.55083585,0.24398524,-0.25440145,1.6742144,0.85985285,-0.4321166,-1.3070664,0.12468087,0.022253603,-0.26682016,-0.04531865,-0.8976269,-0.025265262
186,7,odd,-0.14416717,-1.2348865,0.21787456,-1.1398525,0.97383237,0.5540173,-1.3953316,-0.54242724,-0.13867763,0.28137478,-0.47195485,0.36901474,1.1701367,0.75067043,1.0697719,-0.030242518
187,4,even,0.92373556,-1.5720323,0.044522338,0.9740998,0.07892279,-0.44717795,-0.77266574,0.11962411,0.69693476,1.2968719,-0.07012307,0.85237783,1.4139999,-1.3331282,0.28936017,0.844994
188,6,even,0.47574532,0.7217135,0.029121505,0.4909346,-0.2518998,-0.38188967,0.24099657,-1.212939,0.28536275,1.0702984,0.3971193,-0.28132832,0.47370023,1.7800585,0.57528746,-0.05612836
189,3,odd,0.49188328,-0.42354223,-0.39603436,-0.4279275,1.2263964,-0.9171478,0.14961557,0.36649072,0.6388254,-0.41232482,1.3500056,-0.6465859,0.24484405,-1.2871215,0.4365465,-0.705328
190,3,odd,0.9152696,-0.74726194,-0.2149591,-0.21293327,-0.29641607,-0.41276634,0.45363915,1.3486774,-0.34058526,-0.6182675,0.15480137,0.579922,0.77654827,0.75619495,-0.21503142,-0.5901469
191,1,odd,0.63744843,-1.4243149,-0.15265949,-0.5851453,-0.94329596,-0.12738687,-0.20529667,-1.1187689,-1.2903787,-0.3540182,0.16995418,0.13600521,-0.43493503,0.7754273,0.16345479,1.2510625
192,0,even,1.3656706,-0.8304845,0.30855048,0.024279544,-0.432101,0.3435,0.50248873,1.1093516,0.58312714,-2.115864,-0.6922004,-1.4148067,1.1739322,-0.4709736,-0.0635625,-0.3016622
193,5,odd,-0.31196427,-1.0095099,0.12961882,0.1688214,-0.67329746,0.34942073,0.46401602,0.17208081,0.008534946,0.31653857,-0.37429678,1.822188,-0.30457866,0.9701476,-0.62139463,-0.6432172
194,9,odd,-0.4891252,-0.33469763,-0.29675764,-0.67738366,-0.6223062,-0.34790447,-1.567816,0.7160687,1.1754001,-0.6932922,0.8660311,0.98992234,-0.03275078,0.67926157,-0.79741275,-0.46094638
195,6,even,-0.42609203,0.91201687,0.09924743,-0.14433695,-0.23868081,-0.55873454,-0.33564502,-1.6023593,-0.10147028,1.6684712,0.9100916,-1.1069894,1.1519017,0.972034,-0.18646899,-0.06662539
196,7,odd,0.04117871,-1.283306,0.06954276,-1.1547148,0.22324696,0.34091926,-2.241986,0.55565697,0.24637255,-0.8320758,-0.52859944,0.34729442,0.22459915,0.43105757,2.05121,-0.15344903
197,2,even,-0.6084514,0.44211733,-0.021549001,-1.240184,-0.0026285797,-0.3950709,0.15259816,0.91471976,0.7352996,-0.46362883,0.710115,0.009806842,0.20634165,0.44134784,0.47090685,1.0858572
198,5,odd,-0.41160184,0.41651148,-0.2077973,1.3334156,-0.24418733,-0.58940625,0.036151797,0.3663112,-1.1186355,-0.32106388,-0.06258695,1.7057989,0.4868642,0.746987,-1.3313011,-0.3968042
199,9,odd,-0.24453934,-1.7329183,-0.108546495,-0.0154704675,-0.8367397,-0.3666035,-1.847094,-0.1616763,0.89025116,-0.16060533,0.5058115,-0.18073899,0.6943602,0.32566577,1.3057153,-0.6524056
200,8,even,-0.4404155,-0.36959875,-0.091186926,0.7190437,0.32176784,0.19547848,0.93090683,0.038018584,-0.27756694,-0.4366083,-0.590673,-0.26728845,-0.43803108,-0.005753666,-1.6533512,-0.628825
201,5,odd,-0.386469,-0.7738122,-0.2741602,-0.11254789,-0.32162067,0.016890142,-0.8502918,1.0474567,-0.4221925,-0.6160466,-0.5026005,0.63847613,-0.67613566,0.15505421,-0.3911023,-0.9105713
202,7,odd,-0.35039216,-0.23305547,0.08214478,-1.2329732,0.29054886,0.394422,-0.8694392,0.015957683,0.8551531,-1.9105532,-0.7546735,0.4260558,0.902571,1.0910357,0.95826536,-1.0240874
203,2,even,0.7392273,0.9438913,-0.087690115,-0.065890685,-0.37357032,-0.41388294,1.0866098,1.1082687,-1.0273393,1.3529521,1.2269547,-0.17620367,-0.799102,-0.36969662,0.498223,1.1426873
204,1,odd,1.3192714,-1.3929151,-0.07862724,0.5457211,-0.030860417,-0.17655295,0.25477728,-0.4329586,-1.5032626,0.88381076,-0.107289694,0.23929286,0.6069241,-0.16405632,0.03881453,1.4546924
205,9,odd,-0.7512333,0.06482766,0.124807596,-0.82137203,0.45052665,0.5478358,-0.61603135,0.83020097,0.7832118,-0.27090687,-0.4622907,1.387453,0.8759939,1.0256926,0.14441057,-0.6604637
206,6,even,-0.63552517,-0.6917647,-0.052819014,0.5364268,-1.2224483,-0.23976935,1.3258586,-0.58417296,-0.06516423,-1.0393137,0.46207777,0.6112269,-0.22051626,-0.013686746,-1.1675191,0.759468
207,0,even,1.2533901,1.4572458,-0.24987926,0.28844273,-0.9666498,-0.8970987,-0.6277964,2.1734493,-0.58442277,0.13981447,1.4058166,-1.454193,-0.2876639,0.891093,0.041977182,-0.5716251
208,1,odd,1.6285025,-1.4019305,0.052656062,-0.36428642,0.44066986,-0.25683236,-0.64951277,0.02588123,-0.07851738,-0.2954795,0.0010755323,0.8365336,0.5227747,-1.3091438,0.89678425,0.89542574
209,9,odd,-0.6537734,-0.9046804,-0.15506665,-0.5379323,-1.1398649,-0.107747436,0.04248514,1.0022426,0.37187856,0.7087602,-0.026871305,0.9422143,0.46313038,0.7359565,-0.3032841,0.17091951
210,4,even,0.8545173,-1.4675101,0.08153573,0.23457691,-0.067856245,-0.26867592,-0.09191188,-0.7769521,1.0968462,0.30040437,-0.063966006,1.1823771,1.2428743,-0.9581138,1.0001066,0.4096113
211,7,odd,-1.195532,-0.23346421,0.14562267,-1.3568928,1.2525555,0.85663897,-1.329587,-0.5993405,0.09537359,-0.5708698,-1.2792184,-1.1155021,2.2134624,0.55119944,0.042323887,-0.12150102
212,2,even,-0.6545877,-0.8194401,-0.12245099,-0.8990592,-0.057775997,0.051182304,0.1622723,0.14076427,-1.5854553,-0.82494944,-0.40384558,-0.8157556,0.47627965,-0.9286108,1.06058,2.048514
213,3,odd,0.56429785,-1.0418372,-0.31573945,0.058469296,-0.39870453,-0.4305932,0.5484139,1.3338242,0.18264982,-1.2818525,0.0942898,0.26088044,0.5869257,0.25998387,0.35610843,-0.072408564
214,7,odd,0.45056587,-1.5319862,0.0711751,-0.25431997,1.0401785,-0.060566746,-1.0485098,-1.1974955,0.44259304,0.35279617,-0.055754103,0.38065845,0.7262453,0.58942324,1.1421611,0.010896467
215,2,even,-1.4220929,0.64984375,0.073893785,-0.56507015,2.1907034,0.31960568,0.49944997,0.35997617,0.07869441,0.36400205,-0.9410662,-2.0367222,1.6005371,-0.7017398,-0.30299413,-0.018122405
216,2,even,-0.4318413,1.6036268,-0.12887393,0.50532204,2.4570315,-0.46304953,0.87917,0.43607682,0.6654985,1.2753845,0.5610741,-0.16944516,-0.11821904,0.017030701,-0.20488128,0.62638515
217,2,even,-0.32718945,0.33311084,0.078261554,-0.34566575,1.2207274,-0.10609922,1.154767,1.0423834,-0.37364325,-0.12949312,0.31362677,0.33023545,0.0552593,-0.28194827,0.5023799,2.105137
218,3,odd,1.562858,-1.2694145,-0.3036704,-0.12916942,1.3765173,-0.4191187,-0.20981869,0.35163766,-0.22566554,-0.19915332,0.8278824,-1.0189729,0.16970374,2.224947,0.21305035,-0.25950116
219,1,odd,0.81997144,-0.8544407,0.0313729,-0.5634496,0.6547306,-0.22592072,0.62995946,-0.9712203,-1.0029027,0.90807545,0.341602,-0.097046405,0.6514109,-0.0461929,1.7487118,1.1394945
220,2,even,0.9552697,0.5171118,0.28404868,-0.4452933,-0.20642075,0.7832581,-0.53265935,-0.0015313625,-0.8265605,0.418075,-0.9038508,-0.5058008,-0.51982796,-1.8893682,-0.12528238,1.7013367
221,9,odd,0.22602199,-1.6654629,-0.003749255,-0.5536733,0.5117386,-0.29675156,-0.7828757,-0.34600306,0.06402857,1.277985,0.22446677,0.06293139,1.0496453,0.12684757,0.76348656,0.73360986
222,4,even,1.0900816,-0.715231,-0.2219475,0.1456462,0.8162998,0.06661901,-0.3891345,-1.0423691,0.6020435,0.96298367,0.11263486,0.17076437,-0.8508023,-0.37576616,-1.1471759,0.12555644
223,1,odd,1.3089794,-1.3425481,-0.030696034,0.4230836,-0.118589185,-0.04603388,0.037536275,-0.5959113,-1.2425454,0.5477533,-0.16611025,0.26810464,0.39279422,0.14344557,-0.3066854,1.3681809
224,4,even,0.90744585,-1.5670171,-0.085165694,-0.031814538,0.9372588,-0.25325054,-0.5753513,-1.4110415,1.7013716,0.33000585,0.5762962,0.16560249,0.111839175,-0.08027138,-0.29808545,-0.6564517
225,6,even,-0.8748241,1.3918434,0.013189059,-0.17144112,-0.7390101,-0.6282605,-0.5010995,-1.1913981,0.012873419,1.8366703,1.5516595,-1.2049332,0.3802556,-1.0976857,0.15714754,0.07817681
226,8,even,0.70914686,-0.9658108,-0.2988999,0.048288517,0.05627635,-0.41422173,1.4923463,1.160608,-0.37773347,-0.10192539,0.2606981,0.15417811,-0.91275424,-0.42889845,0.44093567,-0.5424379
227,4,even,-0.32413018,-0.8144174,-0.028535739,0.058646597,0.18066305,-0.06635168,-0.33566514,-0.1500216,0.34815535,-1.0094603,0.33238685,1.878111,-0.33242264,0.26686472,-0.5420428,-0.24445334
228,5,odd,1.4154856,-0.6538131,0.17612977,-0.81317604,0.37396097,0.62826604,-0.36315966,-0.98304,0.21833321,0.17367484,-0.5061022,-0.1539008,-0.072194315,0.4081756,0.006122619,0.5813148
229,2,even,0.19148555,-0.15690334,-0.09626719,-1.1302269,-0.47713012,0.18059197,-0.1775536,0.29039222,1.8398758,1.4520723,-0.77019864,0.10311136,0.27374092,-0.18296711,0.23135875,1.3544788
230,5,odd,1.6561344,-0.6489413,0.12645271,0.6314291,-0.34700757,0.21047528,0.028054267,-0.038521886,0.084485,-0.21906364,-0.33146587,0.71144795,-0.53295064,0.2990718,0.55865616,0.3146672
231,0,even,-1.0628079,-0.08055556,0.13453686,-0.15822136,0.21493465,0.18691519,1.1481512,-0.27279836,2.025328,-1.1077127,0.061369203,-1.0242132,-0.1577387,-0.6999727,1.7678419,-1.3240489
232,7,odd,0.20151705,0.015431784,0.09975186,-0.6791073,-0.5018191,0.24572837,-0.06719424,0.16067839,-0.08435866,-0.5287446,-0.46508637,1.0946974,0.0072125187,1.309751,-0.77493024,0.46245924
233,9,odd,-0.12766443,-0.9614056,0.0011344589,-0.56737167,-0.22187883,0.11730456,0.053411458,0.038218558,1.06034,0.5371916,0.1642606,1.2064157,0.010036039,0.45594215,0.6963235,-1.0016072
234,1,odd,1.3298717,-2.080741,0.13556129,0.5083244,0.64486325,0.14695378,-0.85124093,-0.08676085,-1.4492956,0.57408273,-0.56763685,0.28821826,0.65817255,-0.7423773,0.056586236,1.4501841
235,3,odd,0.12552452,1.0136049,0.31026435,-1.860946,0.5864214,0.12054478,-0.30591983,-0.39268494,-0.30460954,0.5796165,0.76559585,-0.6456023,0.9337008,-0.78428453,0.5201228,0.16597164
236,3,odd,0.91129357,-1.3514217,-0.13135529,-0.8632299,0.487995,-0.053562876,0.93789154,0.5556929,-0.7232682,-0.74592674,0.16022232,1.379988,0.01727686,-0.23170178,0.13372491,0.28553733
237,4,even,0.08976826,-0.88652897,-0.13671757,-0.19718766,-0.9208602,-0.12929155,-0.25562146,1.3075612,2.2477431,0.66796416,-0.048007384,0.7019372,0.10981993,-0.74913615,0.916388,-0.07049979
238,2,even,0.20797834,-0.9689542,-0.06416758,0.37221697,-0.74776644,-0.15528738,1.4611573,0.5785875,-2.1894293,-0.09303283,0.23621556,0.37777585,0.21452561,-0.3531831,0.58275265,0.6102778
239,0,even,0.512111,1.8061366,0.3782645,-1.120075,-0.7418849,0.39463657,-1.7026227,-0.8019121,-0.8055171,0.899328,0.09886535,0.010280937,0.04651115,-0.09559359,0.8412984,0.34631315
240,4,even,-0.5725413,-0.3780457,-0.07901642,0.40226796,0.789529,0.07280639,-0.7879914,-0.27658448,1.8562742,-0.0113085825,0.12899718,1.3972722,-0.74407834,0.9480189,0.28319013,-1.2667637
241,2,even,0.013653159,-1.1450135,0.09585311,-0.55888397,0.8495775,0.27788618,0.9863031,-0.13354605,-0.363391,1.4510707,-0.84377736,-0.0825178,0.7143158,0.21007696,0.97087294,0.6761896
242,0,even,-0.18534626,1.3907175,0.25797474,0.82461387,-1.08175,0.5826738,-1.6238148,-0.68091154,0.5070054,0.96777195,-1.0936197,-1.8084092,-1.4032791,-0.6025038,1.1486049,0.005096443
243,5,odd,-0.7063752,1.1510534,-0.28266293,0.27170968,-1.2747196,-0.4418551,-0.31803396,1.0072899,-1.5040174,-2.0965621,0.15237987,-0.11604771,0.7039215,0.33366477,-0.9069206,0.67266566
244,3,odd,1.2366027,-0.072228424,-0.27446663,-1.4416491,0.57517916,-0.5225101,1.12585,-0.32560205,-0.41172215,-1.488456,0.6989303,-0.6635736,0.009904443,-0.0030865073,1.013699,0.65944
245,5,odd,-0.07511996,-0.38646814,-0.38849133,0.01981002,0.12942499,-0.99659604,0.86067927,-0.2996976,-0.6587505,-0.2779257,0.8812612,-1.4363734,-0.12647377,0.45621872,-0.07492027,-0.7654493
246,1,odd,0.54183453,-1.3769989,-0.20676081,-1.0312555,-0.6801173,-0.05189193,-0.35828122,-1.022435,-0.7162236,-0.8839734,0.045595683,0.6688733,-0.86017245,0.79783106,0.005095005,0.9257334
247,9,odd,0.5465708,1.6333973,0.1587866,-0.3261625,0.39871302,0.50517774,-1.2581308,-0.8436843,-0.88514054,-0.19695489,-1.1859388,0.28559247,0.45736063,0.051584765,0.06631896,1.0078324
248,0,even,0.68171954,0.60986614,-0.11747335,0.3220301,-0.06983539,-0.44100866,0.22484215,-0.44466966,1.0475297,-0.025575845,0.57411796,-1.3541609,-0.37934354,0.7174012,-0.06306601,-2.0299768
249,0,even,-1.4285992,1.9746952,0.28764272,-0.17788169,-1.1761795,0.03891659,0.29367286,0.9969122,-0.605305,-0.11610797,0.09055716,0.8984057,0.14165443,0.26467705,1.013507,-0.7018217
250,7,odd,0.90409464,-1.5090948,-0.058258288,-1.5209061,0.09018764,0.021980789,-0.116852805,-0.56270176,0.9283707,-0.88168824,-0.17019951,0.35103613,0.3918183,1.0208472,1.1993152,0.10331232
251,7,odd,0.17387271,-1.4490223,0.111537784,-1.024578,0.4987324,0.16012014,-1.2529092,-0.7629309,0.18150935,1.034716,-0.021594021,0.09492028,1.0038446,0.41199487,1.1450895,0.11856314
252,6,even,0.42112345,1.6356807,-0.24313037,0.23051432,0.5846297,-0.788739,-1.4659984,-0.41669482,-0.73706263,-1.0247301,1.1862434,0.46132624,-0.60671246,-0.9875032,0.75726175,1.2396919
253,8,even,-0.84436566,-1.8474194,0.30092055,-0.5145389,-0.9257618,0.32202664,-1.6102054,0.29805362,0.48935086,0.11518836,0.4478369,-0.3422051,0.67049164,0.36971998,0.3952784,-0.27755472
254,8,even,-1.6374463,-0.029243175,-0.26074564,0.94733655,-0.6490892,-0.4285031,0.23045926,0.49429387,-1.1655825,-0.6762737,-0.1774559,-0.18713778,0.39694676,-0.8011796,-1.4689411,-0.43555287
255,7,odd,0.011289656,-0.36234435,-0.107929975,-0.73446834,0.2252911,-0.14347355,-1.882652,-0.99665755,0.428688,-1.5064125,-0.066408485,-0.46555626,0.61084485,-0.012225285,0.79294056,0.30939007
256,0,even,0.062825754,0.9326172,0.3478979,-1.63362,-0.026449643,0.41041246,-0.9679834,1.2231295,-1.7352537,-0.42685658,-0.36762145,0.3539255,0.8614794,1.5090226,-0.46112412,-0.47503456
257,2,even,-0.10617909,0.58838814,1.8902123e-05,0.04778292,2.2798536,0.0890771,0.6931281,-0.008039296,-0.50245786,0.5028413,-0.45440415,0.51451725,0.55529916,0.6755618,-0.7047787,0.64956266
258,7,odd,-0.76597893,-0.38813725,0.18063919,-1.1886085,1.0755761,0.93601215,-2.089781,-0.05712518,0.64314055,-1.0184441,-1.2682848,-1.0934279,1.829312,0.62985915,-0.0012012124,0.30766267
259,1,odd,1.1342063,-1.6369231,0.00816489,0.69367117,0.79854435,-0.4231504,-0.076931596,-0.4556179,-1.4751525,1.1633232,0.11782045,0.53909457,1.0219425,-0.75275165,0.7513753,1.4851445
260,0,even,1.4214932,1.4495032,0.16382766,-0.059502818,-0.6059899,0.1313247,-1.7370856,0.3138631,0.3678151,0.39483735,-0.4779387,-1.1232687,-0.6433703,-0.7197246,1.0722854,0.96719027
261,2,even,0.43470865,1.0413175,0.05158936,0.39444992,0.12841266,0.18564263,0.38531277,0.91793007,-1.9173623,-1.2347921,-0.21509469,-1.3335534,-0.2046646,-1.0314056,0.21401383,2.2063007
262,2,even,0.30395475,0.14592949,-0.13727339,-0.7805495,0.22333279,-0.23589444,-0.19498542,0.29679716,1.1985265,1.4538485,0.044511374,0.25422886,1.3689193,-0.29993618,-0.54669076,0.9752069
263,9,odd,-1.018696,1.1063335,0.32158065,-0.74429953,1.1735694,0.65169996,-0.8523361,1.1579313,0.5146126,0.38600615,-0.20074919,0.9391512,-0.3792858,1.6741327,0.25346214,0.5711078
264,4,even,0.5704779,-0.10781401,-0.1972244,-0.3633792,-0.57646763,-0.24792162,-1.4280314,1.3816276,0.7434208,-0.52849877,-0.05346026,1.4105896,0.7628474,0.9862427,-0.5367,2.0522997
265,6,even,0.27541295,-0.13337784,0.08699155,0.20043163,-1.5371531,-0.040468443,1.0234604,-1.1495714,0.41340142,0.76143205,0.2845222,-0.9016496,0.29630435,0.34802425,-0.16623114,0.9479
266,5,odd,1.629884,-0.58703494,0.13189813,0.5124305,0.87023294,0.47832906,-0.7575358,-0.6085268,-0.4299122,0.5735599,-0.67939955,-0.07637197,-0.20017675,-0.0717344,-0.8404682,0.48616934
267,8,even,-1.7056739,-1.5792483,0.12798789,0.694488,-0.1901393,0.32616037,-0.731895,0.2708062,-0.54781246,0.25717738,-0.28950015,-0.88607264,0.59448,0.10272505,-0.30457342,-1.734163
268,2,even,-0.7923833,0.6499756,-0.3864463,0.2989639,1.2697569,-0.7627711,1.4835384,-0.26173797,0.5115651,0.21690471,0.65396434,-0.83764565,0.058517177,-0.2653197,-0.300847,0.14424989
269,5,odd,1.5853785,-0.012182161,-0.08743474,0.37095317,0.96720093,-0.019373111,-0.31716672,0.22401369,0.2821694,-0.8461906,0.3146373,-1.5349314,-0.3598726,-0.88615465,0.035160944,0.82149875
270,2,even,-0.47091198,-0.35941914,-0.11686452,-0.19300881,-0.9359578,0.017473768,-1.1968124,0.43351144,-1.7402728,0.5421305,0.54217076,0.143773,-0.709907,0.7450706,0.17123915,1.9373746
271,6,even,-0.14259,0.9665741,0.21592411,-0.13628897,-0.13203374,-0.016058594,0.044820897,-1.052563,0.6249154,0.3988728,0.9730575,-0.14081359,-0.857042,-2.202378,-0.2839092,-0.10872721
272,9,odd,0.7144237,-1.2579958,-0.093437195,-1.0326031,-0.52725303,-0.2892833,-0.96524674,0.060247153,0.6094962,-0.71961087,0.062401973,0.7813697,0.14554818,0.19671504,1.9654973,-0.19445744
273,8,even,-0.7772399,-1.7290425,0.12979773,0.4048532,-0.26757887,0.16458566,-1.8908331,-0.071236014,0.44279718,-1.11017,-0.42933226,-1.0089233,0.83371764,0.62665963,0.2428359,-0.70903856
274,5,odd,1.2888814,-1.035633,-0.4578697,0.49045703,-0.4547909,-0.6621202,-0.7332685,1.9396341,1.2370499,-0.16966413,0.6623,-0.7744304,-0.7694511,0.87065035,-0.22976251,-0.9775238
275,7,odd,-0.8924572,-0.39865074,0.103306726,-0.5789274,0.94484013,0.76337254,-1.965384,-1.08987,0.5500717,-0.49675313,-1.3324019,-0.5863623,0.8489319,0.24944258,-0.38159937,-0.090924986
276,0,even,1.0527598,1.3349174,0.27015537,-0.97795236,1.0124326,0.12858194,0.022961728,-0.0116458535,-0.08761723,-0.82031155,0.42703605,-0.20044768,1.0704075,1.2011315,0.16730256,-1.3347627
277,7,odd,-0.09926158,-0.69946784,-0.06772486,-1.3774488,0.044654414,0.3679527,-1.277921,1.066617,0.34900826,-0.66857237,-0.09700222,1.001148,-0.50054866,1.6464925,-0.22542727,1.6078364
278,0,even,-0.56651574,1.4865222,0.39478356,-0.05950187,-1.9456079,0.5822176,-0.5706241,1.5456214,-0.2254133,-0.19477022,-0.45676473,0.34392726,0.19920643,0.4245568,-0.13011773,-1.5845428
279,6,even,0.722545,-1.0295019,0.030362984,0.059461325,0.31627324,0.15579219,0.5402882,-1.0349509,0.4456182,-0.2769072,-0.8105895,-0.014044434,0.07648512,1.4135689,-0.22266659,1.3576403
280,5,odd,1.784538,-0.59050345,-0.3188733,-0.3764392,1.200006,-0.23604849,-0.8856854,-0.35481334,-0.07482557,-0.19622988,0.47301963,-0.59330726,-0.6658873,-1.0578175,-0.38400474,0.6816249
281,4,even,0.80668867,-1.1380218,-0.194187,0.3835942,1.5983971,-0.22946273,-0.03121499,-0.11580618,2.3224769,0.046181835,0.31479517,-0.9464669,-0.36336908,-0.46068114,0.48791826,-0.016197495
282,5,odd,0.5892792,-0.8561104,-0.3241973,-0.46201006,0.14367475,-0.43432087,1.109837,-1.0725108,-0.64550173,-0.9676089,0.39280874,0.33519074,-0.62670666,1.2269169,0.23386829,-0.1903257
283,2,even,0.09576277,0.6873682,-0.11241479,1.1865585,1.45894,-0.15782902,-0.17316258,-1.0637134,0.112031125,0.4905658,0.18287325,-0.6727873,-1.1113883,1.1847737,-1.0600469,0.26599142
284,9,odd,-0.75874317,-1.4100322,-0.026066005,-1.1673306,-1.4448138,0.25610852,-1.1678159,0.8160278,1.3374345,-0.5290459,0.026774019,1.17023,0.5399009,0.4716609,0.32586545,0.38152438
285,3,odd,0.5339449,0.029015161,-0.072989136,0.09985006,-0.01953315,-0.18946329,0.32208842,1.2494164,-1.026759,0.24901165,-0.22920507,1.0239552,0.64008,0.5649439,-1.2000043,-0.37508684
286,9,odd,-1.0471538,1.5438796,0.12455774,-0.16267708,-0.46908635,0.21342489,-1.6006036,1.9418793,0.93912613,0.9764209,-0.36604106,0.5222353,0.31169638,0.8580416,-1.0230438,2.0119617
287,5,odd,-0.37735432,0.69135237,-0.36288953,0.6467091,-0.92475617,-0.71105766,0.901211,-0.6311333,-1.3239369,0.62770337,0.774055,0.44397408,0.37811664,1.1178888,-0.42368954,-0.5413263
288,1,odd,1.2503148,-1.5176277,0.059543204,1.0803899,1.2565569,-0.37572208,0.16293553,-0.058588803,-1.4584962,1.1855284,0.18623,-0.03699836,0.90239364,-1.1137727,0.5894935,1.1118321
289,3,odd,0.9482588,-0.3704889,-0.26031798,-0.95880646,-0.12548935,-0.5238396,0.97525865,0.57281345,-0.27336207,-2.146097,0.116921596,-0.085137814,1.3661383,-0.17744552,-0.0324284,0.37437806
290,3,odd,0.7433755,-0.13308561,-0.4051512,-0.07077829,1.1561733,-1.1875193,0.88300455,0.9197299,-0.081139416,-1.234826,0.9209534,-0.3485604,0.24952155,-0.88015103,0.6146484,-0.6825941
291,7,odd,0.54524106,-1.1077127,-0.013476878,-1.5556766,-0.9274651,0.37668172,-0.99708587,-0.26701537,-0.42070374,-0.2973487,-0.5445237,0.9543523,0.48590043,0.2745303,1.004747,0.4310014
292,0,even,1.8014883,0.26387864,-0.25624162,0.95931876,-1.1323358,-0.29608288,-1.2284307,0.52774984,-0.22292507,0.7506061,-0.46819058,-1.4856025,-0.2702659,0.4604708,-0.2030638,-1.8694359
293,6,even,0.3339641,-0.19161916,-0.105992824,-0.26042014,-1.4470108,-0.1573429,1.7057681,-0.32568148,0.2852972,-0.7961314,0.65729046,-1.1086271,0.13909836,-0.69820535,-1.0824515,0.38499156
294,6,even,0.510555,0.6908459,0.16141419,-0.68532777,0.7205005,0.42326424,-1.316117,-0.7825569,-0.03253057,0.26610819,0.1876013,0.49689877,-0.8322143,-0.34053028,-1.0073272,1.1984086
295,3,odd,0.08532973,-0.46763656,0.16359207,-0.50928193,-0.49652064,-0.006180754,-0.7475479,2.8961303,-0.25679716,0.3696452,-0.009489368,0.32038283,1.5934318,-0.03344293,-1.5742419,-0.06856416
296,0,even,-0.59482825,-0.5509717,0.24312969,0.37086323,-0.45966136,0.14491652,1.7163777,0.22097963,0.60935867,-1.3631815,-0.071262,0.55080694,-0.034605894,0.7382434,0.19781421,-0.77669966
297,5,odd,1.6339025,-0.5836767,-0.17781533,0.11994681,1.1852449,0.058411438,-0.60308504,-0.8925028,-0.050383426,-0.025612468,-0.18089408,0.025162846,-0.78309965,0.25941482,-0.31464612,0.78092456
298,9,odd,-0.30127704,-0.69515115,0.09216088,-1.152398,0.5547726,0.34707335,-1.3823814,-0.9029082,1.2037121,0.32644817,-0.13916287,0.2322036,1.2206277,0.39738208,0.9572614,-0.3529832
299,4,even,-0.46781486,-0.39675725,-0.21929999,-0.20675288,0.13750213,-0.07567859,-0.7511306,-0.48654377,2.4695265,-0.78169143,0.39503762,-0.32293683,-1.7042414,-0.09343119,-1.5444273,-1.1269643
300,8,even,-1.6581907,-0.04885251,0.06233051,0.920187,-0.9561144,-0.41032106,0.15800314,1.7476718,-0.18135005,0.21814544,0.3119082,-0.6643584,1.6617507,-1.2192224,-0.3635862,-1.4960655
301,9,odd,0.86340064,-1.4033346,0.06275153,-0.9212433,-1.6871374,0.09671542,-0.38900384,0.035108805,-0.12577274,0.22702703,0.2015923,1.379106,0.4017677,-0.37979573,0.36990267,0.18746915
302,9,odd,0.06873342,-0.19430526,-0.21747331,-0.3762816,-0.66035914,-0.28678784,-0.53672624,1.357491,0.05405464,-0.2029233,0.23156476,1.6502278,-0.66417885,0.3738176,-0.8206162,1.3588562
303,9,odd,-1.1269783,1.2642977,0.17100659,-0.48466253,0.54568267,0.15573332,-1.1368351,1.8396578,0.36619228,1.0133005,0.21367046,0.9690537,0.4261848,0.8232016,-0.8939582,1.2330667
304,5,odd,-0.93201894,-0.2757124,0.02333378,1.2764776,-0.6568204,0.11658232,-0.39863494,1.2412319,-0.082825124,0.5691032,0.086719155,-0.5840953,-1.6929163,0.7863103,0.5418306,-0.5750628
305,5,odd,-0.3680244,-0.28023854,0.017192814,-0.7322418,-1.323494,-0.05980771,0.38979286,1.8391135,-0.015546896,-0.55801016,-0.0715141,0.86847323,0.2436702,1.1462935,-1.0458,0.18528202
306,0,even,1.4059222,0.25185934,0.31541646,-0.57610023,0.09656301,0.6278209,0.39959136,-0.16514574,1.8342031,-1.1089981,-0.35653105,-0.4151678,-0.111092046,0.26238546,0.41046947,0.6376847
307,8,even,-1.601355,-1.8014746,0.1032725,-0.7742802,-0.91123414,0.10364647,-0.9774112,0.41951782,0.21520332,0.7026493,0.56956214,-0.33400053,0.29826957,-0.54864466,1.0337949,-0.34117022
308,3,odd,0.7000204,0.7924386,-0.42763507,-0.6882438,-0.7352529,-0.8168792,-0.03508836,0.567514,-1.0299819,-1.7751229,0.090836816,-0.4437917,1.4508328,0.06791321,0.037576854,0.4760872
309,2,even,-0.32145727,0.37777132,-0.2655027,-0.14450584,2.1926115,-0.6770172,0.38035277,1.3249581,0.2730372,1.9751911,0.82463616,-1.5319318,-0.4521364,1.0875862,0.9539508,-0.1684807
310,2,even,-0.8714797,1.7842684,0.16374084,0.14839265,1.3016013,-0.06956785,0.3811046,0.837197,0.72668016,-0.9732471,0.908847,-0.91864145,0.26523358,-0.40009004,-0.51980585,-0.13149047
311,3,odd,1.1324891,-0.3993709,-0.43645966,-0.10713536,0.3444353,-0.9734711,0.7875678,1.5578246,-0.12187399,-1.0165842,0.3208106,-0.6345292,0.71461916,0.14197662,0.66141194,-0.54018515
312,6,even,-0.9353356,-0.8024529,-0.013387941,0.14048047,-1.0126581,0.11568679,1.4143243,-0.6394335,0.49051243,-0.49562892,-0.32783267,-0.076897144,-1.1827441,1.0826635,0.6971369,1.1659988
313,7,odd,-1.0696274,-0.3376382,0.2687188,-1.2171761,1.2945957,1.0577383,-0.63376135,0.54959357,0.8492023,-1.5820115,-1.1091325,-0.032437176,0.49272174,0.66862816,-0.23152453,-0.36276755
314,9,odd,0.35280275,-0.7851705,-0.07638921,-1.2350966,-0.6113144,0.15502822,0.10628986,1.1522269,1.3542562,1.2839011,0.38286656,0.96437305,0.072638266,0.3836793,0.2105958,0.3905284
315,8,even,0.091132075,-0.92684203,0.055296075,0.15797864,-0.11944958,0.11261459,-0.2871692,0.54034156,-0.39508262,0.8157197,-0.12284387,0.8782632,0.025452979,1.0225356,-0.2849657,0.10195834
316,6,even,-1.5234274,1.7410676,-0.1695603,-0.16006336,-0.0049110353,-0.6441117,-1.108947,-1.4419107,0.76979685,1.3417484,0.28369167,-0.94903994,0.35461602,-0.884158,0.16674547,0.20519093
317,3,odd,0.21998909,-0.05703734,-0.37773556,0.07868723,-0.6956306,-0.29930335,0.9174384,0.5971302,-1.2190484,-1.326674,-0.20662656,0.67100203,0.047463235,1.3600763,-1.5194076,-0.07277391
318,8,even,1.145994,-1.7398708,0.008818369,0.2127174,-0.06295467,0.029458728,0.16723639,0.18673867,-1.2960391,-0.42200786,-0.17449987,0.23424746,-0.26651216,-0.006091267,0.48378658,0.86919224
319,2,even,-0.4581272,-0.63012904,0.029843323,-0.2227368,1.3924075,-0.2539692,0.84812456,-1.0244367,-1.4411027,0.0046405587,0.3020441,0.45162585,1.0522611,-0.0741449,1.7136567,0.15786904
320,7,odd,-0.5520869,-0.017411228,-0.027710594,-1.3410004,-0.34978214,0.17180297,0.22635826,1.2391932,1.7049613,0.3032649,0.18382418,1.2282674,-0.05164475,1.362556,0.43288302,-0.29136443
321,5,odd,0.07256533,-1.2385108,-0.018514827,0.3042233,-0.11779202,0.5624304,-0.9040422,0.6889488,-0.5104323,0.49285126,-0.4632351,0.062134117,-0.51618975,0.9094263,0.1691585,-1.6476871
322,6,even,-0.27680212,-1.0010828,-0.22652672,0.95128816,-1.3430603,-0.34778824,1.7211967,0.1574812,-0.04406003,-0.20862737,0.47789145,-0.46985626,-0.74162215,1.1753173,-0.6096543,1.1653725
323,4,even,0.31618196,0.0107842535,-0.22546808,-0.75054467,-1.6608678,-0.037455153,-0.8243282,0.5305485,1.870268,1.295029,-0.35852152,0.197169,0.29335007,0.6555689,0.113302186,1.1011969
324,1,odd,0.9653704,-1.1767079,-0.076156214,-0.43803316,-0.2923714,-0.05083269,-0.32779637,-1.4120178,-1.2406646,0.26664066,0.071454704,0.46381396,0.21217503,0.27652672,0.33061123,1.0585194
325,0,even,-0.31771624,2.1521726,0.0225225,-0.54848194,-0.073683806,-0.7556458,-1.0988119,1.3280177,0.78832996,-0.010893984,0.93303496,-2.0978396,0.6999977,0.4093315,1.8099452,-0.65920836
326,1,odd,1.7020692,-1.3405188,-0.021143287,1.1132897,0.6417379,-0.09801574,0.025795005,-0.02987504,-1.5158873,0.9653,-0.22248319,0.20226638,0.4989187,-0.64022857,-0.07327467,1.346457
327,1,odd,1.4261516,-1.8062788,-0.04510519,0.2097267,-0.06451028,-0.12885933,-0.35942405,-0.25949574,-1.340258,0.6119375,-0.09225545,0.3894065,0.94044,-0.57028264,0.45524758,1.7462829
328,6,even,-0.08351584,-0.54734373,-0.035125725,-0.27618107,-0.92049897,0.051726554,1.2321055,-0.7895638,0.9464071,-0.75536203,-0.18896121,-0.6962961,-0.81428915,1.006784,0.28298247,1.7362175
329,9,odd,0.45912278,-2.0063448,0.17382237,0.55543905,1.010338,0.11383824,-0.77424663,-0.52971756,-0.37048978,0.781775,0.3160439,-0.56541115,0.53117764,0.46437007,-1.3608972,0.3407611
330,8,even,-0.70041543,-0.79768515,-0.047757253,-0.19508865,-0.632402,0.0055773146,-1.8998442,0.8579398,0.8700656,-0.41005722,0.8588658,-1.4487342,-0.2152833,-1.0215027,0.5804349,0.3571692
331,1,odd,0.8819496,-1.5845554,-0.14834915,-0.0016387887,-0.11952097,-0.28992134,-0.060472816,-1.02209,-1.4028516,0.6483008,-0.018638058,-0.3119005,0.60665905,0.15610701,0.31215066,1.5356785
332,4,even,-1.0846167,-0.39896646,-0.05459635,-0.73422045,0.13261753,0.22366753,-0.01967612,-1.6616242,1.7318612,-0.44911164,-0.0932523,-0.032561153,-0.24629025,-0.42868686,0.43639523,-0.3050183
333,8,even,-0.37293804,0.002450414,0.12552333,0.101247735,0.19509809,0.048498582,-0.10887222,1.6752965,-0.963324,1.0561416,-0.107220635,0.78535724,0.881164,0.13241628,-1.1118693,-0.9357131
334,5,odd,-0.26367086,-0.2006959,-0.1794665,1.1641482,-0.74517995,-0.18291625,1.3661907,0.4135384,-0.54829913,0.014023013,-0.3265232,0.352166,-0.37085286,1.4075072,-1.0951648,-0.55022514
335,0,even,1.0784621,-0.078779176,-0.051493302,-0.5549466,0.87625486,-0.23020002,1.0056458,-0.5324545,1.8709909,-0.5122878,0.45314983,-1.1437628,0.8175229,0.709965,1.6785445,-0.9982089
336,5,odd,-0.013779581,0.45752746,0.15564178,1.0323443,-1.3461412,-0.28060398,-1.323755,2.5222514,-0.4854422,-0.034404106,0.50595033,0.2955504,0.7119371,1.6755075,-1.3944718,-0.032256715
337,8,even,-0.012359709,-1.5616727,-0.037389062,-0.8214042,-0.7429719,0.20068176,0.28548577,-1.2985551,-1.1497631,-1.0273621,-0.05686825,-0.7530204,-0.41227457,-1.179079,-0.38778514,-0.122207664
338,7,odd,-0.63540876,-1.176543,0.107013494,-1.2388556,0.97745013,0.4993803,-2.0347328,0.23972934,-0.012534685,-0.9353324,-0.48444265,-0.15019643,1.4590597,0.72999686,1.7856718,-0.04125593
339,6,even,1.9541198,-0.633291,-0.034080274,0.66055673,1.121103,0.17109466,0.42670447,0.3855967,0.22998634,-0.408003,-0.3268503,-0.69253254,0.099792875,-0.14374153,-0.32993376,0.65143
340,1,odd,0.8932618,-1.679206,-0.037762024,-0.08390592,-0.63868403,-0.025357965,-0.015374713,-0.68121004,-1.3370304,0.38773394,-0.14259899,-0.38010758,0.26319835,-0.12975581,-0.051025875,1.7784222
341,6,even,-1.3476362,2.2439737,-0.27119106,-0.8507077,-0.14714238,-0.7942943,-0.85614794,-1.3605165,0.6132368,0.14570497,0.9741391,-0.791144,0.6126366,-0.23326088,0.92867297,0.18890718
342,2,even,-0.5124776,0.7984339,-0.26328224,0.7212302,1.5285506,-0.49619523,0.46835735,-0.31061,0.052979134,-0.4709022,0.6090977,0.08958015,-0.6185032,0.9141416,-0.61844754,-0.23688513
343,1,odd,0.4894911,-1.1242957,-0.08007452,-0.6095244,-0.60213935,0.005794082,-0.17348832,-1.047388,-0.75837785,-0.7621435,0.12492453,0.80079675,-0.9707189,0.8051813,-0.32168257,0.8480723
344,5,odd,-0.42832989,0.5365109,-0.45463336,1.5012599,-0.36916706,-0.84884745,1.1169283,0.76920813,-0.7723974,-0.3762295,0.4046572,0.20159581,-0.12051796,0.294136,-1.1189231,-0.6884163
345,9,odd,0.4390859,-1.309667,0.025031045,-1.2057611,-1.2454797,0.010623731,-0.7553976,0.2691763,0.8825752,-0.17914644,0.80822915,1.4488404,0.22315846,0.10996492,0.054856494,0.08498166
346,1,odd,0.53590554,-1.5292196,-0.21196426,-0.88973296,-0.7937265,-0.1296803,-0.58349895,-1.3011625,-1.1108114,-0.5767035,-0.022937916,0.18375431,-0.353446,0.21590231,0.2938224,1.3487206
347,7,odd,-0.16280325,-1.8561853,0.07949668,-1.7052367,-0.041839905,0.21153289,-1.4815273,0.15685582,-0.030560762,0.062865905,-0.21258399,-0.07830188,1.1895801,0.3872463,2.0174127,0.20867199
348,0,even,0.025390476,0.23356038,-0.0060510524,0.07366512,-0.28874564,0.14651875,1.5887196,0.032188714,0.7555813,-1.531781,-0.24589714,0.061177373,0.20387334,-0.38944417,0.04928115,-1.9522864
349,3,odd,0.39298356,-0.51469815,-0.36268133,-0.8382769,-0.113985755,-0.5620488,0.17985395,2.2389762,-0.38421986,-1.8194479,-0.11458577,-0.30528504,1.4105064,0.5915863,-0.82280254,-0.047374323
350,3,odd,0.4479918,-0.5136621,-0.56851465,-0.17934406,0.5127642,-0.80659163,1.2413588,1.4171429,-0.5279752,-1.8535725,0.1285207,-0.7607318,0.99031353,-0.90037346,0.29372257,0.7660998
351,7,odd,0.6723587,-0.9146517,0.01897557,0.22539206,0.24439818,0.24635339,-0.97751373,-0.9165713,0.27066725,0.23374997,-0.14942732,-0.31039256,0.5146334,2.0387177,-0.77701074,0.10344056
352,5,odd,0.7489089,-1.0011226,-0.30089194,-1.1575624,-0.36337808,-0.051782124,-0.7788502,-0.5157305,-0.16072114,-0.43010652,0.28371495,-0.63022137,-0.7237607,-0.6369764,0.009456456,-0.7240658
353,6,even,1.5000172,-0.7021277,0.2790942,1.1059881,-0.7630458,0.17246887,0.6418565,-0.0111450255,-0.11566509,-0.005131632,-0.0581315,-0.24867558,-1.0778471,1.234479,0.7784039,0.72539544
354,6,even,-0.71522623,1.9965682,-0.33628196,0.4632866,0.20821255,-0.4355367,-1.5562632,-1.5743062,0.59957385,-0.95153546,-0.67765296,0.79658246,0.5880558,-0.69749933,1.0958441,0.98306197
355,7,odd,-0.13719036,-1.2042648,-0.020271659,-1.0355943,0.1959529,-0.05470517,-1.0715926,-0.2366837,-0.5728952,0.94960934,0.0005196836,0.460126,1.5772935,0.004114136,1.6642317,0.31538504
356,0,even,0.32930458,1.7406424,-0.05786907,0.07280291,-0.42003596,0.12588012,-0.24730259,-1.3599434,-0.5674501,-1.0220644,-0.08451893,0.6754781,-0.14371677,-1.180456,0.5219199,-1.2278991
357,5,odd,1.8050683,-0.5321048,-0.37018985,-0.43892306,1.1106349,-0.43409556,-0.5550164,-0.46631682,0.058389537,-0.46471348,0.10083093,-1.294064,-0.33761907,0.79944986,0.74393815,0.7431131
358,0,even,0.5237142,0.59090626,-0.051568724,0.31825706,0.21839908,-0.28660092,0.6470392,0.24564093,1.0885729,-0.74565107,0.38857064,-2.0896158,-0.20470701,0.23559415,0.024353206,-1.8239806
359,4,even,-0.82450044,-0.0844222,-0.20124273,0.44428134,0.31331152,-0.58044344,-1.7398529,-0.7973217,1.93993,1.4807702,0.73584616,-0.9476106,-0.7408441,-1.2797707,0.08558376,-0.31499922
360,1,odd,0.08319235,-1.2351362,-0.1218496,-0.6527705,-0.6899043,0.01780821,-0.06377144,-1.0786473,-0.8147919,-0.51873595,0.07987244,0.4899703,-0.8416931,0.8846626,-0.2996614,0.9100409
361,2,even,0.12606387,0.60081106,0.44925076,-0.89642423,0.28020585,1.088921,-0.24139127,-0.4028736,0.20467332,0.14093243,-0.99577606,0.4080893,-0.23957312,0.26109853,0.03813143,0.44916803
362,5,odd,1.3731167,-0.592231,-0.38586825,-0.4397552,0.39687392,-0.7486436,-1.096345,-0.077368215,0.1099009,-1.3424443,0.8696676,-1.1938692,-0.6341104,-1.0169909,0.08380942,0.19584846
363,5,odd,0.23092012,-0.16139749,-0.292342,0.42136744,-0.45603287,-0.7171923,0.94193256,0.409262,-0.36958602,0.017122956,0.45890728,-0.10136917,0.104173146,1.5712917,-0.2901309,-0.95810115
364,9,odd,-0.0048301816,-1.8183895,-0.04945249,-1.4001846,-1.5933796,-0.2683067,-1.0266764,1.3079541,1.1582276,-0.81845456,0.6709142,0.47547746,0.31020153,0.06301173,0.99052495,0.38521656
365,4,even,-1.1248338,-0.12910818,-0.044023603,0.101189025,0.10012685,0.0014251694,-1.2491951,0.52554107,2.5895035,-0.67392,0.33825007,1.0173709,-0.4683543,-0.2894724,-0.102866374,-1.7123504
366,5,odd,1.2400211,-0.16456346,0.13275144,0.15992811,0.4020143,0.23341873,0.014225297,-0.008287579,-0.11343615,0.29867375,0.60003453,0.28520715,-1.0830736,-0.7974877,-1.533167,0.44214088
367,1,odd,1.299674,-1.4015893,-0.06262482,0.036850117,-0.0443969,-0.18563801,-0.35035285,-0.47029853,-1.176249,0.66912293,-0.043825507,0.28401354,0.68977326,-0.21392928,0.21766312,1.5683674
368,9,odd,-0.26554888,-0.548964,-0.12974054,-0.5914297,-0.70041955,-0.33724275,-0.70370495,1.9430988,0.6884506,-0.4553213,0.7977968,1.4190127,-0.6421146,0.9237609,0.16069867,0.57824326
369,0,even,-0.047881052,1.2202793,-0.012701884,0.16559975,-0.7348338,0.11976956,0.46358114,0.06819698,-1.2003706,-0.448427,-0.06458619,1.5749276,-0.216769,0.08075599,0.24238892,-1.2318008
370,2,even,0.36402613,-0.060109947,0.056095876,-0.8221453,0.57109106,0.008141637,1.0411775,-0.1034399,-0.5522713,0.4016657,0.33143517,1.0674802,-0.22870211,0.51348317,1.2244909,2.0780544
371,9,odd,-0.14736839,-1.3705984,-0.06533382,-1.4615389,0.124400295,-0.23371539,-0.83228433,-0.6502764,0.790594,0.70481646,0.8394802,0.4414062,1.3923063,-0.026443914,0.64604074,0.48245952
372,9,odd,0.26090533,-1.3306404,-0.09571774,-0.29292807,0.66788614,-0.17088465,-2.0576525,-0.4074315,1.3941782,0.5462328,0.90281606,-0.419707,0.843623,0.24533135,0.52557135,-0.7163259
373,8,even,-1.244596,-2.2174554,0.03962622,0.38618025,-0.25906453,-0.0821535,-0.1846185,0.3739364,-0.07087003,0.62230444,0.42901832,-0.5810817,0.04582584,1.0079169,-0.0632707,-0.5083643
374,4,even,-0.13747664,0.5632082,-0.10272254,0.16912864,0.5293611,-0.29921773,1.067745,1.6231482,2.2327633,1.3044612,0.059253894,0.73707604,-0.5346534,0.7678866,-0.08386699,-0.12389424
375,5,odd,0.053413585,0.3181392,-0.18399045,1.0709677,-1.1146998,-0.98790777,-0.6023054,1.3569121,-0.22590028,0.51588845,0.9060841,0.14390722,0.61420995,1.3663383,0.1287746,-0.7767018
376,5,odd,1.1374208,0.015639119,-0.15797621,-0.21955767,1.1946517,-0.050521404,-0.27841684,-0.7345816,0.11317494,0.17447737,-0.011281431,0.36920145,-1.0663664,-0.6717727,0.017778784,0.67894787
377,1,odd,1.572221,-1.290248,-0.10750964,-0.6344879,-0.53236693,0.0053986534,-0.3314426,-1.1033041,-1.1376524,-0.086417474,5.058758e-05,0.8979446,0.23194017,0.3925779,0.5250565,0.9310396
378,4,even,0.10104185,-1.5562077,-0.06769593,-1.221957,0.24757594,0.14697936,0.15715507,-1.0933899,1.7072936,0.5970372,-0.16484416,0.45812023,0.21042164,-0.50939465,0.8407461,-0.34169555
379,1,odd,1.186411,-1.7145036,-0.0651812,0.06540724,-0.41606176,-0.059458584,-0.35107815,-0.85079104,-1.2130468,0.2600089,-0.20791018,-0.1429559,0.56445426,0.28671265,0.033097744,1.448556
380,8,even,0.5081572,-0.6008175,0.20019527,1.0851645,-0.100378804,0.5294827,-1.3211706,-0.2547983,0.56498307,0.31796175,-1.2932545,-0.96396613,0.08550739,0.26764113,-0.20134488,-0.38815424
381,8,even,0.38273484,-1.7900015,-0.0020163245,0.23762204,0.13721718,0.18662712,-0.37348294,1.8319645,0.22028974,0.35936373,0.09055757,-0.235488,-0.643754,-0.114196464,-0.28182128,-1.3063112
382,8,even,-0.45254755,-1.1151167,-0.2616191,-0.1514706,0.09070864,-0.48878118,2.1296422,1.4431286,-0.471663,-0.64546955,0.6580308,-0.62616724,-0.3911728,-0.7533771,0.46991593,0.09025833
383,6,even,-0.46061397,0.9292848,-0.18139124,0.10416339,-0.09512604,-0.19831455,-1.2789009,-0.39611375,0.25840196,-2.0259542,0.2574334,-0.031903386,0.049701486,-2.4328392,0.44293296,-0.646772
384,5,odd,0.6791746,-1.2090312,-0.47546136,-0.86659014,-0.13268304,-0.59551376,0.9769483,-1.0404093,-0.0050264224,-1.2260612,0.37031484,-0.2144866,-0.7273922,0.47374123,0.30750299,0.47546756
385,1,odd,0.99295247,-1.6712282,0.08021456,0.9383366,1.9417208,-0.22205457,-0.627251,-0.32002178,-1.3601698,1.1665645,0.0961602,0.23613203,0.5367679,-0.8527776,0.035194755,0.6398325
386,8,even,1.0154169,-1.5009304,-0.2006797,-0.1961131,0.76723087,-0.40647796,0.3001683,0.30071574,0.07165376,-0.20863198,0.7165916,-0.86810815,-0.96056616,-0.21436937,-0.29992053,-0.3265865
387,9,odd,-0.038853496,-1.7699255,0.107776776,-0.690603,0.020179704,0.032559182,-0.36403915,-0.845477,0.9199368,0.25632933,0.37726995,0.09776232,1.3572701,0.14836802,0.13703643,-0.5155226
388,8,even,-1.5990739,-0.07323142,-0.06802635,1.2204973,-0.96422184,0.24696884,-1.1416249,2.115214,-0.46589077,-0.40950155,-0.47315595,-0.9574441,-1.3745252,0.8001139,0.620852,1.8510549
389,4,even,0.21937767,0.8834539,0.0951865,0.38731092,1.2810819,-0.34899795,-1.0020716,-0.37591213,0.4877274,0.42276585,0.20175931,0.618735,-0.67763895,0.7104962,1.5142399,0.30114248
390,8,even,-0.8548553,-1.1207486,-0.030378573,-0.14325666,0.649385,0.02280607,-0.48802662,-0.530008,-0.42630085,-0.48719683,0.009195274,-0.47705507,0.18447898,-0.12574352,-0.25349733,-1.8483685
391,9,odd,-0.53288525,-1.3156765,0.1362758,-0.8234645,0.44228125,0.08239168,-1.175214,-0.43977436,0.19721115,0.9298004,0.5658739,0.25977173,1.4143229,-0.23661451,0.53194517,-0.29413748
392,3,odd,-0.3885613,0.3651804,-0.10321833,0.036592007,-1.4521577,-0.25732926,-0.36317703,1.2808537,-0.9890203,-1.1859366,0.24327293,0.5920845,0.12496977,0.91035026,-2.1404972,0.38055986
393,1,odd,0.7297186,-2.0861347,-0.11833221,-0.82615,-0.9066082,-0.016254093,-0.6571998,0.11196822,-1.1676784,-0.20879704,-0.13991563,-0.08713353,0.42854208,0.15217929,0.8100766,1.8179551
394,3,odd,0.94805044,-0.55470866,-0.48551583,-0.735604,0.3692762,-0.58960724,0.8656079,0.9924167,-0.67677695,-1.8932087,0.11001738,0.27658817,0.70811856,1.3821334,-0.5888796,0.38903892
395,2,even,-1.5384762,-0.59904474,0.3539887,-0.74772954,1.0707402,0.6448558,-0.88627225,0.37836272,-1.3861958,-1.3256407,-0.33561513,0.28503236,1.0879232,1.741918,-0.31426406,0.27166888
396,9,odd,0.3191229,-0.08478429,0.1782997,-0.77342767,0.45386037,0.35778502,-1.1773567,1.874022,-0.38140994,0.4888077,0.7032685,0.97485214,-0.4786482,0.9000659,-0.31947476,1.5987184
397,4,even,-0.21802397,-0.617566,-0.013956584,-0.60746694,-0.9086051,0.0843422,0.08683345,-1.1955357,1.7642736,-0.3845624,-0.2076025,0.6031788,0.13420889,0.25235325,-0.30007154,-0.70131207
398,5,odd,0.5854516,-0.7162976,-0.17888258,0.47987333,-0.5601859,-0.058122043,-1.8367465,1.2253506,0.91021323,-0.22406904,-0.003400077,0.2965331,0.3761834,0.888778,-0.42521518,-0.8816293
399,0,even,1.3159922,0.18407801,-0.05987498,0.13542348,-0.6008719,0.26928255,0.17633289,0.87549466,0.18350527,-0.77584887,-0.9362432,-1.7884421,0.094015464,-0.5310599,-1.0912684,-1.9103236
400,8,even,-1.3298138,-0.79846025,0.10242586,0.011446651,0.3719896,0.32245654,-0.8001194,0.73303276,-0.2953054,0.4089699,0.21249664,0.020023555,-0.1651557,0.563377,-0.44527453,-1.969124
401,3,odd,0.6225748,0.1645669,-0.41967773,-0.3161823,0.9662493,-0.7468944,0.7211642,0.8013806,-1.352261,-0.8854173,0.18356192,-0.9867698,0.5132469,0.2868941,0.8253818,0.16761196
402,7,odd,0.1117058,-1.1412604,0.1661138,-0.7699633,0.5621469,0.3368373,-0.3354143,-0.57026273,-0.17907946,1.1154578,-0.35722327,0.36456126,0.8479307,0.5209456,1.1385189,-0.07747761
403,8,even,0.3879655,-1.7426517,-0.13724579,-0.84755325,0.84459025,-0.15142712,0.98450303,1.2588778,-0.7890832,-0.31649217,0.20613843,-0.20155728,-0.03655919,0.36962044,-0.48530078,-0.90354025
404,5,odd,-1.0768957,-0.79020745,-0.35643607,-0.47940403,0.39745843,-0.40013024,1.0410087,-0.7574587,0.1327528,-0.7835661,-0.015050773,-0.8888062,0.8953254,-0.30960202,0.233061,-0.076157086
405,4,even,-0.6299176,-0.7855534,0.013928942,0.5726522,0.66871566,-0.5250269,-2.1700883,0.013695657,1.7635449,-0.8772591,0.7442373,0.7373619,-0.5124969,0.05667542,1.1521642,-1.1974106
406,8,even,-1.2693162,-1.8869357,0.12241582,0.38465357,-0.701353,0.06521149,-0.19910556,0.09498671,-0.38599536,1.1186968,0.23728889,0.2583168,0.64681685,-0.28792703,0.8841998,-0.9533748
407,6,even,-1.5528646,-0.027330164,0.06408941,-0.18267314,-0.341744,-0.16382778,0.44583946,-0.93239367,1.4501774,0.07691497,0.7869711,-0.40049762,-0.21366665,-2.0786443,-0.022769555,0.35301426
408,7,odd,-0.5191612,-1.4853135,0.011914551,-1.9235153,0.952707,0.22554708,-1.2659473,-0.37337843,-0.041287646,0.04344095,-0.30098453,-0.41003996,1.4499435,0.41866082,1.412204,0.49681148
409,0,even,0.39925808,1.1138201,-0.051397108,-0.13498154,-0.48431903,0.121995,0.3147756,-0.37858614,-0.04341323,-0.30713156,-0.1378671,-0.12125605,0.20609224,-0.15593718,0.09165521,-2.5923514
410,7,odd,0.08963121,-0.8113542,-0.08958274,-0.34139657,0.10500434,-0.16985737,-1.8957291,-1.2942379,0.38266802,-0.2617831,-0.22237429,-0.42323554,0.8619571,0.6818557,0.3314932,0.24740201
411,4,even,0.09602931,-0.41612324,0.18276574,-0.04539766,0.1736528,0.40994504,-0.19954517,0.6138656,1.2507892,0.20333292,-0.56008977,2.0797036,-0.06488176,0.0046910793,1.2101061,0.12186962
412,4,even,0.5492877,-0.22849283,-0.20130984,0.0017716847,0.17888184,-1.1704626,-1.6539209,-0.23701657,2.0545576,0.17229086,1.7200917,0.32415664,-0.27261943,-0.5359149,0.5131957,-0.24207354
413,1,odd,0.8636006,-1.7110628,0.094378725,0.8388086,1.1392429,-0.44665787,-0.14948454,-0.48664835,-1.4436603,1.2548171,0.22441316,0.56076205,0.9824271,-0.95593345,0.82380456,1.2733217
414,1,odd,0.7591349,-1.3779787,-0.19325088,-1.0539857,-0.6935615,0.014959864,-0.40438414,-1.0788901,-0.88818306,-0.59220785,0.008434715,0.362066,-0.51005536,0.8585182,0.134766,1.1531707
415,0,even,-0.7461229,1.4017044,-0.0038845502,1.5601428,-0.44000286,-0.16028349,-1.0885532,-0.7421465,0.5002566,-0.51357734,-0.4121524,-1.4322966,-1.1011552,-0.5846221,0.6888553,-1.964981
416,1,odd,0.83393234,-1.0498433,-0.10054785,-0.6138333,-0.5325994,0.08506523,-0.26559418,-0.92358786,-0.74911374,-0.5584364,0.111512594,0.7913842,-0.70150506,1.0628419,-0.2656595,0.715403
417,5,odd,-0.8477161,0.13288346,-0.16201164,0.33755216,-1.3734417,-0.486945,1.0459964,0.015960544,-0.9010119,-0.6796187,0.34035167,0.88895094,0.23644316,0.4430387,-0.45785314,-0.55933064
418,0,even,-1.275008,2.0812914,0.18500744,-0.09440281,-0.3602871,0.07507506,-0.47113568,1.4604483,0.0277083,-1.6649818,-0.07726775,-0.03256172,0.447304,0.060167983,1.7819469,-0.8624889
419,8,even,-0.41085535,-1.6767683,0.033509575,0.6749132,0.15798756,-0.043900028,-0.669893,0.4309209,0.20328805,1.1919281,0.38819006,-1.0450258,0.23825325,0.75486314,0.09120466,-1.7469156
420,1,odd,0.3677978,-1.3777529,0.045981973,-0.28570205,-0.8449672,0.1841511,0.23074636,-1.277123,-0.6901263,-0.0018407628,-0.18535897,0.46036297,-0.48259377,0.90731555,-0.69517976,0.66711193
421,1,odd,1.2318165,-1.6219357,-0.08412093,-0.5374709,-0.3730723,-0.14681967,-0.4383772,-0.76049316,-1.3449538,0.26925582,-0.045403436,0.7376264,1.0424104,-0.02207993,1.0494578,1.274256
422,2,even,0.09503225,1.1857058,0.037253223,-0.5716479,1.2968131,0.3202488,0.7434474,0.95625407,0.043532424,-1.2630243,-0.5225139,0.3846442,0.40508106,0.43734753,-0.3143727,-0.21525338
423,3,odd,1.0257162,-0.691505,-0.31831694,-0.37394157,-0.0032282472,-0.67182505,1.079487,0.9760824,0.25224435,-1.1795012,0.823067,0.8293065,0.61567616,-0.69167274,-0.23993102,0.58021146
424,0,even,-0.8255995,2.3003998,0.14945278,-0.054036587,-0.95967734,0.45842087,-0.5918463,0.6406143,-0.42632705,-1.1588986,-0.42796144,-0.5507596,0.2261007,-1.0726051,0.93570906,-1.3190931
425,4,even,0.14155097,1.3582413,0.3664152,0.27476472,1.4434419,0.4132029,-0.33046168,0.51830786,0.5348892,0.10027019,-0.032847475,1.4592497,0.19551712,1.8927102,-1.0633523,0.16970825
426,6,even,0.40149856,0.9898392,0.20445806,0.36443955,-0.9683353,0.04592124,-0.79303247,0.27312678,0.1955066,-1.7824107,0.33714187,0.5055412,-0.7726126,-1.430502,-0.1993707,1.8440022
427,1,odd,1.0053571,-1.2964807,-0.17039834,-0.9632098,-0.721116,-0.009383073,-0.36144155,-1.0471778,-0.9142645,-0.6057437,0.089901075,0.48881394,-0.5228269,0.9378974,0.2800718,1.0664426
428,3,odd,0.118922256,-0.36366245,-0.5499386,-1.028508,0.7622513,-1.0105404,1.2712896,1.491586,-0.61747515,0.17679241,0.7970024,-0.50150543,0.9117881,-0.58195513,0.17115752,-0.53310406
429,1,odd,1.2542664,-1.5395737,-0.063356034,0.5734764,0.24120355,-0.27664885,0.01829695,-0.37449148,-1.4819505,1.0906031,0.03994454,0.521557,0.8656249,-0.55028707,0.36674196,1.6799994
430,2,even,-0.26240522,0.6369935,0.14763236,0.6994895,1.9605099,0.33174717,0.21829736,-1.4158154,0.029475696,-0.5083501,-1.4282513,-0.5348051,0.26170015,-0.48255527,-0.6294905,-0.710655
431,6,even,0.13360567,-0.99268544,-0.102954015,0.50823575,-0.3850797,-0.16822931,0.87215114,-0.85167325,-0.030545205,-0.38328418,-0.0046966793,0.0050989687,-0.34308463,1.716234,-0.3362673,1.6316638
432,6,even,1.252261,-1.0841889,0.02863825,2.041788,-0.8259113,-0.15506369,0.8643581,0.7074494,0.54497075,0.1202235,0.1796475,-1.6366376,-0.045723952,0.7284324,0.018469185,0.9095
433,8,even,1.306932,-1.1770679,-0.18637003,-0.36624834,-0.14619526,-0.1244086,1.1533837,1.481847,-0.26954398,-0.91606146,0.13976434,-0.41519487,-0.09597483,0.19257818,0.35481966,0.47125578
434,6,even,-1.6195883,1.1757587,0.04210285,0.8380908,-0.4605382,0.20426486,0.0043511614,-1.1169318,0.95020974,0.08719638,-0.8836368,1.468323,0.08493816,-0.5640227,0.31834227,1.2670035
435,3,odd,0.7335338,0.8594995,-0.02431146,-1.4458214,1.4301575,-0.4229532,0.5752071,0.25085723,0.07112635,-0.8227058,0.57641774,-0.9752413,1.1457814,0.51284,2.121011,0.58809847
436,9,odd,1.0063741,-1.3900801,-0.0034854114,-0.44302082,-0.89614356,-0.04000616,0.23846303,0.025761575,0.6796262,-0.032921694,0.78025895,1.1632996,-0.14421812,0.619767,-1.1222401,0.8923884
437,7,odd,-0.24588747,-1.2130549,0.019489802,-2.2346227,-0.29239678,0.83033514,-0.8468914,1.0161643,0.0037754625,-0.53964746,-0.71915007,0.59877473,0.2211576,0.32720047,0.6584,1.4104686
438,1,odd,0.78315425,-1.9832278,-0.29302227,-1.227722,-0.74157417,-0.16411307,-0.8314343,-0.6592237,-0.94983387,-0.6211892,-0.21016121,0.06909618,0.029265348,0.2216658,0.43273062,1.623682
439,3,odd,0.3863573,-0.38123646,-0.25575393,-0.4718142,-0.8227289,-0.31457525,0.50372237,1.120852,-0.6772755,-2.2065895,-0.30292892,0.62041193,1.0253967,-0.28055835,-0.1640755,0.34379593
440,9,odd,0.7015611,-1.6404376,-0.0006659627,-1.0856204,-0.90369487,0.083176926,-0.14020258,-0.6122004,0.17261034,0.812117,-0.05444112,1.1453769,0.9361378,-0.13433571,0.69370824,0.04021158
441,1,odd,1.2120074,-1.5151412,-0.04840912,0.5356816,0.3065946,-0.33856782,-0.18795872,-0.58801574,-1.4310926,0.86072594,0.0034901313,0.5724998,0.86647165,-0.74127036,0.6250659,1.5176079
442,0,even,1.5910376,1.4812815,-0.12104073,-0.53787875,0.04701518,-0.4330119,-0.031424902,0.6298678,0.91615963,-0.3868217,0.709896,-1.3954177,0.6136098,0.6315055,0.4268101,-1.5273193
443,5,odd,0.07949588,-0.3156159,-0.13905977,0.23425767,0.7936831,-0.8335873,-0.0008652732,-1.101817,-0.34392074,-0.28784797,0.31895858,-0.8904526,0.10084165,0.45682812,1.4233861,-0.76037663
444,3,odd,0.5207578,-0.33242288,-0.15440997,0.3293529,-0.42629522,-0.077824324,0.37281594,0.9057506,-0.5773337,-0.89464414,-0.3484294,1.094938,0.26014632,1.129906,-1.486034,0.016278883
445,9,odd,0.6646239,-1.3991672,-0.21624555,-1.312196,-1.0372382,-0.2700681,-0.61386347,-0.4457232,0.38483894,-0.37576252,0.014690559,0.6967429,0.5002615,0.07396557,1.2532036,0.15820563
446,3,odd,0.37776017,-1.5049655,0.039174736,-1.6378865,0.102528416,0.36764762,-0.5212341,0.15063068,-0.7479537,-0.47592536,-0.15942574,0.86324614,0.66590255,-0.6418036,1.0132601,0.24537653
447,3,odd,0.7990234,-1.1635019,-0.38477468,-1.2930515,0.12065222,-0.40252596,-0.20855492,1.7450728,-0.069077946,-1.2115461,0.20538193,0.028266162,1.069083,-0.49591106,0.29088497,-0.27108055
448,4,even,-0.24972163,-1.0122126,-0.11614072,-0.14286675,-1.5784553,0.00846076,-0.8047979,0.5322926,0.37564307,-0.54655635,-0.72862333,0.91247195,0.92900825,-0.69351816,0.68983555,1.0617336
449,3,odd,0.2838551,-1.5470353,-0.20062517,-1.2605163,-0.22423294,0.0196428,-0.17878658,-0.05181533,-1.2051603,-0.24803706,-0.16254231,0.918536,0.65756136,-0.9487754,1.0539514,-0.26044884
450,9,odd,0.52129966,-1.2144606,0.03327111,-1.0129118,-0.80644524,0.09301536,-1.2097957,0.6221066,0.4354577,-0.33985263,0.56527984,1.2463224,0.037869133,0.33523232,0.5203289,-0.0092352
451,2,even,0.1947886,0.6937591,-0.1765122,-0.024816573,1.5745931,-0.48602194,1.7116196,-0.34089106,0.32335344,-0.4978086,0.58211076,0.328268,0.28315064,-0.5041519,0.5849037,0.17057088
452,1,odd,0.667644,-1.8132046,-0.14336535,-1.0327951,-1.0599242,0.07067509,-0.41318458,-1.3847749,-0.77592295,-0.69523984,-0.18140712,0.19416969,-0.5256478,0.67268944,-0.06175691,0.84957397
453,7,odd,0.09369895,-0.848241,0.050081685,-1.1611066,0.32577452,0.48535198,-0.47906172,0.2697574,0.22234231,-1.0899215,-0.3634468,1.0334473,0.016249396,1.4207196,0.51055473,0.07616249
454,9,odd,0.18129545,-0.98366433,0.0076341927,-1.004241,-1.0053989,0.25103,-1.2152724,1.1809161,1.1838324,0.6524299,0.423572,1.0802159,-0.5257224,0.61182487,0.21233113,1.1355584
455,1,odd,0.48702574,-1.2481289,-0.236308,-0.9200654,-0.6389641,-0.06702702,-0.17397034,-0.41273916,-0.7154707,-0.38210842,0.29646742,0.42498112,-0.9675135,1.3276017,-0.14760174,1.3157272
456,2,even,-1.1837695,0.9005388,0.22486293,-0.7872621,0.26575512,0.82931626,-0.24834743,1.1316633,0.19747996,-1.2817433,-0.95251787,-0.8766762,0.9722714,-0.049038857,0.049687997,2.0736134
457,7,odd,0.44322473,-1.2710209,-0.09237693,-1.858192,-0.8344773,0.30746606,-1.2835431,-0.086927265,-0.25730324,-0.6226013,-0.5246632,0.6906696,0.61238956,0.41787642,1.2313397,0.4968396
458,3,odd,-0.16767402,-1.2557217,-0.122220725,-1.7522091,0.50744545,-0.38398615,-0.17396805,1.1439157,0.3203721,-0.86307013,0.5931566,-0.8502176,1.0238956,-1.4985976,1.361245,0.44429353
459,6,even,1.0178394,-1.3936076,0.021209344,0.54995286,0.06455602,-0.093143806,0.8769733,0.27833092,0.25992975,-0.980629,-0.05144614,-1.0649405,0.61960375,0.08575805,0.28897363,0.47140267
460,8,even,0.35462618,-2.0939276,-0.22758453,-0.2214141,0.62275916,-0.21911213,0.45815518,1.6340244,-0.5280306,-0.7160587,-0.11769904,-1.7722151,-0.6546301,-0.6968097,0.74598813,-0.6623188
461,7,odd,0.19653957,-0.16191065,0.20136264,-0.17503347,-0.30481124,0.08539833,-0.43120718,1.0996664,0.7121432,-1.0323092,0.115529515,0.95407534,-0.35515633,2.1581943,-0.26737994,0.29399037
462,1,odd,1.1489401,-1.8465937,-0.17006122,-0.2839677,-0.10469318,-0.45444164,-0.20652425,-0.3561089,-1.29978,-0.0087728705,0.11563902,-0.09501055,0.7971261,-0.2670588,1.4768779,1.913183
463,4,even,-0.17833866,1.5409856,0.42261708,0.4612605,1.444415,0.21811153,-0.5954689,1.1922874,0.5873696,0.2551973,0.1966506,0.9032019,0.31559423,1.8955218,-0.20604864,0.5526556
464,6,even,-1.2050444,0.11708041,-0.052486114,0.65418464,-1.2877021,0.1183144,1.5668678,-0.14385447,0.25310683,0.13230246,-0.4879354,0.63729924,-1.1637354,1.1028194,0.4948517,0.67811877
465,9,odd,-0.84616685,-1.711423,0.11041994,-1.4501119,-0.36103505,0.14733075,-0.7742718,-0.34421915,1.1974084,-0.46293715,0.06865557,0.2599038,1.4875729,0.027637608,0.69782853,-0.4079095
466,2,even,-0.093838006,0.8696349,0.120426364,0.22740902,2.1394196,0.64079285,0.18327036,0.11065045,0.6883685,0.95689696,-1.3032701,-1.9994621,0.82930434,-0.047990397,-1.3300027,-0.028632797
467,5,odd,-0.07181962,0.5413012,-0.78046364,1.4417185,0.80103445,-1.1821886,0.07109809,0.9085105,-1.4894162,-0.8906915,-0.1607619,-0.5525756,1.1341227,0.049395457,-0.54006416,-0.81781954
468,7,odd,0.37708646,-0.8115007,0.076904885,-0.9643922,0.023049228,0.116044655,-0.95122963,0.26214415,0.87028384,-1.57584,-0.117849775,0.5473677,0.03163343,1.5602278,1.1218607,0.0023364462
469,6,even,-0.4164179,1.1074166,0.1540995,1.0546364,-1.4835441,-0.12887472,0.09774862,0.5303504,-0.039375506,-1.5001321,0.4503002,1.291381,-0.6107525,-1.5865248,-0.37657934,0.9872556
470,5,odd,1.3949032,-0.6279278,0.055451248,0.17473286,0.9498103,0.4851547,-0.4495284,-0.92211187,-0.2033619,0.31849402,-0.5032641,0.2945542,-0.8062013,0.09271156,-0.52966475,0.9797309
471,9,odd,0.62520784,-1.2243327,0.09523475,-0.6423344,-0.37607536,0.29447412,0.1728902,0.44636542,1.022372,0.94445825,-0.06500704,1.043917,0.46183068,1.2797494,-1.0087599,1.1404755
472,3,odd,-0.26922262,-0.9822405,0.03505095,-1.1320536,0.15795508,0.3226474,-0.8520833,1.222367,-1.1263121,-0.45172474,-0.7241632,0.81752825,1.3676014,0.19362348,-1.0003315,-0.26417425
473,2,even,-0.45600498,-0.18867445,-0.027671814,0.63705736,-0.16601375,-0.07467678,0.690356,1.5476291,-2.662882,-0.55740786,-0.12545918,0.2416898,-0.043621257,-0.43898284,0.2972691,0.86699504
474,7,odd,-0.027194083,-1.2795322,-0.02881492,-0.6418423,0.07422411,0.049968895,-0.68208605,-0.3258659,-1.2769376,0.86879736,-0.38964033,1.0004907,1.2056036,-0.6177342,0.8510923,0.57401186
475,8,even,-0.96889657,1.2494792,-0.6152756,1.1191794,0.80192626,-1.4679494,-0.19172922,2.2909296,-1.1158578,-0.1941849,1.3017375,-0.35536975,0.92263466,-0.61881256,-1.0916225,-1.0015978
476,5,odd,-0.5905419,0.484977,-0.12693977,0.15115918,-1.3731635,-0.6358135,-0.7339382,2.0504253,-1.3921336,-0.17172553,0.8258781,0.6212595,0.9103502,0.48560613,-1.1145936,-0.335394
477,6,even,-1.1074338,0.50963056,0.12217278,-0.022972621,-0.86386704,0.039460998,0.04551108,-1.0977839,1.891686,-1.1571507,-0.5357805,0.30870757,0.64636123,-1.3187666,-0.47064912,1.3184478
478,4,even,-0.5539349,-0.808762,-0.059097618,-0.10092885,0.39653042,0.123897284,-0.24204499,-0.95501924,2.1159596,0.49515402,-0.4602256,0.10427585,-0.4789172,-0.023567244,1.1745791,-1.0725911
479,7,odd,0.4907626,-0.8175006,-0.019796602,-1.1012446,-0.14642715,0.2453354,-1.3970628,0.51422346,-0.15521096,-0.88166434,-0.2839358,1.0911822,0.17009848,1.0268277,1.1992394,0.2950779
480,5,odd,0.992641,-1.3389695,-0.17997463,0.44837114,-0.22898096,-0.03279121,-0.8237654,1.1075952,0.022519402,0.48862305,0.066182286,-0.11280325,-0.58896434,1.6991525,-0.07006496,-1.5961155
481,1,odd,1.1082009,-1.348994,0.09149903,0.8521729,0.5557765,-0.14985532,-0.196488,-0.3451537,-1.430563,0.9839194,-0.030261613,0.9019955,0.24239987,-0.83820814,0.00676924,1.1334107
482,5,odd,0.21254623,0.18065822,-0.15542464,0.53894454,-0.80475837,-0.6956463,-0.093207285,0.40441328,-0.74054116,0.5415323,0.58246934,0.43519664,0.42999023,0.73477685,0.13548942,-1.008427
483,8,even,1.1131035,-2.252206,0.13749686,-0.1706846,0.9627927,-0.03951403,-0.09928846,-0.042733997,-0.09490623,-0.19789569,-0.1266379,-1.4083681,1.6267091,0.47410727,0.22555633,-0.53640515
484,5,odd,1.0914018,-0.59456855,-0.18560034,1.3709906,-0.73114353,-0.42958617,-1.0675833,1.1047735,0.45122045,0.49290127,0.29924375,0.26442644,-0.19729988,2.2094002,-0.24315272,-0.88023007
485,8,even,-3.0176227,-0.18058679,0.14532176,0.09332668,-0.13184118,0.20554698,-0.9944728,1.9514663,0.27930623,-0.73612803,0.1426326,-0.7549951,-0.011670585,0.23053133,0.9299509,0.08377639
486,7,odd,0.0027262792,-0.19795063,0.18839271,-1.2731601,0.26749602,0.5808452,-0.8583322,0.20513725,0.90991056,0.059612423,-0.8856678,0.95551234,1.0452777,0.109628834,0.37242037,1.2485166
487,2,even,1.055527,-0.48999333,0.1666,0.20991252,-0.2673222,0.307225,0.11192854,-0.8441164,-0.026046813,0.25916073,-0.68300205,1.3695759,-0.02965353,0.53129613,-1.2381003,0.8192833
488,9,odd,0.56688017,-1.5156717,-0.07306446,-0.8652821,-1.4814687,0.08526415,-0.53591466,0.573131,0.36859232,0.46954143,0.30390185,1.3924395,-0.0252373,0.9562731,-0.39660418,1.0342335
489,8,even,0.39736402,-1.5520267,-0.0065763257,-0.6124841,-0.18165237,0.1828041,-1.1337914,0.39474618,-0.28214306,0.26870573,0.17740434,-1.4441972,-0.50720024,-2.4890957,0.15787156,-0.8963266
490,4,even,-0.29566926,0.22405237,-0.029864326,0.30943704,0.27146298,-0.015625307,-0.7902429,-0.47586614,1.5412235,-0.084599815,0.10326792,0.9355691,-0.9636272,0.9740004,-0.014822692,-0.9904287
491,7,odd,-1.0068213,-0.53557897,0.11770021,-1.8620057,0.49851304,0.42241904,-1.2518787,-0.20292103,0.6964722,-1.3306078,-0.44738755,-0.26210946,1.2975792,0.8021981,1.8959265,-0.2769004
492,5,odd,0.8913689,-1.1747925,0.015090048,0.56346476,-1.0900431,-0.08197786,0.14091462,0.53541625,0.3983916,-0.08752713,0.0808061,0.9665776,0.0572639,1.8508222,-0.3998717,-0.29598066
493,4,even,-0.29733282,0.13907704,-0.058386624,-0.30910543,-0.07288707,-0.07659346,-1.3975065,-1.3340833,2.001987,-0.5227712,0.38864276,0.56597614,-0.588599,-0.15140529,-0.46053052,-0.9067238
494,6,even,0.8089663,-1.5017588,-0.087484464,0.35596782,-0.8410439,-0.07005553,1.0349442,-0.7136146,-0.4133585,-0.6213835,0.48029143,-0.31477743,-0.78804,0.9837693,-0.47298867,1.3548858
495,2,even,0.0052372143,0.04024075,0.08472054,-0.70745564,0.28408808,0.8539841,-0.9065705,-0.13999659,-0.6512985,1.4516046,-1.2148932,-0.15835899,-0.26713043,-0.36140752,-0.33885625,2.0839093
496,1,odd,2.1013036,-0.5855814,0.19541334,0.29277375,0.24945712,0.5785752,0.2721886,0.059081495,-1.1265361,0.2616825,-0.51573217,0.40095645,-0.02915506,-0.24621902,-1.0738336,0.8574215
497,3,odd,0.28840458,1.196925,-0.2409048,0.109923616,-0.40301973,-0.90636283,0.4980762,1.576266,-1.4063354,-0.7114076,0.51880807,-0.108531535,0.6159319,1.2537317,0.20166536,0.4363964
498,9,odd,0.5174118,-1.7349613,0.12892316,-1.2491456,-0.29510236,0.01012351,-0.8171486,-0.512655,0.58150774,-0.02128842,0.65508974,0.7048203,0.70743525,0.20561033,0.27347964,-0.20326185
499,7,odd,-0.383444,-1.3396215,0.24172725,-1.1523443,0.24316192,0.49275178,-0.4121173,0.22926605,0.32486385,1.1543506,-0.9018739,-0.050004423,1.5325859,0.061503798,1.3861983,0.62605095
500,9,odd,0.12286285,-1.4121109,-0.38686597,-0.99421287,-0.7857388,-0.62966853,0.0683283,0.6912026,-0.22138794,-0.9778783,0.4347389,0.9374977,0.6693388,-1.0078937,1.0627483,-0.30288717
501,3,odd,0.56657386,-0.142412,-0.019268006,-0.7115612,-0.578431,0.19118015,0.27893543,1.6598978,-0.8826869,-1.5676407,-0.63462377,0.6936925,0.9471426,1.2087973,-1.3849907,0.11981894
502,5,odd,-0.5684081,-1.2820853,-0.0463202,1.07089,-1.3873494,-0.22461352,0.93749714,0.9665757,0.5056093,0.07323603,0.36592722,-0.9907638,-0.06732161,0.47579998,0.06262708,0.6410475
503,5,odd,0.6398302,-1.2126906,0.08373135,0.36605513,-0.5496642,0.13166767,-1.0611551,1.083658,0.49522972,-0.101132095,0.14580664,0.84541214,-0.38432482,1.4265919,-0.5234396,-0.27038127
504,8,even,-1.3618312,-1.0063454,0.27446193,-0.6791087,-0.8682791,0.2456547,-0.3006787,0.6094881,-0.42020893,0.49379247,0.42363945,0.6048532,0.25513333,-0.56939495,0.63652414,-0.09053262
505,8,even,1.4961414,-0.9434328,0.27738696,-0.27244017,0.95403785,0.48828936,-0.31028566,0.46872926,-0.25035685,0.6314814,0.46402267,-0.97909594,0.5933041,-0.31348044,-2.3036184,-0.1809451
506,3,odd,-0.041281357,-0.8259762,-0.27281767,0.10931963,0.5381934,-0.35288918,0.036036678,1.3837233,-1.0550774,-0.2742951,0.20414087,1.28549,0.40520608,0.3374343,-0.47425324,-1.0997876
507,9,odd,0.3673513,-1.2837106,0.06223866,-0.9678809,-0.061127685,0.14963591,-0.820007,-0.29753363,1.4256427,-0.08646089,0.3199287,0.99970967,0.62471145,0.98820585,0.72378576,-0.8875383
508,8,even,-0.57713515,-1.9076025,0.33346224,-0.21183127,0.6250896,0.45663914,-0.7194142,-0.26928604,-0.16091418,-0.09967604,-0.13825691,-0.58251816,1.385216,0.90918297,-0.13704833,-0.35969517
509,4,even,-0.1975403,-0.4700689,-0.1735834,1.3053662,1.0068029,-0.7256698,-2.4976046,-1.4048615,0.646651,0.74936444,0.5454675,0.72789717,0.5281982,-0.64588314,-0.13411878,-0.26335284
510,5,odd,0.5672337,-1.5708454,-0.08082417,-0.14165445,-0.12295497,0.40503556,0.22061794,0.6984305,0.24511921,-0.6190588,-0.51341087,-0.4597469,-0.2453819,1.1104878,-0.07868176,0.11033266
511,9,odd,-0.2775985,-0.68974817,0.09560485,-0.70126563,-0.8694344,0.3073558,-0.4260955,0.032367915,1.8011038,-0.28657565,-0.21045479,0.5341966,0.86551386,0.7978057,-0.11480118,-0.6656134
512,7,odd,-0.6701536,0.15590405,0.12049089,-0.14127328,-0.10992675,0.30333057,-1.7080858,-0.771267,0.71486396,-1.8268253,-1.001804,0.16178693,0.04232759,0.17477581,0.83467096,-1.7207352
513,8,even,0.8913767,-0.81847095,0.31173795,1.02897,-0.5066101,-0.21249664,0.55865955,0.015997708,-0.29865122,0.83627,0.5353883,0.6564612,-0.5781927,-0.5887784,1.1890382,0.20030391
514,3,odd,-0.31358576,-0.43034586,-0.13040376,-0.4274746,0.8684202,0.07019316,-0.016898729,1.3912928,-0.90631366,-0.9476996,-0.5740696,1.2050886,1.4583297,0.7802327,-1.684626,0.2170564
515,6,even,1.1339651,-1.1513935,0.05435194,0.45080158,0.23852473,0.027697194,1.0437766,-1.0367229,0.89105475,0.487752,-0.13240209,-1.3721575,0.64524686,0.6435383,0.014927372,1.5902133
516,0,even,1.3523031,-0.32481176,0.114115745,-0.11639305,-0.048882715,0.100547194,1.3646371,1.2841375,1.0246707,-1.6504292,-0.098621175,-1.349314,0.823574,0.0775564,0.3939423,-0.5835326
517,1,odd,1.5116897,-1.458758,0.0045989193,0.8450624,1.0227954,-0.08570602,-0.21566364,-0.14764692,-1.5526727,1.1507674,-0.2248075,0.46094906,0.6690603,-0.48636115,-0.14047177,1.0858233
518,6,even,-1.8732201,1.9579475,-0.12869184,0.9631719,-0.87915653,0.10569948,-1.4347284,-0.011320442,0.90724397,-0.122063965,-1.1661463,-0.7861917,0.31698045,-0.7456486,0.03677036,1.4425964
519,7,odd,-0.77856284,-1.0413132,0.22149076,-1.1756859,1.2353622,0.5249206,-1.4087923,-0.67511684,0.2204082,-0.024608614,-0.7464571,-0.6638497,1.3024817,0.62055206,1.3451338,0.27774924
520,2,even,0.2473977,0.6648405,0.10090582,-0.7117639,1.8640398,0.10742915,1.4786832,-0.113581136,0.052431934,0.60441685,0.30582651,0.62153095,-0.068624265,0.2562812,1.197651,1.6652502
521,0,even,-1.1042042,2.022152,0.032006755,-0.041353695,0.11773457,-0.078306094,-0.43105906,0.5079999,0.8390175,-1.6579101,0.07884421,-0.11762047,0.59710145,-0.96454954,1.5123256,-1.7105753
522,6,even,0.9308154,-0.71773654,0.008472841,0.19278057,-0.1950208,0.12629361,0.43810755,-0.57468975,1.4321153,-1.0070866,-0.41725895,-1.4653114,0.75588995,0.4238903,0.61731297,1.4305747
523,2,even,0.2568267,-0.4513562,0.14390323,0.6689829,0.39406392,0.23668203,-0.88895947,-1.3700013,-0.13677338,0.40744162,0.17767671,0.8259469,-0.11827473,0.5711716,-1.3231307,0.30644178
524,9,odd,0.54293394,-1.4188693,0.058778226,-0.7448419,-0.045158528,-0.076842815,-0.8663914,0.15263739,1.4214432,-0.30146068,0.21249372,0.274634,1.4831532,0.6032387,1.4424998,-0.29722452
525,1,odd,1.2520916,-1.5726538,-0.029666834,0.7102661,0.49170676,-0.42470318,-0.1666413,-0.4840719,-1.4891412,1.0050155,0.077507935,0.56855714,0.8769011,-0.7505157,0.7369848,1.5261319
526,3,odd,0.7082932,-0.52228564,-0.117552325,0.56285983,0.409731,0.029480308,1.099983,0.8590211,-0.6095664,-0.31719443,-0.5921062,1.1176347,-0.23073271,0.62850183,-0.599576,0.16361323
527,8,even,0.6075645,-1.3581932,-0.023772389,-0.049764544,0.1519127,0.24093562,-1.322192,0.31621176,-0.118438475,-0.15958384,-0.18216553,-0.5043203,-0.070889734,0.39255583,-0.76755434,-0.7577745
528,6,even,-0.3519678,1.0340987,-0.07528299,0.112197414,0.2921268,-0.025297884,-0.9831868,-1.0230073,0.23422906,-1.212205,-0.5116525,1.4796765,-0.5952558,0.22894946,0.47530836,1.3351402
529,9,odd,-0.8479034,-0.038595855,-0.021306507,-0.6337675,0.5340635,0.13587256,-0.29063553,-0.09318216,0.5218248,-0.16333972,0.085102335,1.2638956,-0.017123735,1.2488419,0.99342054,-0.9327732
530,4,even,-1.330838,-0.016482595,-0.22745474,0.7527196,1.0831162,-0.18932906,-0.9164346,0.36430162,1.6095939,-0.07415836,0.25308216,0.33474293,-1.2940824,-1.1092988,1.1791347,-1.0229619
531,7,odd,0.39648217,-0.80568343,-0.02914811,-1.0811608,-0.38712078,0.04803333,-0.65365577,0.41206664,0.94708765,-0.89299816,-0.118085735,0.81166905,0.096932486,1.6184684,0.90561813,0.41757882
532,7,odd,-0.14613561,-0.2782836,0.084292576,-0.94372666,-0.22584698,0.7038066,-1.3990865,1.2361403,-0.22358888,0.4091156,-0.4558264,-0.10573089,-0.07234131,0.587756,1.4817716,1.9757382
533,3,odd,0.68081176,-1.4092748,-0.10528426,-0.9653111,0.37929872,-0.011940084,0.1325192,0.32429135,-0.77644324,-0.690635,-0.02061464,1.1867439,0.07831945,0.32863903,0.4840207,0.009634607
534,7,odd,0.6130844,-1.0379192,-0.020373985,-1.6347412,-0.2900323,0.2610684,-0.9875311,-0.055864155,0.009631865,-0.25056946,-0.34897268,0.78963053,0.60887027,0.66491437,1.5534247,0.19730008
535,6,even,-0.034117788,0.5634408,0.008229595,-0.22497778,-1.2574941,0.25857845,1.6320508,-1.2056475,1.0149835,-0.13651662,-0.45617765,-0.28233236,-0.3423262,0.50052327,0.5685968,0.5447655
536,3,odd,1.2139729,-0.6448736,-0.28855234,-0.70975995,1.325587,-0.43132687,0.532278,-0.8273075,-1.1082221,-0.0021054912,-0.118314944,-0.21055156,0.6347595,0.066283,1.5518572,0.39036164
537,4,even,0.048849955,0.8780011,-0.114856035,-0.1101281,-0.27397203,-0.6941543,0.77464795,0.7124154,0.5265251,0.10720142,1.1894611,1.0139394,-0.214773,0.07287455,-1.5903676,-0.09215736
538,3,odd,0.86696225,-1.2103266,-0.32309967,-0.53263766,-0.36600855,-0.20685934,-0.08608821,1.5859683,-0.27622595,-1.590272,-0.21163645,0.5868796,0.37629738,0.4359445,-0.9103838,0.46884724
539,9,odd,0.48077333,-1.6979331,-0.09262915,-1.2417531,-1.5656551,-0.33719057,-0.78369856,0.9931126,0.9252677,-0.6630131,0.637945,0.7032759,0.22240187,-0.20363052,1.077477,0.16351923
540,9,odd,-0.34124172,-0.97142184,-0.052052602,-1.2491939,-0.50904924,0.11244516,-0.18182057,0.4792024,0.62364066,0.38467014,0.02208358,0.8967494,0.5852075,-1.3565599,2.4143457,0.108122
541,9,odd,-0.39575094,0.20400277,0.095950454,-0.13875312,0.25203064,0.19298457,-0.36968735,-0.37781578,0.9975172,0.12769562,-0.19679195,0.91625345,0.11789308,1.7915654,0.4038105,-0.7214679
542,7,odd,-0.31425768,-0.95876735,-0.05754455,-0.09367145,0.95044345,-0.18664701,-2.3171384,-0.80745363,0.094783016,0.628149,0.17925009,-0.27836353,0.62918556,0.53686243,0.47962892,0.27821302
543,1,odd,1.2872151,-1.3273973,-0.020270959,0.37158704,-0.1248148,0.008592941,-0.048119307,-0.5371773,-1.4020017,0.9192688,-0.15304223,0.5467385,0.33931223,-0.10450603,-0.32663333,1.5643276
544,9,odd,0.21326861,-1.5746287,0.04116594,-1.0550172,-1.0852954,0.18209037,-0.58672255,0.98708993,1.2780871,0.43521434,0.2687607,1.3284578,0.25547636,1.1130258,0.1913353,0.8580726
545,9,odd,-0.4682483,-1.3698509,0.058087055,-0.33701822,-0.5000575,0.09082638,-1.4515235,0.19913048,0.77817804,-1.2097292,0.11694116,0.43516457,0.39255095,0.95982,0.6270898,-0.89794284
546,7,odd,0.7955711,-1.2056876,-0.008464139,-1.2097309,-0.22193322,-0.0015604217,-1.1922781,-0.13084386,0.061202534,-0.0029661693,-0.33005655,0.7456223,0.6333429,0.45748103,1.997448,0.35009745
547,0,even,0.03216108,1.743849,-0.22896935,0.1869532,0.46937123,-0.6022058,-0.39116663,-0.4707846,-1.489917,-0.044033475,0.43767038,-0.46643794,0.025955625,0.4094175,0.07428302,-2.1265552
548,3,odd,1.3462609,-0.3905227,-0.327802,-0.5188369,0.25222751,-0.47083184,1.0983207,0.4130636,-0.11340601,-1.5054582,0.49799767,-0.47835088,0.45315647,-0.16675629,0.88532525,0.81450105
549,4,even,0.20357606,-0.83059275,-0.18739097,-0.3460774,-1.6323609,-0.10250281,-1.699965,0.49497545,0.5335746,-0.92313886,0.111908026,1.3934051,0.58972585,0.28461614,-0.5763038,0.9509764
550,2,even,0.76911855,0.34681654,0.11531456,0.3389715,1.1198217,0.0008312389,0.9559172,-0.04734856,0.15653753,1.4087795,-0.10961529,0.73723984,0.7164068,0.025485344,-0.1455828,1.0646557
551,0,even,1.0168725,0.878275,-0.21049808,-0.3176401,-1.6249906,-0.026504068,-0.85663146,1.7972779,-0.19287379,-0.34694943,-0.3470858,-1.4160969,0.0729692,-1.3680513,0.20629765,-1.4773155
552,3,odd,0.684025,-0.79042435,0.027881546,-0.64911556,1.3382714,-0.18381844,0.632415,-1.184864,-1.0560338,-0.08477006,1.0153852,0.38591546,0.6937097,-0.0074534267,0.616903,-0.053143553
553,5,odd,0.99917257,-1.1624652,-0.21257944,0.76621515,-0.13128853,0.06624381,0.066555105,0.5271568,0.21831843,0.4899089,0.12042751,-1.3635759,-0.69481945,1.6070304,0.38145185,-0.50974333
554,6,even,-0.27870107,-1.1779013,-0.1825359,-0.15656847,-0.82553524,-0.10835773,0.77286977,-0.11349535,0.37445316,-0.8422455,0.053103164,-0.74319386,-0.80569273,0.92898035,0.32928962,2.0400436
555,9,odd,-0.55434376,0.06322359,-0.0791146,-0.45550698,-0.65126455,-0.1308543,0.29930973,2.0426173,0.76344544,1.0346868,0.26932037,1.4201305,-0.61965364,0.26089826,-0.7823702,1.6205044
556,8,even,-0.043567315,-2.1111197,0.022735544,-0.2927067,0.17380762,-0.15014555,-0.89958876,1.569411,0.07389232,0.47895908,0.2057231,-1.9231145,0.7012225,-0.5361281,1.2941102,-1.1058009
557,0,even,0.7910461,1.0484573,0.09924877,1.2021377,-0.4826759,-0.07341233,-1.0806847,-0.09465559,1.0511624,-0.3048492,-0.28112692,-2.2467778,-0.53283626,-0.56108075,0.67071027,-1.3266599
558,5,odd,0.485218,-1.7908411,0.15466467,-0.10672745,-1.1771402,0.35168839,-0.30354464,0.7787449,0.51139796,0.67505926,-0.13643864,0.8172741,0.10846479,1.6886,-0.46277165,-0.4667894
559,2,even,0.44836056,0.5957012,-0.0993212,-0.32746717,1.2848437,-0.12910268,0.80595315,0.097189546,-0.67131245,-0.608809,-0.43810126,0.07449457,1.3366259,0.33362883,-0.24868104,1.8974576
560,2,even,-0.74463785,0.64746743,-0.06638462,0.5016029,2.300165,-0.512181,0.81548965,-0.39998195,-0.22811303,0.2502968,0.67355627,0.26829845,-0.28830987,0.9049969,0.74079484,0.30599734
561,5,odd,1.3472135,-0.49038917,-0.04780256,-0.1973892,0.7515109,0.11089407,-0.72504735,-0.5593282,0.38181734,0.22357418,0.11225001,-0.24324751,-1.1753434,-0.16539346,-0.52279973,0.94946486
562,7,odd,0.008178577,-0.86155444,0.15880892,-0.30014715,1.0731544,0.27322817,-1.8389847,-1.237977,0.28182396,-0.15585321,-0.3677294,0.02088812,0.9687658,1.4461594,0.7737022,-0.01524562
563,7,odd,0.0018640459,-1.2086498,0.1402704,-1.5437422,0.38508075,0.499448,-1.3229306,0.24811691,0.247444,-0.8426104,-0.37614372,0.47530973,0.6273759,0.8505368,1.7351841,-0.063903846
564,5,odd,1.9575278,-1.29414,-0.13682789,-0.11439276,0.24916133,0.20863234,-0.9279718,-0.50655866,0.12289413,0.038875487,-0.2707696,-0.41354138,-0.3367291,0.2760923,0.5396262,-0.29056287
565,1,odd,1.369205,-1.3784323,-0.1323466,-1.0904187,-0.771176,0.046405073,-0.48093116,-0.8772165,-1.1207008,-0.2211103,-0.14980367,0.9843754,0.334511,0.37470412,0.7920214,1.1079633
566,3,odd,0.97132355,0.42173404,-0.6752624,0.3378055,0.7805457,-1.2802447,1.3100715,1.739758,-0.60822797,-0.8635889,0.82608396,0.19575219,0.7289016,0.03716679,-0.34441915,-0.27911016
567,8,even,0.197889,-1.9423591,0.18154131,0.08347202,0.5201169,0.2942845,0.512304,-0.55996275,-0.9360333,0.3180151,-0.32644358,-0.33501124,0.894257,0.29016626,-0.5112823,-0.73762596
568,4,even,0.09346482,-0.71966994,-0.096483454,-0.5840809,-0.77542835,0.10024491,-0.83161587,1.7775266,1.3066856,-0.43357515,0.1382308,1.8483653,0.13234936,-0.038427174,0.21253212,1.2328084
569,3,odd,0.11580429,-0.5374547,-0.34179556,-0.52541274,1.3321538,-0.4784292,-0.9618117,1.0681138,0.09751276,-0.970144,0.49492887,-1.4291229,0.0684206,-0.57935625,0.054561704,-0.37659898
570,4,even,0.5229742,0.49919194,-0.20848553,-0.4434456,0.13844825,-0.33618498,0.40549898,1.3058381,0.7631121,1.1224275,-0.27434427,-1.7169478,0.30962002,-0.31464326,0.9080505,1.2606574
571,3,odd,-0.35426486,-0.62511575,-0.38617605,0.58129925,0.8392648,-0.7418324,0.03205223,1.1033194,-0.7000831,-0.69010967,0.5849626,0.18639997,0.10219168,0.07327176,-0.87642115,-1.4034922
572,1,odd,1.1067251,-1.1646118,-0.03101343,-0.69183403,-0.5354655,0.13794646,-0.13536142,-1.33686,-0.84765035,-0.51649773,-0.08520577,0.86887074,-0.5549962,0.74138635,-0.54085344,0.3565891
573,7,odd,-0.30368984,-0.32130912,0.23822732,-1.2007567,0.64019436,0.9269859,-1.5628622,-0.22037676,0.32376868,-1.5369928,-1.4564956,-0.6359761,1.6201316,0.47665405,0.036454752,0.0017175563
574,8,even,-0.10583301,-1.5611959,-0.2184545,-0.6727286,0.7028317,-0.30450386,0.06930472,0.7939704,-0.5228224,-0.758933,0.3674755,-0.8954005,-0.95523196,-0.7944305,-0.6764107,-1.6774443
575,2,even,-0.3809986,1.3944196,0.24904232,-0.4247851,1.628129,0.41357574,0.61345416,-0.055778533,-0.36166966,-0.92415386,-0.6155454,-0.15981561,0.3171543,-0.10307707,1.1985391,0.9057243
576,9,odd,0.03823018,-0.85588044,-0.06613019,-1.1276977,-0.86403465,0.07384926,-0.35399532,1.0126092,0.6717585,0.96097076,0.29930377,1.6460325,0.029165402,0.5642172,0.09301202,1.217111
577,7,odd,0.34347567,-1.1254504,0.16004984,-1.2643102,0.57898474,0.37692383,-0.81036663,-0.44073835,0.6828232,-0.7452453,-0.5013765,0.5849131,0.7526281,1.4358108,1.8046465,-0.28754205
578,5,odd,1.0524145,0.11970339,-0.008483648,-0.15846853,-0.16971466,-0.07416654,-0.23408741,-0.43011767,0.8289756,-0.08089524,0.5046908,-0.09997934,-0.6520748,0.44794798,-0.21612996,0.41616112
579,4,even,0.021815173,1.4231603,-0.21782632,0.649613,-0.41940093,-0.6953239,-0.11893496,1.3651826,0.5643241,0.37073052,1.0167342,1.0868533,-0.5296351,-0.50161946,-2.2768352,0.07621695
580,1,odd,1.0906403,-1.2341162,-0.007643804,-0.059958145,-0.22800875,0.0026122257,-0.17443067,-0.701403,-1.29719,0.65975004,-0.084868506,0.64207935,0.402148,-0.022917926,-0.18262705,1.3143407
581,1,odd,0.78496987,-1.8463731,-0.23451449,-0.3747285,-0.5920705,-0.37322015,-0.1720278,-0.3072699,-1.0885766,-0.4757693,0.08767974,-0.45804256,0.22492129,0.11714465,1.0461041,1.9333508
582,0,even,1.0419301,1.1185763,0.3218881,-0.7308769,-0.13264033,0.3989293,-1.3599668,-1.183809,-0.85840845,0.95586634,-0.12718654,0.14370893,0.109132566,0.22513816,0.75981814,-0.00303144
583,9,odd,-0.32696623,0.2406277,0.049253657,-0.5508227,-0.19306663,-0.40711343,-0.40701556,2.3918798,0.9107505,0.77887857,1.2502081,1.168694,-0.6557633,1.0769655,-0.497212,0.057260796
584,1,odd,0.6744746,-2.1661773,0.04476843,-0.22484235,0.66974497,-0.2311595,-0.46510988,-0.0983091,-1.0151439,-0.0040334463,-0.039100148,-0.17621714,1.5094321,-0.532119,1.2572864,1.5217645
585,8,even,0.18033487,0.31770512,-0.32814193,-0.80532587,-0.09706224,-0.1620005,0.56265324,0.1762231,-0.11215163,-0.69200504,0.47671875,-0.55431217,0.45171985,-0.26923764,-1.1647071,0.15712813
586,7,odd,-0.91294116,-0.33351183,0.20141666,-1.4092149,1.2091252,0.56887805,-0.68297213,-0.30277368,0.09605879,-2.293513,-0.74643326,-0.5604568,1.726844,0.3820219,0.8279702,0.0073482078
587,6,even,-1.2744396,1.6959299,-0.15578924,0.30075786,-1.4209969,-0.6637655,0.24281551,-0.17794226,0.2521824,0.46408477,1.3886693,0.13252993,-0.0054065697,-0.8187878,-1.0941234,1.0548141
588,3,odd,0.025407754,-0.009405255,-0.1958843,0.35096738,-0.10396328,-0.48332688,-0.1661354,2.3791552,-1.2619789,-1.8258109,0.3234252,0.75823325,0.51622444,0.28698343,-1.4171166,-0.4505422
589,9,odd,0.6223592,-1.5530137,0.08149478,-0.24537282,0.61860085,-0.5601266,-1.9017692,-0.17332992,0.590953,0.5552878,1.0991676,0.078270674,1.036706,0.30495113,1.3808384,0.011270909
590,2,even,0.25309426,-0.4102055,-0.010324843,-0.0651771,1.462883,-0.13183488,0.58336353,1.8508263,-0.5947456,2.088968,0.24636286,-0.7599788,-1.5270807,0.7799291,0.09853645,0.28513435
591,6,even,-0.11255738,-0.088736214,-0.08428982,-0.04401643,-1.4874674,-0.01579491,1.4338458,-0.8415463,0.7870379,-0.6715798,-0.044833936,-0.93233156,0.12934266,0.70464927,0.40497535,0.23091084
592,8,even,-0.039363682,-0.9514221,0.30065364,0.6303547,0.23915532,0.5737797,-1.2375536,-0.40606955,-0.1264434,0.79933745,-0.8892177,-1.3961368,1.5068856,0.26716405,-1.5726027,-1.0425735
593,9,odd,-0.02830571,-1.8031934,0.0901843,-0.45541966,0.6174216,-0.12134449,-0.80581754,-0.68706423,0.6818615,0.36513194,0.7144668,-0.27028656,1.179872,0.29653847,-0.1252345,-0.1070415
594,5,odd,-0.73894864,-0.9736998,0.025308551,0.45128322,-0.39725488,0.4668515,-0.5232472,0.2933663,-0.7019806,0.098568566,-0.35444042,0.19119152,-0.86021256,0.6563717,0.40392894,-1.0261543
595,9,odd,-0.2021976,-0.34676957,-0.0970979,-0.746747,-0.20738432,-0.26971808,-0.18454269,0.7639418,0.84559655,0.4757552,0.97203225,1.8150738,-0.12074443,0.822117,-0.41605234,0.11742324
596,5,odd,-0.9060498,0.25897324,-0.16763498,1.212389,-1.2355115,-0.57057226,1.151494,0.78423446,-0.8769651,-0.31001842,0.4164739,1.1921586,0.16434844,0.15042716,-0.97325873,-0.48096922
597,7,odd,0.49338293,-0.4681564,0.0033722334,-0.62996423,0.054159347,-0.023508856,-1.6760249,-0.66313994,1.673088,-0.70274514,-0.13858761,-0.3863876,0.9276194,1.0585783,1.6730487,-0.49618813
598,7,odd,0.40941828,-0.90248483,-0.08392988,-1.4135851,0.6645966,0.066901535,-0.21959472,-0.6222353,-0.48460242,-0.76769423,-0.33404836,0.62476,0.97522914,0.45220685,0.80842245,0.6626757
599,2,even,-0.29551417,0.41890544,0.1972212,-0.9365794,0.7059199,1.0620321,-0.36093143,-0.26147035,-0.5755071,0.59847915,-1.8316331,0.16468416,0.080088414,-0.014881268,-0.1722125,2.1554792
600,4,even,0.44581723,-0.21426293,-0.11050652,0.014179962,-0.0054754615,-0.34337607,-0.782305,2.0802853,-0.010956436,-0.935716,0.9798577,1.3753637,-0.55880225,-0.10254261,0.27360576,1.9180863
601,6,even,1.9660951,-1.1525182,-0.13578716,1.390128,0.51528955,-0.039570987,0.44271597,1.0420132,0.077448465,-0.7967921,-0.19202659,-1.1332488,-0.7264701,0.15212615,-0.20163295,0.32221487
602,7,odd,-0.5404167,-0.5718624,0.13666785,-1.2717996,0.9715779,0.4866175,-1.5355725,-0.46688324,0.6656818,-0.82065827,-0.5230773,-0.2726797,1.33986,1.0607828,1.7284838,-0.33456147
603,7,odd,0.65721875,-0.93820465,0.13385153,-0.06381892,-0.84264976,0.5394446,-0.741486,0.2680977,0.37883973,0.322458,-1.1983743,0.75731355,0.8119302,1.0064532,0.31185877,1.1698606
604,3,odd,0.8128749,0.8650711,-0.30780244,-1.6657059,-0.11283433,-0.27217603,0.44318116,1.1078317,-1.3281896,-1.6279554,-0.4320848,-0.06253624,1.2156851,0.34994566,-0.088168085,-0.367683
605,8,even,0.21324544,-1.6588026,0.026156368,1.1201429,0.0315262,-0.21566775,-1.6409535,0.061712027,0.003196977,1.320792,0.13354447,-2.132092,0.65515155,-0.58776957,-0.7454392,-0.84007263
606,3,odd,0.66787285,-0.26960674,-0.4178009,-0.34438625,0.8900534,-1.0290185,1.4388065,0.7511532,-0.46365345,-1.3703778,0.93699336,0.17933913,0.8705454,-1.0229429,0.25621176,-0.3583233
607,3,odd,0.72982854,-0.046567477,-0.7165225,0.794157,1.0756615,-0.821786,0.6963903,1.8459852,-1.6014869,-1.1816736,-0.22693682,0.36766157,0.35379097,0.2921713,-0.8700528,-0.36965886
608,6,even,-0.6885778,0.46182334,0.02668341,-0.12530556,-1.5420849,0.1539138,1.129972,-1.1720047,1.0998014,0.059631445,-0.29326525,-1.0435767,0.33503228,0.43777448,0.22304673,1.2080587
609,8,even,-0.9004914,1.3187711,-0.2695108,0.571814,-0.80553824,-0.8947404,0.4699157,2.637241,-0.67001015,-1.6385902,0.60450584,0.1636249,1.013138,-1.2856964,0.0029751062,0.4048952
610,2,even,-0.37560683,-0.14986666,-0.042670608,0.26822662,1.5090443,-0.46763137,0.3084953,-0.041980416,-0.91246116,1.8585289,1.1470495,-0.9914192,-0.80178386,1.0992119,0.5622187,-0.025008261
611,6,even,-0.49260658,1.0110817,-0.3058204,-0.59941006,-0.47578084,-0.5279517,-0.047550485,-1.7362566,-1.3211995,-0.07623232,0.7740083,0.8269229,1.1141932,-0.47571915,-0.23824045,-0.8867857
612,1,odd,0.19986248,-1.4219378,-0.1392785,-0.7854202,-0.6504041,0.07320203,-0.28702244,-0.7531096,-0.5680997,-0.4012503,0.07608508,0.77979445,-1.1170409,1.1275923,-0.5890957,0.91400254
613,9,odd,0.25004464,-0.865988,-0.0008926727,-0.54472506,-0.5761075,0.09254536,-0.13307409,0.20000017,1.3193936,0.6600873,0.34729353,1.2563347,0.3580993,1.3153912,-0.95639193,0.59947383
614,3,odd,-0.43699706,-0.26578212,-0.36872828,-0.5120476,0.54595715,-0.77314425,0.49735367,2.0047703,-0.37815586,-1.6358606,0.23791662,-1.2228385,2.1320474,-1.5704845,0.14387996,-0.13265184
615,8,even,-0.9813456,0.9430008,-0.22514482,0.3503777,-0.9303061,-0.8946806,0.8874282,2.1868198,-0.6871967,0.217763,1.1651627,0.16279209,1.0246946,-1.2055382,-0.20792916,-0.115680836
616,0,even,0.20909654,1.6352048,0.13190165,-1.1591257,-0.29394722,-0.19203071,-0.42465854,0.995756,-1.0064799,0.7681654,0.32056123,0.635145,0.9229747,0.63169605,-0.2869419,-1.497217
617,3,odd,0.93251777,0.10454907,-0.20139511,-0.41775227,1.0337245,-0.74709356,0.9657232,0.16766176,-1.1383011,-0.885733,0.32147285,-0.7812108,0.3800877,-0.31415522,0.7898876,-0.68075055
618,5,odd,-0.41379267,0.52466553,0.15029424,-0.083933115,-0.9313452,0.1259347,-0.7056244,1.9684241,-0.8095673,-0.803386,-0.7120764,0.6350576,0.85698175,1.1050651,-0.9014912,-0.19694072
619,0,even,-1.3186146,1.5414746,0.1976578,-0.83487236,-1.1251191,0.10068561,-0.69052327,2.2919538,-0.36890176,-0.79211605,-0.3850757,0.22600418,0.8482973,0.9089411,0.513757,0.052955505
620,8,even,0.6476675,-1.608877,0.06650248,-0.0015116367,-0.024033017,0.007215921,1.4003994,-0.9213861,-0.99908,0.07480756,-0.16690618,0.20018756,-0.7077995,-0.22779341,-0.15464056,-0.29437888
621,6,even,0.3915046,-0.3294464,0.12996845,0.605839,-1.120792,-0.0068237744,1.25507,-1.6892693,0.9452443,0.8489523,-0.097228706,-0.7320534,0.55802107,0.2186152,-0.06433575,0.2320697
622,6,even,-2.0280633,1.6322873,-0.32320535,-0.58759606,-0.8422956,-0.5302815,-0.765689,-1.5360973,-0.29843214,0.24419516,0.66410166,0.25251272,0.4537913,-0.7753179,0.4832759,0.48251987
623,9,odd,-0.83156264,0.022973888,0.15198529,-0.5956745,-0.035797246,0.3378576,-0.26230288,0.8341724,1.76521,0.69889694,-0.2284396,0.8081243,0.22017175,1.748282,-0.1172587,-0.39189312
624,2,even,-0.9966939,1.1127552,-0.29361492,0.9535135,2.6647818,-0.679121,-0.24997017,-0.012491107,0.48036242,0.018976837,1.2396073,-1.6739352,-1.0771363,-0.22841759,-0.6854745,0.12554269
625,5,odd,-0.55438054,0.25483805,-0.36429858,0.7175874,-0.31721058,-0.78931826,0.20948097,0.5726739,-0.040319614,-0.96899927,0.20583972,0.69948983,0.5246995,0.29102135,0.14213671,-0.7265935
626,3,odd,0.4537573,-1.5106614,-0.33340186,-0.81716543,0.9130397,-0.6892835,0.1609982,0.7256486,-0.70835793,-0.8514481,1.0055135,-0.7460737,0.29293936,0.981139,0.3725807,-0.91721195
627,0,even,0.15407665,1.8308649,0.2415193,-0.46775645,-0.76846355,0.3986468,-2.1251965,-0.20953605,-0.15170288,0.84184384,-0.41549674,-0.107441574,-0.8408635,-0.6342985,0.9848308,0.79772204
628,7,odd,-0.28636676,-0.85980356,0.13542867,-1.743578,0.8822376,0.75821215,-1.3239882,-0.17357942,0.22462645,-1.1520973,-0.69684786,0.2941184,1.0795776,1.0589501,1.0666605,-0.13837579
629,2,even,0.99375665,-0.10846615,-0.022365324,-0.49750352,-0.014620371,0.024429463,0.06152882,0.119042575,0.42901224,1.5958788,0.08412082,1.0407333,0.3887344,0.14195797,-1.2039527,0.58063364
630,5,odd,0.5078696,-0.5004508,-0.3228609,0.48945186,-1.1433253,-0.17392868,-0.9619822,1.4271643,0.08781072,-0.5649028,-0.022094168,0.13091709,-0.60017025,0.89325184,-0.41479695,-0.55160457
631,7,odd,0.47744745,-0.82834387,-0.18247877,-1.1136961,0.3365206,-0.016507337,-1.5609937,-0.94523793,1.36198,0.3165042,0.54171973,-0.49696338,0.82288694,0.6338241,0.82762873,-0.19682062
632,8,even,-2.1262333,-0.21822038,-0.16986813,0.30220068,-0.16169879,-0.094454214,-0.23256284,0.018782794,-0.6519437,-1.0914633,-0.08791352,0.26131535,0.6332292,0.12763709,-0.101836145,-0.19068047
633,5,odd,1.3527144,-0.55762935,-0.32127607,0.38301894,0.3513666,-0.5294417,-0.963424,0.4629495,0.16758928,-1.3472651,0.31147766,0.08751604,-1.3016851,-0.71208483,0.80903435,0.1450036
634,2,even,-1.0592651,0.3038729,-0.14232409,0.4076193,1.7930651,-0.16690211,0.6855844,-1.2463088,-0.0025346056,-0.04698114,-0.31535423,-0.5795103,-0.5591262,-0.15447576,-0.5783613,-0.41972002
635,7,odd,0.5434944,-1.9410828,0.007869698,-0.116061784,1.2408092,-0.09838958,-1.8442082,-0.9043745,0.12767586,0.51260453,-0.017106568,-0.2928505,0.48069784,0.23651999,0.28975558,0.4799821
636,2,even,-0.8082192,-0.9914845,-0.048377886,0.38820487,1.1942285,-0.42522162,0.24786575,-0.020946503,-1.4752445,0.98031396,0.55873716,-0.84005606,0.6383794,1.0591745,0.73042136,-1.092239
637,6,even,-1.1143931,-0.38767764,-0.14002499,0.139735,-1.0423337,-0.2212649,0.75944537,-1.146495,0.5985774,-0.5578913,-0.07947076,0.045547187,0.31847382,0.61064553,-1.1015788,1.6909181
638,9,odd,-1.1674192,-1.4796154,-0.053981826,-0.8929922,0.6337193,-0.20128435,-1.1571193,-0.7481353,0.3034197,-0.06894823,0.5462677,-0.7684293,1.0194703,-0.27699786,0.70208204,-0.15312222
639,3,odd,0.5018983,-1.0790709,-0.23520733,-0.68677175,-0.21627659,-0.40695134,0.33400172,0.1269857,0.16670388,-2.0420141,0.25960544,0.13475882,0.44086263,0.071699,-1.5006045,-0.09181591
640,0,even,0.7559545,1.1176786,-0.15642427,0.46514475,0.6292377,-0.5819831,-0.99700254,-0.865,-1.2908766,0.6673962,0.21484548,0.06498492,-0.21833842,1.1046149,0.031502813,-1.5900652
641,3,odd,-0.22512941,-0.064235404,0.06493911,0.18568304,-1.1122057,-0.027403826,-0.43645543,1.03862,-0.679514,-0.1442388,-0.22661322,0.8718687,0.71031314,1.3372551,-1.7317612,0.110597745
642,9,odd,-0.5806949,-0.57194257,-0.05549691,-0.8080755,-0.6869989,-0.33669257,-1.8118382,1.4683702,1.2852894,-1.5604506,0.6965637,0.106580704,0.8777711,-0.017664537,0.49747837,-0.57721895
643,3,odd,0.37548023,0.2834583,-0.3395275,-0.029387228,-1.1762583,-0.49051636,0.35972315,1.0581279,-1.1045452,-2.184043,0.4583937,0.3508734,0.13458109,1.2954893,-1.5323418,0.6197756
644,9,odd,0.88664764,-1.9941756,-0.13286796,-0.9083942,-0.35589778,-0.23630737,-0.8085421,-0.08043802,0.41078728,0.21685782,0.07782155,0.5597867,0.4085331,0.14684075,1.3780067,0.18885359
645,4,even,0.92483914,-1.0824028,-0.014222562,0.42919555,0.259339,-0.586732,-1.4816909,-0.27393305,2.0727131,0.65415704,0.33297724,0.5141791,0.5683189,-0.8665334,1.4354616,-0.62130857
646,9,odd,-0.14696662,-1.7972543,0.14437668,-0.83392507,-0.30063498,0.35709685,-0.5862901,-0.7370231,1.2042629,-0.06509748,-0.22255558,0.17865857,1.4023993,0.563177,0.40553832,-0.91391987
647,3,odd,0.73916966,0.062118463,-0.19787155,-1.5498511,0.83169127,-0.3304562,0.45972162,0.4779182,-0.24874786,-2.032223,-0.29032603,-0.99861395,1.4874494,0.2560382,0.568623,0.51407933
648,6,even,-1.1813223,0.91096836,0.09127733,0.017013699,-1.5468012,0.042791847,0.3470564,-1.5252304,0.49266398,0.8098492,0.36585876,0.080806404,0.23806159,-1.4031942,-0.3519139,0.25356874
649,8,even,-1.800526,-1.0199522,-0.26472443,0.5140065,0.54853976,-0.5486362,-1.3898427,-0.92523843,0.07590199,-1.1709163,0.20733047,-0.8354068,-0.015077617,0.21510422,0.32798225,-1.0738417
650,0,even,-0.9762843,0.80509186,0.27314273,1.4896793,-1.0731884,0.24871877,0.7956378,-0.06582141,0.18578586,-0.64509827,-0.24704605,0.42119354,-0.8637561,-0.50398207,-0.100490436,-1.5101959
651,9,odd,-0.7343951,-0.6326631,0.081583485,-0.8716776,-0.2610351,0.40525466,-0.074891925,1.3354158,1.9650736,1.0031221,0.08496775,0.45430258,-0.071564145,1.2565368,1.0962504,-0.30303586
652,2,even,-0.53598535,0.41196868,0.04003305,-1.2373943,0.39602795,0.42916033,-0.22509232,0.87038,0.24647343,2.4579403,-1.4369023,-1.1212701,1.5890878,-0.43473494,0.6477676,1.0267454
653,8,even,0.7804296,-0.35651422,0.04306613,-1.1257675,-0.04716248,0.047474954,0.017416894,-0.020196944,0.7293977,-0.39819878,1.0157932,-1.6908002,0.5325765,-1.3520229,-0.24335398,0.8544815
654,3,odd,1.1633075,0.037798323,-0.2296483,-0.5795999,0.15333721,-0.34654334,0.7866351,0.54194784,-0.28694034,-1.1171916,0.022989836,0.20832533,0.8124106,0.8271825,-0.52036524,-0.24615782
655,1,odd,1.2615647,-1.5825733,-0.028944694,0.015583161,-0.5732973,0.012748927,-0.21317294,-0.82398283,-1.3835003,0.31490272,-0.21603528,0.23712295,0.2724931,0.5092551,-0.06571086,1.199336
656,6,even,-0.57497054,0.93970585,0.088566974,-0.31110764,-0.34401342,-0.02255811,-0.00085587054,-1.661222,0.18774593,0.59706515,0.5983988,0.40738085,0.007046188,-2.037407,-0.08718336,-0.24823406
657,6,even,-2.0566466,-0.39876857,-0.13083999,-0.13215548,-0.9300313,-0.36834174,0.84830153,-0.4292881,1.5650798,-0.80685776,0.39488962,-0.8012351,0.03784521,-0.77972996,0.847102,0.5506069
658,9,odd,0.28429326,-0.6861155,0.07605737,0.041785404,-0.111737795,0.10066089,-1.4378641,-0.5355022,1.3138734,-0.32227376,-0.16157141,0.052135915,0.88712275,0.9910518,0.63401765,-0.7811534
659,6,even,0.3215562,1.080043,-0.0607754,0.6293591,-1.1250378,-0.20925838,1.2260857,-0.44428572,0.43821716,1.6591476,0.5543036,-1.3014998,0.14356232,0.3508147,-0.5297456,0.39448568
660,0,even,0.16719809,0.7631998,-0.033765182,-1.2462597,-0.12692207,0.24381402,-0.39629227,0.64945185,0.3647236,-1.5372303,-0.4045127,-0.09153119,1.2859704,-0.07271223,0.4210505,-2.3375552
661,7,odd,0.5746841,-1.3904424,0.045057274,-0.8443527,0.5522014,0.060739886,-1.1481509,-0.6850133,1.1406529,-1.0478675,-0.39739615,0.016417593,0.48761553,1.0217004,1.6921527,-0.26869574
662,5,odd,-0.19825365,-0.93685067,0.21908268,0.4345707,-1.1607748,0.31799835,-0.106592685,-0.31158686,-0.24273753,0.8381797,-0.15098688,1.1009793,-0.5258549,1.0806012,0.38413954,-0.6168536
663,4,even,-0.4508559,-0.7241002,0.030865785,-0.0995366,0.18367234,-0.15068865,0.45431906,0.77511555,1.4430791,-0.10980956,0.52258086,2.1509967,0.11058848,-0.0890767,-0.19873902,-0.1411801
664,4,even,0.8884505,-1.3336252,-0.0043144785,0.7047632,-0.27045232,-0.68762237,-0.5298552,-0.5102579,0.8364573,0.4454111,0.45039392,0.9724902,1.3130578,-1.1476719,0.8023184,0.22024724
665,0,even,-0.37839544,1.8348718,0.025204584,0.9684881,-0.25372148,0.3398695,-1.4465504,-0.11052419,-1.6167597,-1.2910041,-1.0210924,-0.65215504,-0.23843567,-0.23277463,0.41031408,-0.5533865
666,8,even,0.9053268,-0.750733,-0.11443025,0.034309827,0.40348312,-0.20941819,0.23329698,1.0278008,-0.011340611,0.41204196,0.51133007,-0.8375846,0.4905589,0.6053556,-1.3206939,-1.6108981
667,5,odd,1.7101175,-0.5800366,0.021805301,-0.18708687,0.8232265,0.28543383,-0.31052664,-0.9122311,-0.3722417,-0.45887348,0.04167255,0.09433892,-0.2308832,0.113178246,-0.14929844,0.061014153
668,5,odd,-0.52788645,-0.11395478,-0.10897046,1.2813336,-0.4880491,-0.23145337,-0.06771356,2.0056233,-0.9885125,-0.77127105,-0.27409208,0.92846775,0.36783594,0.7703702,-1.1153538,-0.39723444
669,0,even,-0.38281333,1.1432004,0.079510264,0.3586776,-0.8345226,0.29911646,0.3846894,-1.3977296,-0.0039284676,-1.1203885,-0.1866203,0.08069751,-0.88432574,-1.0590103,-0.14748314,-1.575185
670,7,odd,-0.16888352,0.9967358,0.6093405,-0.54593444,0.005890906,0.31956446,-0.8860292,1.5257502,0.5870195,0.013573193,0.18055183,0.8892615,0.3599246,2.607907,-0.4651029,0.04292638
671,4,even,-0.6429966,0.2207703,-0.15920278,-0.24223751,0.3949654,0.049429353,-1.1457958,1.5838175,0.84692997,0.7475201,-0.49198514,1.3555961,-0.7133596,-0.6486265,1.3970788,0.7839988
672,0,even,1.3801593,0.91314083,0.20088527,-0.2767118,-0.08066899,0.16157712,-1.2455583,-1.0733858,-0.57725483,0.5146386,-0.20856833,0.27874124,-0.050399993,0.123926714,0.5495841,0.3065858
673,2,even,-0.62181497,0.29498503,0.031083966,0.76519686,-0.024480484,0.5097523,0.14074714,-0.13679515,-0.32071245,-0.19680187,-1.8210719,-0.6554296,-0.43845674,-0.47005934,-0.59340554,-1.8196404
674,3,odd,-0.7073961,-0.01525481,-0.10071319,0.50458187,-0.23627654,-0.49231005,0.20227048,2.0430024,-1.0691327,-1.6394016,0.5594768,0.65492254,1.1779679,-0.64091134,-1.080929,-0.17916566
675,4,even,0.91497827,-0.6952497,-0.058416463,-0.5979112,0.24348274,-0.023561958,-0.5585541,0.9677977,0.7704729,0.04469514,0.7191953,1.7513236,0.5064389,0.4025665,0.64059955,0.94461465
676,6,even,-0.10042383,0.93382347,0.026874352,-0.60664976,-1.0589353,0.4505905,1.0799099,-0.7593941,0.4822517,-0.71046746,-0.6708935,-1.029555,-0.6023667,0.29291683,-0.07432268,1.2761935
677,5,odd,0.3106153,-0.1262837,0.0045650154,-0.43854493,-0.8648607,-0.2686812,-0.7945552,2.6044533,0.49804288,-0.5760875,-0.045388326,-0.23910624,1.179045,1.0832434,-0.34741664,-1.3386518
678,2,even,-0.90827864,0.19542152,0.062207535,-0.4520847,1.4752461,-0.22912635,1.3001828,-0.77897763,-0.5525082,0.4235152,0.3238153,0.16668187,0.021884207,0.6192853,1.7660911,0.097587734
679,9,odd,0.17037636,-1.3434551,0.08190931,-0.76606524,0.19923693,-0.04374125,-0.7677404,-0.44818664,1.2035124,1.506564,0.29338852,-0.17394108,1.4938475,0.27586335,0.9465756,-0.12572011
680,6,even,-0.7729211,0.5927272,-0.06582195,0.11158031,-0.8727289,-0.25262138,0.7824947,-0.65376294,-0.6314537,-0.4904118,0.30951247,0.7841468,0.7441973,0.09293453,0.26232713,0.086847134
681,1,odd,1.4064943,-1.5538399,-0.034351707,0.2768801,-0.500831,-0.09187497,-0.17791125,-0.568917,-1.2828958,0.46661794,-0.11231781,-0.041452974,0.53206503,0.14407034,0.25327104,1.6678412
682,1,odd,0.47041196,-1.4460402,-0.057405904,-0.6059525,-0.80474097,0.051128972,0.018585496,-1.5740345,-0.60387194,-0.7951715,-0.008065431,0.55918276,-0.7727829,0.53424364,-0.28136224,0.6635662
683,0,even,-0.83377355,2.008289,0.47202343,-0.80899715,-1.4036059,0.32970673,-1.2058196,1.4055581,-1.2097784,-0.72651345,0.13530406,0.2179233,-0.14912976,-0.1370245,0.7030672,0.5632355
684,3,odd,0.885398,-0.12118685,-0.4147358,-0.4049083,0.47792518,-0.6999186,1.1683316,0.6368893,-0.29987314,-1.4008013,0.43453154,-0.009580284,0.56016135,-0.09882864,-0.29444742,-0.32595542
685,1,odd,1.5515432,-1.6249948,0.045413177,0.628587,0.38128603,-0.11454414,0.5887591,0.45604295,-1.2375814,0.712913,-0.2384204,-0.34068292,1.0459557,-1.1016967,0.0028945208,1.5360438
686,7,odd,-0.5349617,-1.0293334,0.12172999,-1.8892448,0.21380407,0.61464643,-1.0084851,0.45009488,-0.49875945,-1.350669,-0.43910813,0.71816486,0.92498964,0.8480267,0.95564896,0.19518596
687,7,odd,-0.15970992,-1.3575583,0.19275078,-1.0804224,0.07251775,0.27775785,-0.8367144,-0.7700349,0.5596936,0.13697264,-0.20267034,0.61944747,0.97862184,1.0137736,1.6485333,-0.56046885
688,0,even,1.3396722,1.160156,-0.22143604,-0.8785533,-1.0054348,-0.28352174,0.21761884,1.5772729,0.5888854,-0.80638325,0.2908293,-1.0571357,0.64816403,-0.7954597,0.112114176,-1.1841544
689,1,odd,0.9868228,-1.3343136,0.06559495,0.7199912,2.2266204,-0.11236341,-0.46530294,-0.2169125,-1.0313907,1.4720949,0.3878282,0.069297075,-0.19255492,-0.7292559,-0.4227814,0.39747605
690,0,even,0.8373555,-0.15305635,-0.0026155002,0.25612926,-0.1932843,-0.040257104,1.5665767,1.4740891,1.1271508,-1.0870622,0.07395313,-1.210898,0.52636784,0.9579452,0.43740577,-1.0663064
691,4,even,-1.8654304,-0.5095627,-0.0276386,-0.09866261,-0.07422126,-0.041449673,-1.4226711,-0.68302536,1.850378,-1.3065494,-0.046273824,0.3119966,-0.34361064,-0.56397617,0.21555226,-1.1338284
692,6,even,-0.960067,1.366575,-0.024244219,0.6231083,-1.3394418,-0.43605056,0.9278809,-0.16691002,-0.30523655,1.2444956,1.2937567,0.21425578,-0.16798128,0.21648003,-1.1241966,0.6840565
693,8,even,-1.6180111,-1.4794751,0.02415736,-0.20987651,-0.30161157,0.0504285,-1.488657,1.2863505,0.14038345,-0.5014484,0.32187575,0.15895592,-0.37026393,0.29204267,0.7390425,0.20538312
694,5,odd,0.18856424,-0.49890795,0.21626486,0.36708286,-0.9257165,0.2587143,-1.8093317,1.5319967,0.76443917,0.42610663,0.0330995,0.6677798,-1.0026155,1.4925737,-0.34177196,0.03697279
695,3,odd,0.5628868,-0.83687854,-0.27994764,-0.7354201,0.92370164,-0.55329466,1.3094923,-0.5894209,-0.8958209,-0.7202799,0.35882074,-0.03218913,0.19815843,-0.51493376,1.2697277,-0.21076676
696,1,odd,1.2695714,-1.3160778,-0.104487255,-0.2473785,-0.51114863,-0.081211165,-0.31094173,-0.9981703,-1.3622941,0.1955712,-0.08522379,0.6207006,0.37369534,0.3692593,0.5591217,1.3688668
697,3,odd,-0.19401,0.08970509,-0.020167366,0.04488056,-1.0723095,-0.13724674,-0.23370376,0.8852058,-0.37823564,-0.6585346,-0.21352622,0.9948535,0.12020282,1.0174698,-2.2128534,0.50756603
698,4,even,1.0373254,-0.9203026,-0.16155355,-0.113335095,0.085072756,-0.104153335,-0.08492912,1.5047171,2.3701398,0.03042983,0.2012426,-0.20591533,0.36045954,0.4669211,0.095524505,0.2663313
699,5,odd,-0.30111462,0.26432824,0.16890615,1.1360195,0.053435322,-0.5820181,-0.040213525,-0.49496457,-0.01084242,0.3478697,0.3294131,-1.1631218,0.1683167,-0.12306963,1.2961824,-0.52637845
700,0,even,-0.7473641,1.655137,0.27429712,0.30129066,-1.3444611,0.6034874,0.02547606,1.1124516,0.22364715,-0.85422504,-0.30437985,-1.3728119,-0.14125474,-0.7446521,-0.09678568,-1.3736522
701,5,odd,1.5150003,0.0032275543,0.09128215,-0.3244999,0.541389,0.17368728,-0.36802888,-0.22558579,0.4056155,-0.38517016,0.74698377,0.12667812,-0.8177074,-0.62627685,-0.053769052,0.65014565
702,3,odd,0.2666211,-0.34162024,-0.084775075,-0.06091374,-0.45379823,0.07182112,0.33453238,0.5238195,-0.7165832,-0.99699885,-0.48649812,0.86032623,0.13242501,1.0476667,-1.5492413,0.44106382
703,5,odd,0.9131836,0.16040996,-0.3408813,0.76471764,-0.69190305,-0.5489058,-0.12105836,1.5753214,0.03744655,0.11022726,0.19453728,0.0838514,-0.19643903,0.7626211,-0.6671904,-0.82005423
704,4,even,0.5613026,-1.6090642,0.018539395,-0.2794926,-0.18819788,0.025448184,-0.59932405,-0.74509186,1.5045104,0.67865807,-0.39160654,0.7803117,0.30340794,-0.29736465,0.7219937,-0.29518235
705,4,even,-1.144714,0.2513499,-0.06340055,0.988818,-0.022533782,-0.23137364,-1.665077,1.2036095,2.5940125,-0.36639294,0.6017774,-0.79967666,-1.5546694,0.22068997,-0.6796686,-0.88194966
706,9,odd,0.5030401,-1.0079267,-0.1434078,-0.6933071,-0.858133,-0.012959577,-0.74229604,-0.14398572,0.25470024,-0.81187105,-0.06660108,1.5184301,-0.2986274,0.86968094,0.7014754,0.23039174
707,4,even,-1.5396231,-0.8720395,0.14701241,-0.086308,-0.12787238,0.43679667,-0.1173957,-0.1328153,2.3493042,-0.6584713,-0.5319421,0.42263842,-0.65929246,0.21654338,0.27136642,-1.101978
708,6,even,-0.3436935,1.1830007,-0.25475717,1.1218146,-1.009454,-0.4793559,0.029866278,1.0721354,1.3505182,0.8414405,-0.577589,-2.5940824,0.11662852,0.32529968,1.0836918,0.8757093
709,5,odd,1.3557864,-0.748173,-0.08052489,-0.62578154,0.420461,0.2544396,-0.3981455,-0.9333799,-0.22542307,-0.18296672,-0.10231146,-0.11588144,-0.40672097,0.022486225,0.15138532,-0.06843742
710,0,even,-0.18662642,1.7283536,-0.031701826,-1.0212075,-1.8934257,-0.27004626,0.029529221,1.2473099,-0.044563204,0.07352437,0.63324565,-1.2961828,0.4651609,-0.32212204,0.8418103,-0.34350824
711,5,odd,-1.3478172,-0.8263639,-0.22253095,0.26108864,-0.9529909,-0.082638,0.16169456,1.5527585,-0.40845105,-1.227606,-0.20989633,0.39808512,0.22856079,0.7627302,-0.606415,0.028979462
712,4,even,0.08243163,-1.9727813,-0.088558316,-0.24360357,0.35690227,-0.2184878,-0.91166633,-1.5235753,1.3133717,-0.027660927,0.47308618,0.14023717,-0.14630413,-0.087105066,-0.049760893,-0.66133666
713,2,even,0.15817846,-0.6756552,0.07731682,0.40538454,1.7110494,0.027215306,0.96084577,-0.48971593,-0.94095546,0.18999794,-0.74436986,0.90817803,0.6588908,0.23846516,0.282153,0.7030278
714,8,even,0.92969674,-1.109064,0.19922155,-1.1762757,0.32892072,0.44189307,0.12563339,-0.5013841,0.2514848,0.13934101,0.36804947,-1.1819092,1.3077497,-0.30650902,-1.2171036,-0.185258
715,7,odd,-0.062692985,-0.61512256,0.14218453,-1.5783359,0.29019693,0.5706399,-1.1826408,0.2884782,0.84522086,-1.7109661,-0.6560577,0.31609178,0.7915548,1.4912349,1.2536188,-0.78017616
716,1,odd,1.2358944,-1.5313277,-0.1473302,-0.64578795,-0.5405588,-0.12417406,-0.5813703,-1.0209651,-1.297854,-0.13088942,-0.0458316,0.44605425,0.42675695,0.18856847,0.7336642,1.2774392
717,1,odd,1.2021469,-1.7167333,-0.11033556,-0.06388525,0.0102637485,-0.27881065,-0.2784667,-0.4814563,-1.4181545,0.50373834,0.09397327,0.1787364,0.8653784,-0.5118984,0.8274019,1.8793868
718,3,odd,-0.8258902,-0.03734241,-0.39668328,0.20400469,1.4794519,-0.7278633,1.0630031,1.639385,-0.5797287,-1.8511832,0.6529862,-0.3610934,0.89174914,-1.1671154,-0.20554444,-0.17119417
719,5,odd,1.4595889,-1.2138327,-0.48748022,0.34058154,0.4502886,-0.82006454,0.30642527,0.011054128,0.31277585,-0.55530846,0.7640289,-1.5347955,-0.465309,0.7631462,0.18576242,0.16864794
720,8,even,-0.97166914,-1.7027307,-0.10781008,-1.0090375,-1.435517,-0.10270584,-0.5860573,0.3564424,-0.59134406,-0.12264727,0.25532824,0.3915536,0.5555275,-0.6959254,0.9353407,1.0881754
721,3,odd,0.78827107,0.10007364,-0.36142892,-0.35600132,-0.51600325,-0.56759834,0.738301,0.12716192,-0.71664983,-1.5731373,0.11668914,0.23080249,0.65566075,0.94708294,-1.3874878,0.16944078
722,0,even,-0.2286401,1.7276945,-0.14926277,1.1329516,-0.7014313,-0.4336423,-0.8859902,-0.06944655,-0.9537909,0.59408915,-0.029720753,-1.5933126,-0.45403323,0.04225246,0.41067868,-1.9206758
723,4,even,-0.4220069,0.6327435,-0.008396238,0.40427873,1.0077473,-0.28844088,-0.30746302,2.034778,0.6234451,0.28787854,0.56578743,2.1487176,-0.24189739,0.99015665,0.5761712,0.40512884
724,0,even,0.004621245,1.3338802,0.1604756,0.18150017,-0.281476,0.24113187,-0.75747454,0.32790434,-1.6901525,-1.0154805,-0.14630738,0.8160416,-0.055735968,0.8400312,-0.44238478,-0.31245038
725,0,even,-0.6850958,1.1191807,0.29667294,-0.23349284,-1.3187588,0.63677645,-0.05567521,0.8391946,-0.8447589,-0.068052426,-0.46061635,1.2393727,-0.053914506,0.19499633,-0.19793005,-1.8069177
726,6,even,-0.1286789,0.0942728,-0.3330915,0.5741672,-0.5934183,-0.54359853,0.48454884,-0.061583847,1.8530406,0.77664304,0.13294333,-1.8933864,0.66268224,0.5470226,1.4238081,0.311024
727,6,even,0.052962348,-0.31413168,-0.012955926,-0.040296733,-1.0760691,0.067477375,0.8913686,-0.67545885,1.5483245,0.25614765,-0.5031288,-0.65179265,-0.15957691,0.9969995,0.23392393,1.6612421
728,5,odd,0.7744219,-0.7724404,0.10089782,-0.93897974,-0.6410618,0.45649976,0.50879097,0.4607336,-0.030717842,-0.8846449,-0.3454741,-0.18738943,-0.3346289,0.7107016,0.50322,0.14048961
729,7,odd,0.107656725,-1.5512328,0.24725778,0.033353373,1.3790481,0.40478006,-1.0093358,-0.5669697,-0.2747596,1.3845743,-0.22138861,-0.45687252,1.5176235,1.4912864,-0.07598812,0.26998815
730,2,even,-0.27322173,0.8298713,-0.1822487,0.8815943,0.655596,-0.3952196,-1.4948249,1.1458843,1.0252458,1.1805582,1.0132235,-0.8528054,-0.694575,1.0178045,-1.9771159,0.416415
731,2,even,-0.7172875,0.011622794,-0.4582491,0.7725332,2.1581316,-1.0374699,0.72142494,0.73245794,0.27048436,1.622876,1.3417661,-0.9899993,-2.2045705,0.16367346,-0.5912571,-0.08795472
732,8,even,-0.8902083,-0.8813756,0.283477,0.070441626,-0.22029418,0.015016582,1.1367927,1.9854419,-0.28843936,0.87419003,-0.24699146,0.37611544,0.4824922,0.36247715,-1.8257514,-0.51859534
733,0,even,0.5035064,1.5567819,-0.2695902,-0.45233375,0.060912736,-0.248509,-0.38194433,0.056735188,-1.8788344,-0.68194056,0.11141736,0.8053763,0.54652864,0.11137309,0.06290537,-1.6440933
734,2,even,-0.79920065,0.11480088,0.10470687,0.52144325,1.9952894,-0.25234577,0.7774256,-0.4531116,-2.220119,-0.84906274,0.3145301,-0.68989277,0.754525,-0.19316487,0.84682065,0.71106595
735,2,even,0.18751618,-0.50731176,0.012180198,-0.10939666,1.452097,-0.22190405,0.95788914,-1.5811288,0.18698561,-0.596802,0.22501317,-1.0779693,-0.5426772,0.80207586,1.1705052,-0.4538259
736,1,odd,0.5330891,-1.6096963,-0.21630575,-0.9826018,-0.8714222,-0.10247047,-0.4597535,-1.3954444,-1.0518805,-0.78852624,-0.09083199,0.104289666,-0.4107899,0.29762018,0.26145738,1.1634374
737,8,even,-2.3923266,-0.67187023,0.19425416,0.06542757,0.12139242,0.30282205,-1.2043602,1.0790641,0.43748045,-1.042669,-0.4071262,-1.2321697,1.1498569,0.049411483,-0.7945172,-0.9362138
738,9,odd,-0.12787253,-0.96353763,0.03399757,-1.2840841,-0.050564118,0.10081576,-0.79440427,0.13242921,1.7797109,0.704472,0.1923404,0.33937207,1.0116826,0.27113873,1.3375866,-0.86905104
739,0,even,-0.37831587,0.41936344,0.26408273,-0.27992937,-1.7498161,0.5318722,0.61376977,1.4649241,0.36774972,-0.55688137,-0.35537338,0.78168976,0.25176433,0.4694134,-0.23798215,-1.8948876
740,1,odd,0.9496203,-1.2649678,-0.071914196,-0.22694215,-0.479636,-0.09800245,-0.18950951,-1.0514345,-1.3219492,0.15112925,0.054008923,0.17692746,-0.059864104,0.23422034,-0.121867016,1.2729578
741,7,odd,-0.15399797,-1.283412,0.25579953,-1.202542,0.39783275,0.44648692,-1.4287062,-0.094618574,0.038921155,0.82882535,-0.20586571,0.3617026,1.4960034,0.25354162,1.0050313,0.3712487
742,3,odd,1.0183865,0.21901429,-0.38500834,-0.5465984,-0.5558412,-0.53926104,-0.14601372,1.7182629,-0.91431564,-1.5950925,-0.00062213466,0.07440168,1.2693404,0.01601164,-0.6721945,-0.40666223
743,2,even,-0.62368447,1.2673619,0.41481143,-0.37375507,1.619991,0.7340909,0.7820284,-0.13086459,0.32779866,-1.694785,-1.0399868,-1.0089583,0.648875,-0.14601283,0.845529,0.37364954
744,7,odd,0.17437626,-1.6886593,0.115903996,-0.7802443,1.3396767,0.124579325,-1.5338929,-0.18681492,0.1891281,0.4109192,-0.35478023,-0.8807576,1.8134946,0.6353228,1.2786474,0.46413824
745,9,odd,1.3415353,-1.8882564,0.12557213,-0.53264433,0.45455492,-0.06748362,-0.92076534,0.44679672,1.382941,0.36553165,0.038729444,-0.48150688,1.4648107,-0.9302,0.69966173,0.5851794
746,0,even,1.4519999,1.0469974,0.017423548,0.1266888,-0.80241656,0.03662182,-0.90847164,-1.2963266,-0.47045088,1.1833271,0.1437735,-1.1269501,0.085290626,0.60003805,0.79332674,-0.7543567
747,7,odd,0.6498549,-0.5487932,0.05014267,-0.5142116,0.29489022,0.08701216,-1.1095123,-0.6526305,1.1426234,-1.2578827,-0.24212837,0.21535756,0.33903646,1.1247772,1.0574787,-0.72214836
748,0,even,-0.951829,1.3297935,0.24511325,0.1314453,-0.5060459,0.2420876,0.8756829,-0.5981425,0.7989998,-1.4439359,-0.101996824,0.6628947,-0.10756324,-0.8027482,0.81091666,-1.4648957
749,2,even,-0.0019619316,1.4885008,0.29523295,0.16019788,1.9768203,0.1694036,0.8369626,-0.7557029,-0.06863549,-1.7116096,-0.5085251,-0.8183204,0.6317461,0.2420993,0.81441206,0.6758473
750,3,odd,-0.4546851,-0.40007257,0.008539617,-0.8453934,-0.51938444,0.1889628,-0.77904606,2.267512,-0.25710994,-1.3484151,0.3895998,0.043352723,-0.813149,0.5606057,0.012414515,2.140937
751,3,odd,0.6534496,-0.95128465,-0.15123945,-0.11559083,-0.8295736,0.031900648,-0.4151771,0.9199082,-0.2299875,-0.76768965,-0.1310718,1.0214758,-0.7460448,0.7686365,-0.71510273,1.1416143
752,4,even,0.28273994,-1.5022846,0.021287266,0.01373774,0.29250336,-0.061455727,-0.055504873,-0.7236691,1.1992308,0.05195773,-0.036501467,1.5905107,0.030795366,-0.36246252,0.9111046,-0.9674405
753,9,odd,0.49603242,-1.0665456,0.11981756,-1.0777602,-0.47278655,0.56202817,-0.24366757,0.6794574,1.9824762,0.60280323,-0.24694714,0.8565891,-0.113272615,1.2906247,1.1970128,0.16904175
754,5,odd,1.7766293,-1.4949807,-0.011915088,0.26215604,0.7924816,0.17264809,-0.90890723,-0.6830834,-0.3804739,0.40454635,-0.39792314,-0.82668555,0.09900824,0.62088114,-0.108071275,-0.3109975
755,5,odd,1.1311473,-1.6236407,0.07228824,0.1540768,-0.45588225,0.12379578,0.476435,1.7908828,0.5000201,-0.27735507,-0.15542918,-0.068237185,0.81653225,1.2420924,-0.8717824,0.255687
756,5,odd,0.7131065,1.0973184,0.040161684,-1.5259179,-0.5888148,0.14203966,-0.3316376,0.08796099,-1.2992572,-0.23278831,-0.11704388,-0.15308875,0.2294708,0.30892146,-0.34710804,0.0035108514
757,0,even,0.52244073,1.1410809,-0.34092188,0.6513575,0.051169313,-0.38612553,-0.19779402,-1.1331742,-0.4388843,0.03585576,-0.12978512,-0.36957473,-0.22273153,-0.6089475,-0.0882144,-2.6555555
758,9,odd,0.82330877,-1.7713611,0.283326,0.43551877,1.1897112,0.33248335,-0.6354436,-0.2800808,0.76052237,1.2810042,0.18087211,-0.17199892,1.0253195,-0.07191065,-1.2297379,0.41547796
759,9,odd,0.2659412,-0.8861305,0.018480994,-0.8932598,-0.07151913,-0.39857605,-1.0653374,0.51670563,1.1082946,-0.59664214,1.2347056,0.65721565,0.26163372,0.08884418,0.75805193,-0.8499162
760,4,even,0.53828114,0.26113626,-0.23031802,-0.42655537,-0.4197554,-0.42454615,-0.40709805,-0.09872882,2.020441,1.498604,-0.09347696,1.2489171,0.40146875,-0.37524337,-0.730382,0.5810213
761,8,even,-1.3660113,0.60396665,-0.008034203,0.054733366,-0.6400145,-0.41584226,-1.1895432,2.9830472,-1.1024184,0.14268996,0.41675147,-0.016719073,1.6075363,-0.26759428,-1.0073849,-0.25833386
762,7,odd,0.2756397,-1.2053951,-0.06566824,-1.9701794,-0.53553003,0.41764355,-1.3138711,0.5214176,0.034679793,-0.8256933,-0.45559436,0.7328765,0.5838003,0.908471,1.4380076,0.62321234
763,0,even,-0.4528075,1.076345,-0.111709535,-0.24883269,0.047846697,-0.09579368,0.8917379,0.8695006,-0.07499533,-0.74564123,-0.19043118,1.4773946,0.58623123,0.2583191,0.56066924,-1.0115014
764,5,odd,0.19025679,-0.9456129,-0.39932412,0.058450088,-0.03252431,-0.944944,0.31026685,0.12514752,0.27766854,-0.3916682,0.7983332,-1.1229674,-0.19107725,0.2125927,0.7336894,-0.8598135
765,7,odd,0.23294587,-1.2209108,0.045475192,-0.37251562,0.8759186,-0.20217957,-0.8985166,-1.0046365,0.48338985,0.078663,-0.022525884,0.26719677,0.8022917,0.71767294,1.0431203,0.5229427
766,4,even,-0.73773485,0.76552254,0.06261344,0.72927606,1.6209291,0.2863298,-2.0081394,0.50162256,0.94148314,-0.9929375,0.010134766,0.50866836,-1.0177672,1.269764,-1.9741502,-0.016974594
767,8,even,-1.4268725,0.86889106,0.25665653,-0.01215264,-0.20573047,0.020605005,-1.1659749,2.723397,-0.77338445,-0.48398474,0.31571722,0.44523096,1.416578,0.47910923,-1.2838683,0.6381839
768,3,odd,-0.20479737,-0.0064410344,0.036369506,0.7091913,-0.9102125,-0.047745034,-0.22129998,0.89376074,-0.07976073,-0.23102345,-0.50903213,1.2054462,0.39860886,1.3031479,-1.9065856,0.5140862
769,1,odd,1.0935854,-1.060834,0.11696801,0.66696787,0.71372277,-0.06313853,0.0052813664,-0.7765458,-1.1684737,1.1076753,0.014435217,1.1751783,0.043898087,-0.09554164,-0.21813145,0.564794
770,4,even,0.05431263,0.8518119,0.13283026,-0.026549675,0.38441113,0.098771945,-1.2768779,0.03489104,0.020215876,0.6701527,-0.097704045,1.2555952,1.2552488,0.4301833,-2.0651367,0.78977066
771,9,odd,0.22614622,-1.5643344,-0.14761566,-0.84784657,-0.561258,-0.2601427,-0.018944442,-0.3907867,0.85024047,0.7217661,0.43490297,1.172169,0.47439596,-0.75949687,1.0241234,-0.57078266
772,2,even,-0.3416822,0.45904976,0.18457426,-0.425935,1.9815452,0.09710705,1.657778,-0.4276514,-0.3901636,-0.16566713,-0.5172071,0.016772002,0.43804437,-0.16021775,1.6588112,1.2328315
773,9,odd,0.7875178,0.007582821,-0.19029059,-0.3215081,-0.009335764,-0.567143,-0.5307628,1.9951754,0.38589412,0.10481208,0.64589286,-0.75239944,0.22136031,-0.8922832,-0.21863008,-1.7647657
774,9,odd,-1.2008613,0.5806972,0.081014104,-1.0709792,0.70652664,0.26867944,-0.39511827,0.6873587,1.0224319,0.07951356,-0.34026197,1.2703214,-0.058447167,1.6627324,0.64804554,0.023092736
775,8,even,-0.8068797,-1.016621,0.044087257,-0.11653347,-0.23209617,0.10193089,-0.7224989,2.0847628,-0.5473547,-1.0070086,0.26327354,-1.9479241,-1.1509353,-1.2932296,-0.6448724,-0.38503417
776,9,odd,-0.50949365,-1.5707318,0.047886834,-0.21300791,-0.44965547,0.073225096,-0.00252226,-0.6375844,1.7758051,-0.1335679,-0.04745859,-0.034623653,0.87685233,0.25636172,0.9135842,-0.6484524
777,2,even,-1.434845,0.005772345,0.2900043,-1.0420903,0.9253773,0.6266849,-0.65302354,0.3246681,-0.117659666,-1.2321149,-0.8152573,0.4773606,0.37466094,1.1445353,0.71525156,1.1535888
778,9,odd,0.25442535,-1.2120295,0.0024161302,-0.77131927,-0.32949346,0.14562808,-0.23803103,-0.34662566,0.945153,1.0048729,-0.012556318,0.7207557,0.33055264,0.17410494,1.3358411,-0.9550745
779,6,even,-1.3208313,1.0883244,-0.15955907,-0.6399779,-0.8675638,-0.181233,0.49142393,-0.76851124,0.7484648,-0.7919298,0.30988517,0.21570525,0.24490258,-1.0528345,0.57733727,-0.6270704
780,8,even,-0.93197495,-1.5193702,-0.34108216,0.94906765,1.2245328,-0.6106841,0.753447,0.48819965,-0.76058877,-0.7016859,0.0617546,-0.30709654,-0.4196682,-0.7111986,0.4017557,-0.7505007
781,6,even,-0.8351716,0.0913826,-0.119611695,0.3368597,-1.395251,-0.34528193,1.1888175,-0.9913339,1.4045488,-0.0080157425,0.2356933,-0.86700237,0.42390445,0.27981636,0.63769674,0.04932674
782,3,odd,-0.5288161,-0.018287811,0.13817132,-0.0954019,0.80490476,0.15545535,-1.3254573,2.6216195,-0.66455346,0.13713734,-0.14189231,-0.38508463,1.0424192,0.5925183,-2.976617,-0.8538568
783,0,even,-0.88789815,1.3146892,0.08701053,-0.6589697,-0.83753234,-0.19300987,-0.71560794,2.4685974,0.74227536,-0.85465515,0.21200302,-0.5662859,0.8146726,0.14468001,0.94721013,-1.2780404
784,2,even,-1.0729064,-0.15672466,0.16758245,0.09591542,1.2049165,0.45688587,-1.0192077,-0.1808075,0.6558744,1.2833574,-0.5878345,-2.3395755,-0.49435824,0.6882537,-1.1116041,-0.676636
785,1,odd,1.0952854,-1.4197298,-0.037329562,0.27830678,0.28377876,-0.4063655,-0.074349105,-0.7971859,-1.3201265,0.8258639,0.1349785,0.8277461,0.9237267,-0.5389752,0.89681727,1.2236443
786,2,even,-1.4785401,0.29750916,-0.06265471,-0.22234046,1.471312,-0.10789758,-0.17922673,-0.19208962,-0.25349858,1.6712173,0.2824625,-0.56092817,-0.78757334,0.77106917,0.13863866,-0.46257648
787,5,odd,-0.22510515,0.7054434,-0.0961225,0.46951684,-0.12222665,-0.43700773,-1.1620026,2.0901332,-1.629772,0.06058637,0.7777363,0.125525,0.06212059,0.2328201,-0.9711516,-0.5658734
788,0,even,-0.42921442,2.201256,0.22430553,-0.74076736,-1.6548991,0.0662595,-0.44542485,1.3568757,-0.5023954,-0.305519,0.44155043,-1.1413649,0.026490726,-0.09891611,1.038381,-0.61352617
789,2,even,-0.4547578,-0.12055449,0.07562144,0.58831483,1.547554,-0.017707605,0.20107399,-0.17464797,-2.289894,0.4014426,0.35499516,-0.45287895,-0.40422198,-1.3713974,0.27298582,0.54625744
790,8,even,0.6501167,-0.29912454,-0.45472372,0.11032228,0.7908457,-0.8388647,-0.91060203,1.7187946,1.0418364,-0.47820142,1.2651798,-2.5621097,-0.39130473,-0.77254313,-1.0611992,-0.29917303
791,8,even,1.5767932,-1.0078218,0.08912515,-0.74464417,1.1738122,0.26415157,-0.62751096,-0.5879933,-0.13411105,0.31966516,0.44958803,-1.429264,-0.005382662,-1.1063985,-0.8941202,0.17441624
792,2,even,0.35954052,0.12306339,0.21806438,0.061944284,-0.43624067,0.46199012,-0.974829,-0.46426615,-0.83543813,2.1886876,-0.23697725,0.10010044,-0.3876962,-0.061770096,0.049052656,1.367725
793,3,odd,-0.0052295774,-1.1513938,-0.13109979,-1.0218049,0.48252928,0.12519772,-0.15006125,1.1094358,-0.56982154,-0.6124809,-0.53068566,1.0484974,0.51056224,0.89330024,-1.2027779,0.6511317
794,5,odd,0.3207045,-0.15777522,-0.08117588,-0.21458924,-0.5073323,-0.564806,0.9314081,-0.55486774,0.030960746,0.03305987,1.0246507,-0.6024384,0.6801572,0.1663082,-0.086012125,-0.5286152
795,7,odd,0.1650697,-1.5306829,0.10545839,-0.7287288,0.5705543,0.17052549,-0.4957688,-0.8240961,-0.6275147,0.8779183,-0.14667615,0.7313657,1.2604781,0.587358,1.1490386,0.10651588
796,9,odd,-0.78710455,-0.44887468,-0.1285803,-1.0309615,0.25680652,-0.02843127,-1.3503401,1.1969597,0.80800515,-0.41138735,0.79172474,1.017789,-0.1539559,1.644099,-0.41567093,0.85112995
797,0,even,0.11039354,1.3739876,-0.1406156,0.06466158,-0.57575196,0.10532574,0.18667516,-0.17960498,-1.4630024,-0.6623302,-0.20410001,1.5178328,-0.14417756,-0.03372842,-0.013002142,-1.2795773
798,2,even,-0.9758763,-0.7093491,0.05898424,0.67431843,1.582267,-0.09592186,0.57463765,-0.47348315,-1.7386905,-0.9559377,-0.16267723,0.61731267,0.59828144,-0.20927818,-0.46581602,-0.2665405
799,1,odd,1.7571496,-0.91617906,0.09307529,0.33295572,1.0427022,0.18405527,0.42532322,-0.039594352,-1.2525712,1.1598791,-0.037718274,0.7374911,-0.43535593,-0.7342633,-0.56552994,0.21241283
800,9,odd,-0.44951397,-0.6033296,-0.15647134,-0.1987342,0.3869767,-0.12859465,-2.3073509,-0.52935356,0.03601394,-0.30931675,-0.08938682,-0.8567705,1.967653,-0.32556403,0.69603795,0.0730318
801,5,odd,0.11459198,0.35733944,-0.16061376,0.119285494,0.0016628802,-0.14965162,1.085104,0.9313112,-0.31447324,-0.5734906,-0.5201843,0.8713841,0.1723311,0.5153773,-0.55091655,-0.32000694
802,3,odd,0.7000136,-1.1227908,-0.3095824,-1.0912837,0.52798104,-0.32877895,0.7210685,0.58416903,-1.0498503,-1.4023685,0.051441796,1.1493764,0.22161211,0.36588478,-0.09873829,0.37835866
803,8,even,0.7274478,-1.9628739,0.072371736,-0.14922553,0.35108754,0.16917461,-0.7343213,0.5629418,0.38453013,1.220108,0.1972549,-0.59023625,0.25341853,-0.10738461,0.80523276,-1.3210788
804,2,even,0.911832,0.024779774,0.25221968,-0.31423768,-0.33381495,0.5975931,-0.33932886,-0.14306366,-0.4945226,1.3891593,-0.5587956,0.68297446,-0.8184943,-0.87472725,-0.36658472,1.6770339
805,0,even,0.17098679,1.2938884,0.10263148,-1.1445705,-1.5489569,0.5424061,0.070323035,0.24634504,0.23073903,-1.5558077,-0.43968666,-0.14076889,0.41315255,-1.2328337,0.6346835,-1.2160366
806,3,odd,0.61119044,-0.6273174,-0.42622364,-0.37090048,0.2998455,-0.4593002,0.50685817,1.4353595,-0.8254314,-1.4341917,-0.08253688,1.1318563,0.8223565,-0.15763392,-0.33433244,-0.059073523
807,6,even,-0.7897786,-0.23836464,-0.040294237,0.49265218,-1.1283637,-0.16582847,0.72748584,-0.94305295,0.935007,0.85199803,0.13950464,-1.7998257,0.6241297,0.10103649,-0.3327315,0.55981225
808,6,even,1.7334118,-0.22783715,-0.02003368,0.86213666,0.83037233,0.09852448,0.616025,0.12398064,1.1563692,-1.0844971,-0.48377556,-1.1074417,-0.045867067,0.39294076,1.2296177,1.0757854
809,6,even,-0.44840735,0.105560176,0.25256735,0.79890937,-1.4174811,0.06713012,-0.89125913,0.3959481,-0.13572785,-1.0135405,-0.38560438,1.4323835,-0.5181307,-1.3734621,0.43571222,1.024579
810,0,even,0.83063424,0.51481843,-0.09604643,-0.16725759,-1.0932277,0.27840808,0.67235696,-0.40974754,-0.47543886,0.118640564,-0.30005237,-0.1421099,-0.17799439,0.170034,-0.83931416,-1.8447423
811,4,even,-1.1045729,0.08567483,0.04039964,-0.4405387,-0.01569239,0.16575962,0.58156157,0.3867666,1.5124358,0.751773,-0.1123082,1.7375838,-0.28005156,1.243836,-0.9087346,-0.3337171
812,7,odd,-0.7120758,-0.67887807,0.04425224,-1.0516808,-0.7539318,0.13058537,-0.34338227,0.37011033,0.61761725,0.0087705655,-0.35959396,1.0791843,0.028329596,0.44665283,1.0709255,1.3203952
813,2,even,-0.15198673,-0.59073067,-0.063786544,-0.8471612,-0.50634444,-0.19810297,0.039693315,-0.5806953,-0.6937298,1.1047204,0.61840916,0.3135344,0.9172685,0.9861261,1.2484745,0.5425489
814,6,even,-1.0311191,-0.603371,-0.006244134,-0.10135358,-0.74707144,0.13065808,1.0129573,-1.415185,1.4356894,-0.43336177,-0.41030464,-0.604534,-0.20750597,0.21005712,-0.017913356,1.5570431
815,0,even,-0.77132386,0.91727906,-0.124496624,-0.013811369,-0.17550239,-0.24276261,-0.56775796,1.111476,1.6959202,-0.95381206,-0.2621714,-2.8231416,0.45991278,-1.662268,0.82009006,-0.13933784
816,4,even,-0.55502564,-0.7342571,0.01888027,0.34489805,0.14560267,-0.23670246,-0.3557285,1.5226545,1.4718701,-0.567028,0.35803312,1.9195913,0.71131414,-0.2778635,0.30711,0.23879468
817,1,odd,0.39317733,-1.3830882,-0.17645071,-0.8782206,-0.79098254,-0.023483597,-0.20403045,-0.8431991,-0.7259461,-0.7912445,0.10600017,0.6676737,-0.8880925,0.9951721,-0.09931746,0.8295891
818,6,even,0.008889593,-0.839,0.095973775,-0.45886716,-0.42819202,0.3321218,0.5867816,-0.82846487,0.71649665,-0.2383539,-0.87248737,0.5162031,-0.6179271,0.8721357,-0.51814306,1.1139953
819,8,even,0.014898576,1.152124,-0.37252432,0.96453536,0.014826886,-0.8812927,0.9072589,2.113805,-1.1418438,-1.2344444,0.58231175,0.64457905,0.12781562,-1.1926842,-0.4133187,-0.41513252
820,6,even,-0.82717884,-0.58346575,0.14749825,-0.016336363,-0.6672955,-0.2954637,0.9501579,-0.5238782,0.33462346,-0.9739881,1.095844,-0.3763073,0.050014175,-1.7337137,-0.8087791,0.5154605
821,7,odd,0.949893,-0.99705887,0.016717382,-0.68339145,-0.4468683,-0.00791239,0.09505922,-0.21510038,1.0750744,-0.8460308,-0.1833317,1.2618288,-0.09762747,0.23486394,1.0182798,-0.39130768
822,3,odd,0.1712782,-1.6345018,-0.09742275,-1.3644792,0.47228783,0.1840677,0.3595395,1.8140385,0.0031184778,0.5999226,0.35501552,-0.02987042,0.39267582,0.80022967,-0.039272048,-1.1434133
823,9,odd,-0.25049055,-1.5568923,-0.048460856,-0.8761043,0.20404151,-0.3223989,-0.4795835,-0.4574815,0.09089338,0.8613282,0.9110559,0.060556322,1.1438451,0.18250144,0.07857256,0.1825678
824,1,odd,1.5765548,-1.3733083,0.051870417,0.3036026,2.4362016,-0.057587698,-0.5017942,0.5517774,-0.24933243,0.55865884,0.017437432,-1.4192574,0.62522465,-1.1182874,0.18034865,0.7932602
825,2,even,-0.49675953,0.21018064,0.0090074055,-0.10236536,0.81683797,-0.17206398,1.5438101,1.1034901,-0.6695583,1.2759483,0.5130055,-1.2861542,0.21992531,-1.0034322,0.9902101,1.7981681
826,2,even,-0.32005435,0.5190474,-0.06837172,0.667483,2.5307236,-0.5058999,0.9177056,0.33145326,-0.56917346,0.63875484,0.7814606,0.28691223,-0.7339544,0.2598515,1.0231473,0.6544926
827,9,odd,0.07936092,-2.1861224,-0.13816549,-1.0372146,-1.1543461,-0.3089559,-0.15333726,0.12585196,1.0349555,-0.38007852,0.65536666,0.524911,0.74269056,0.6330617,-0.06314747,-0.06260465
828,5,odd,-0.10146776,-0.670784,-0.37084365,0.14893122,-0.280306,-0.43807876,1.7104945,-0.28705934,-0.558342,-0.78185457,0.14841905,-0.059629887,-0.05220957,0.9661378,-0.48946577,-0.8782311
829,4,even,-0.05724895,-0.15094787,-0.0870987,-0.547883,-0.2828875,-0.0069530923,0.33402044,1.464047,0.88253736,0.639987,0.036532298,1.8608879,-0.09618062,0.29328907,0.24992834,1.61459
830,2,even,-1.2270608,-0.51812774,0.09626052,0.11853358,1.7190526,0.14269842,0.10366983,-0.7996594,0.062318735,0.61622804,0.38260707,-1.8208702,-0.62310135,0.54260665,-0.22116092,-0.7893963
831,2,even,-1.4740486,0.46978194,0.13930322,-0.4879455,1.9027382,0.244032,0.84268314,0.35038716,0.28752446,0.0144536905,0.007341003,-0.66427255,0.098583296,0.40888137,0.17853533,0.6290118
832,5,odd,-0.5921315,0.2626989,-0.06159214,0.50699145,-0.640721,-0.6141084,0.46294317,0.7649229,-1.1138815,0.4771642,0.32186323,1.1319969,0.6394861,0.21770743,-1.8087269,-0.63862306
833,3,odd,0.5742103,0.047709852,-0.25319177,0.24248555,-0.93202746,-0.36828497,0.67490965,0.9642032,-1.0582055,-1.7966241,-0.043693315,0.804616,0.41905707,1.5520053,-1.392943,0.77740115
834,3,odd,0.030507587,-0.29752493,-0.062853806,-0.04123552,0.6291283,-0.17036311,0.21342622,1.8194993,-0.9635684,-1.4200112,-0.24688515,0.8107792,1.737492,0.5139482,-1.5424966,0.5958312
835,9,odd,-1.344622,-0.5222327,-0.024937384,-1.3755783,0.095039666,0.40723643,-1.0292559,1.8903453,1.2604012,0.772284,0.029837497,1.2456188,-0.35306087,0.82747483,0.76330495,0.75995404
836,6,even,-1.0776585,1.2119317,-0.079819635,-0.4441003,-0.98260415,-0.43304485,-0.3009578,-0.053121,0.91094756,-0.64387053,1.0357658,-0.99400926,-0.44661894,-2.5878844,-0.5863453,0.9317491
837,5,odd,0.5101312,-0.85183436,-0.18363205,-0.05441428,-1.0286672,-0.1840365,0.7195748,0.97667557,0.33205903,-0.89984256,0.16392708,0.07022074,0.36236948,0.7275301,-0.73971516,-0.67960536
838,1,odd,0.95014995,-1.2072502,-0.0354174,-0.12638754,-0.33796915,-0.031935543,-0.12552443,-1.038819,-1.3121173,0.29123825,-0.02919845,0.09285781,0.20796955,0.45611453,0.0032022297,1.2611388
839,6,even,-1.3488364,1.1473083,-0.18868932,1.494909,-0.73083764,-0.7728447,0.24182011,-1.4800091,-0.2616185,1.2270416,0.29586682,-0.7827064,0.30183145,1.1390861,0.98711914,-0.96982706
840,7,odd,1.3544539,-1.123872,-0.010003209,-0.6547629,0.78723335,0.01861728,-0.46379524,-0.8639774,1.1872256,-0.66225845,-0.18992826,0.55243355,0.3606469,0.88466114,1.3191416,-0.22371507
841,6,even,-0.72092366,1.0597116,-0.090638235,-0.05883071,-0.71207774,-0.065611064,-0.55134815,-1.6165173,0.3017113,0.14373255,0.30712515,-0.6754029,-0.1726174,-2.1866403,0.3685012,0.08344625
842,3,odd,-0.060992047,-0.4031813,-0.5122383,-0.2833812,0.9663047,-0.5492713,0.17308858,1.7354906,-1.4742974,-1.0195558,-0.0018863138,1.0513045,0.42851594,-0.09197821,0.21428479,-0.27956963
843,4,even,0.6893564,-0.83722395,-0.018373713,-0.16060816,-0.16526279,0.22329432,-1.476794,-1.4390938,1.8576204,-0.46845397,-0.18967569,-0.95553994,-0.12782365,0.033109404,-0.81567454,0.004997056
844,8,even,-1.3900466,-2.5604224,0.06736817,0.06729648,-0.18226746,0.003940437,-0.046787456,0.87043554,-0.37046945,0.27830178,0.36714676,-0.20084727,0.18683445,0.23678118,0.35490692,-0.51096565
845,4,even,-0.079059586,-0.5546327,0.023494335,-0.037062936,0.6702985,0.044888306,-0.8506328,-0.037672818,0.7212355,-0.68648064,0.060165808,2.1066623,0.087689385,0.20422764,0.4519766,-0.50171536
846,6,even,2.0819907,-0.85826594,0.29085422,1.0871747,-0.13426694,0.28291216,0.5561513,0.7402535,-0.2138117,-0.9632089,0.02707478,-0.6984279,-0.98445654,0.061741896,0.71214306,1.1501821
847,0,even,0.9679282,1.9536119,0.08490865,-0.37198058,0.5890668,0.020484801,-1.5445836,-0.20123765,-2.176861,-1.0574394,-0.09281011,-0.24546236,0.19728686,0.06846531,0.6243256,0.18135652
848,0,even,0.021909758,1.4227182,-0.20094068,0.382276,-0.92972326,-0.010303272,-0.83380437,0.52575094,-2.0970366,-0.15048058,-0.007415197,0.2805626,-0.23443104,-0.12628175,0.42471522,-0.9513133
849,2,even,-0.62160563,0.30175787,-0.11159827,-0.078570515,-1.1154834,-0.12829036,-1.9533231,0.88525206,0.827617,1.0028374,-1.3100883,-0.85691166,0.61045814,-0.43462026,0.006343901,2.6084101
850,7,odd,0.8286963,-1.085449,-0.038397044,-0.51373374,0.7934314,0.08661573,-0.91552943,-0.68835497,1.0524515,-1.0169156,-0.31804538,-0.6429889,0.6234918,0.8604409,0.5981747,0.057323378
851,9,odd,0.15869574,-1.7850887,-0.121754885,-1.4242069,-1.4606597,-0.09382476,-0.53382885,0.30173868,0.31592414,-0.06408862,0.47761768,1.3281884,0.4134924,-0.42579174,0.3282712,0.2581397
852,8,even,-0.07139115,-2.006269,-0.020292133,-0.3476333,-0.8842441,0.11818105,0.08868344,0.15681815,-1.0590261,-0.13600639,-0.24551192,0.43893075,-0.4169663,-0.16452335,0.4883535,0.93546784
853,7,odd,-0.40797156,-1.7909108,-0.046610817,-1.3331305,-0.06083473,-0.04087421,-1.1174212,0.10092598,-1.2140316,0.49478635,-0.21535331,-0.10663542,1.4438818,-0.9159503,1.1866336,1.0212133
854,6,even,1.5507293,0.42394626,-0.073602006,0.68404746,-0.22051871,-0.3710204,0.28347236,-0.055467963,0.074547954,1.2575341,1.1743536,-0.55204415,0.42356253,0.9446315,-0.96949196,0.1329448
855,8,even,-0.1432945,-1.5252,-0.078148216,0.34405544,0.67156035,-0.16450684,-0.64179087,0.22151119,-0.1997872,1.2010523,0.42151034,-0.9478669,-0.21204649,0.6736559,-0.09388944,-1.6679994
856,9,odd,-1.7790968,0.54666483,0.3413862,-1.2002901,0.72953546,0.8921716,-2.8609037,1.6566577,1.5279869,0.22771423,0.31276527,-0.6066716,-0.3532272,1.313843,-0.3006568,0.071986064
857,1,odd,1.3701833,-1.4508228,-0.07066421,0.7585037,-0.050526045,-0.16919427,0.21774751,-0.25906476,-1.3737885,0.78412944,-0.18948781,-0.018990189,0.65505457,-0.25384378,-0.15107319,1.4186124
858,2,even,-0.2896219,0.17058825,-0.10895653,-0.1793322,0.2689655,0.18515688,-0.2801752,1.4203124,-0.28086817,-1.817906,-0.8652235,-0.16009247,1.4864471,-0.5472127,-0.7176257,1.3382546
859,8,even,-1.1767683,-0.45462066,0.093583755,0.17609441,0.4995806,0.23688331,-0.18862715,1.0666878,-0.25335634,0.6348155,0.09318271,1.0702794,-0.03470769,0.33478844,-0.21821646,-0.86655277
860,2,even,0.15139893,1.3372666,0.2412256,0.21434864,1.5015181,0.544201,-0.037723765,-1.3967733,-0.56898195,-2.3019462,-1.3108227,-1.3117969,0.5626357,0.25936347,0.026382998,0.12746094
861,2,even,-0.70191854,0.51392496,0.2465301,-0.43243667,1.1743397,0.6779299,0.6632842,0.5021926,-0.09572862,-2.9284747,-1.1254592,-0.90277684,1.4787558,-1.1473477,-0.34568787,0.18698433
862,0,even,-0.03443764,1.776307,0.1787041,-0.05067516,0.14633347,0.033964228,-1.0318658,0.91488487,-2.105724,-1.1064271,0.20332044,0.60252696,0.26778373,0.837044,-0.12909064,-0.08462676
863,8,even,-0.43514383,0.60353464,-0.35817456,0.40311843,0.103180595,-1.0753763,0.06139235,2.4239728,0.34017047,0.10787754,2.0276632,-2.465933,-0.95270324,-0.6800435,-0.45884836,0.013854712
864,5,odd,-0.17204542,-1.3850001,-0.21775599,0.35230762,0.4236548,0.041652914,-0.26987815,0.4103582,-0.9160301,-0.67045575,-0.44090652,0.4305787,-0.9211103,0.7224387,-0.64524615,-1.5013423
865,6,even,-1.230712,0.7431649,0.093075946,0.81141365,-0.91516733,0.12540881,0.65225,-0.861195,0.65796316,-0.8638726,-0.8866166,1.1782299,-0.56295806,0.12752008,0.6774913,1.9103763
866,8,even,0.582746,-1.9866285,0.09712,-0.27690333,1.0831088,-0.1132247,-0.5310183,0.48471922,0.09416623,0.66485906,0.19089553,-2.0737689,0.8208919,0.24968219,-0.057752706,-1.1703763
867,7,odd,0.08924262,-0.4273828,0.06696985,-1.460591,0.19024059,0.4214431,-0.76334155,-0.04182595,0.45842874,-1.825585,-0.7838287,0.012862682,0.87297046,0.51220953,0.5696269,-0.34895515
868,8,even,-0.47384095,-0.80855393,-0.08081569,-1.1666874,-1.1391337,-0.2587126,0.44742852,-0.70723104,0.028581925,-1.1176033,1.2926574,-0.8486936,-0.13572437,-2.0631866,-0.25845185,-0.4976184
869,0,even,0.76250815,0.10470588,-0.36116618,-0.6558405,1.0839332,-0.7180202,-1.8897045,0.26567978,1.6126612,0.2870459,1.0338241,-2.309425,0.07770325,0.57974404,1.3962545,-0.8005167
870,1,odd,1.0298145,-1.2919731,-0.024937697,-0.8769081,-0.7539939,0.2525462,-0.23459801,-1.1756842,-0.8536581,-0.35401526,-0.072424635,0.69220674,-0.5270054,1.1512225,-0.2798996,0.55855995
871,0,even,0.4315253,0.8224239,0.3019274,-1.3938189,-0.19520617,0.13578548,-0.77288026,0.67877734,-1.1274602,0.43303984,0.23451573,0.48583555,0.6623453,1.2678018,-0.30310988,-0.2387155
872,2,even,0.9047487,-0.26738557,0.20639504,0.41989368,-0.098420806,0.38345143,-0.20804113,-0.72841185,0.4818185,0.6558526,-1.055084,1.6751173,0.49946588,0.6551073,-1.2303317,0.79162955
873,4,even,-0.11648522,0.091717534,-0.09140238,0.27133602,0.79114246,-0.37398827,-2.7573364,0.44810122,1.6116376,-1.0984535,1.0127585,1.0231886,-0.4383392,0.46100408,-0.96953005,-0.57878447
874,8,even,-0.8183613,-1.4717273,-0.3295977,-0.04003554,-1.2371852,-0.20563033,-0.33668986,1.0547912,-0.5304816,-0.36625904,-0.21471858,0.2161066,-0.14664312,0.20153798,-0.23843154,1.677435
875,6,even,0.11058754,1.3522137,-0.14275366,-0.1905609,-1.6852677,-0.9002518,0.30428803,1.0025659,-0.012073301,0.44072247,1.6829497,-1.7796199,0.025928453,-0.9776517,-0.12112471,-0.16031063
876,7,odd,0.31996626,-0.47776276,0.116397165,-0.47110972,-0.100419454,0.39732528,-1.2571969,-0.33988532,1.3934529,-1.336661,-1.0700407,-1.5517557,1.4675536,0.7081661,0.81073534,-0.37603787
877,1,odd,0.28548306,-1.228743,-0.12472208,-0.5606095,-0.4140036,0.029099561,0.041598137,-0.62329865,-0.48127955,-0.30993718,0.06812914,0.93638694,-1.1761627,1.1917813,-0.80411583,0.859107
878,3,odd,0.5502131,0.17891487,-0.5404662,-0.067568704,0.10607393,-0.80676067,0.057794094,2.7279088,-0.8902878,-0.71788037,0.28364548,0.6199721,1.4408386,0.07687175,-1.0021437,-0.51560134
879,9,odd,-1.4339149,0.8783453,0.51315814,-1.4403789,0.99530303,0.96373975,-1.4965036,1.1532004,1.1803774,-0.07290587,-0.23832309,0.1685027,-0.20789519,1.9356637,-0.3347826,0.07179864
880,8,even,1.0905148,-1.0335604,0.27238768,-0.2549088,0.98132193,0.40200558,-0.44257098,-0.44751155,-0.60897404,0.66589767,0.05725129,-0.82785964,0.4704187,-0.351178,-1.6184018,0.46383867
881,2,even,-0.4524572,-0.36267555,0.33932018,1.0542185,-0.08666251,-0.281627,0.31612968,1.0266111,-0.418191,2.5846553,1.2262876,-0.6946069,-0.93717027,-0.2301736,0.89563996,0.15658326
882,0,even,0.22085941,0.34220073,0.021716245,-0.27238405,-0.7269804,0.29568997,0.49135888,-0.051060945,-0.0644242,-0.6613212,-0.38877612,1.0788741,0.39152983,-0.39071083,-0.4119221,-2.465953
883,2,even,0.64943725,-0.108908206,0.27705288,-0.6949538,-0.7107431,0.5900737,-0.8400363,-0.099074855,-0.66077816,0.72934926,-0.4582699,0.34889677,-0.8249273,-1.3650413,-0.14572412,2.1971784
884,1,odd,1.3974537,-1.6329807,-0.043396436,0.407189,0.107753724,-0.1680683,0.09071402,-0.23696342,-1.3844919,0.78951883,-0.1961152,-0.33832347,0.9790394,-0.5651056,0.57651347,1.8032011
885,1,odd,0.95079225,-1.6500851,0.083923005,0.7244786,1.9541379,-0.18239357,-0.5928717,-0.43955594,-1.3736058,1.3518701,0.1805901,0.44146127,0.6934192,-0.44297278,0.0006724,0.71650314
886,8,even,-1.549167,-0.94196284,0.11157696,-0.68119955,-0.2943349,0.40693423,-1.6028843,-0.027230978,-0.62348795,-0.33209231,-0.2282812,0.34110564,0.9034798,0.3685984,-0.8453057,-0.046387672
887,9,odd,0.039292656,-0.6694813,0.020208072,-0.8486678,-0.4994107,-0.05800493,-0.13904119,0.98386806,0.9428916,0.9166216,0.726184,1.4019592,0.056396756,1.1582419,-1.1148692,0.77123153
888,7,odd,-0.9517843,-1.2781835,-0.28505296,-0.43565553,-0.33238247,-0.49392578,-1.6889377,0.17133835,0.16393378,-0.6886133,-0.19995934,-1.378176,0.3913396,-1.0565355,1.4201101,0.80191797
889,3,odd,0.89671177,-1.046692,-0.34557462,-0.57787853,-0.237055,-0.24295218,0.77751017,0.16509679,-1.1019845,-1.6232607,0.22347265,0.803686,-0.103890404,0.6737412,0.6694666,0.91682863
890,6,even,-0.16872086,0.71366966,-0.14265595,-0.7237081,-0.13368434,-0.07101968,-0.010860339,-1.8604119,1.6300466,-0.12463148,-0.039049495,-0.59099907,0.57208943,-0.062181756,0.53736746,-0.3560693
891,2,even,-1.9910345,-0.26159704,0.07245966,-0.35161033,1.3054565,-0.24382609,0.026506618,-0.45412022,-1.2159832,0.8691465,0.4242955,-0.24177682,0.76418114,-0.12364541,2.2561085,-0.17378703
892,3,odd,0.9974239,-1.0716325,-0.094657525,-0.6400383,-0.21031392,-0.043600075,0.06419362,1.3852124,0.15420204,0.07996627,0.30390865,1.002636,0.036925025,0.698734,-0.26267475,-0.2877185
893,6,even,1.007837,-0.7023475,-0.13235082,0.5923911,-0.3869351,-0.18061662,1.0324321,0.24151534,0.43741912,-0.16036685,0.26172167,-1.5209649,0.030782495,-0.2512095,0.17512195,2.3470252
894,4,even,0.407614,-0.92613226,0.13306615,-0.23275729,-0.2696919,0.017409895,-0.71536714,-0.11779745,0.9115422,0.24515311,-0.21241659,1.542875,0.8062629,-1.1049615,1.9922521,-0.13828382
895,3,odd,0.37083775,-0.38863242,-0.44580793,-0.2580941,1.9190671,-1.1202443,0.8876546,0.47982264,-0.7948792,-1.1475586,1.0970161,-0.82074666,-0.4708181,-0.2734617,0.4877106,-0.7603916
896,6,even,0.93350834,-1.3282728,-0.067059256,0.5961006,-0.47610587,-0.1605965,1.5942268,-0.16330422,0.29701558,-0.65856147,0.37127832,-0.7189728,0.009957709,0.61964756,-0.6290959,0.78380626
897,1,odd,0.82288134,-1.304641,-0.19372107,-1.0414313,-0.7116401,-0.010545569,-0.25078243,-0.79558885,-0.8109414,-0.69816476,0.17128691,0.532011,-0.7265665,1.1477873,0.090427205,1.0520458
898,3,odd,-0.23799278,-1.3187915,-0.16057874,-0.8913146,-0.18423113,-0.21469583,0.24753124,2.0295846,-1.3378193,-0.7254911,0.13158727,0.8463205,-0.080117226,0.51019603,-0.1847515,0.30265978
899,3,odd,-0.16965668,0.6248695,-0.5335055,-0.17004472,-1.244373,-0.77129024,0.57449627,1.5534852,-0.19702682,-2.2353852,-0.072862536,-0.5715733,1.3513826,0.022995979,0.21472366,0.7258888
900,0,even,0.88654065,0.13272509,-0.23374708,-0.48059028,-0.09444385,-0.33118144,0.10734999,1.1205807,0.5462519,-0.3837256,0.15659738,-0.8880875,0.5578483,-1.0584402,-0.6537326,-1.4619485
901,8,even,0.68243057,-2.1379468,-0.031076886,-0.15593073,0.5696743,-0.12899606,0.8670579,0.12342194,-0.48563638,0.29530156,-0.0021093246,-1.1138566,0.55385315,-0.03705728,0.54636204,0.69739735
902,9,odd,0.18783148,-0.2483767,0.27938735,-0.5106786,-0.244079,0.71521175,-0.36976326,-0.40364578,1.8776097,-0.40170327,-0.36533833,-0.24053627,0.07744611,0.9091954,0.5479296,-0.74193406
903,8,even,0.41823912,-1.7456166,0.19564644,0.15115878,0.2465769,0.28664815,-0.784655,-0.121435285,-0.06965873,1.4235083,-0.0902445,-1.0894417,0.9438349,-0.13898374,-0.34999624,-1.0829298
904,0,even,0.6981207,0.43725443,-0.08581863,0.7193996,-0.7431857,-0.19368269,0.07411656,-0.744748,0.54890263,0.19540371,0.0039621424,-1.0986271,-0.71487963,0.106051795,-0.32542622,-2.2247915
905,3,odd,-0.33624744,0.6110541,-0.24726115,-0.5744459,0.78342295,-0.81979525,-0.16779801,1.065687,-1.6241411,0.027198961,1.1708448,-1.0581478,1.7176276,-0.6805872,-0.06900078,-0.24880183
906,7,odd,0.36568457,-1.0004078,0.063782655,-1.3519814,0.30378783,0.3555855,-0.23071116,-0.37492037,-0.13574524,-0.16086408,-0.3653942,1.1462214,0.68067014,0.29130313,0.47998583,0.35502464
907,1,odd,1.4004713,-1.5152647,0.0065878704,0.91122633,0.23961866,-0.26856396,0.02678103,-0.12773417,-1.4834733,0.9613632,-0.040956497,0.43045264,0.6275869,-0.80608386,0.143138,1.576563
908,6,even,-1.0541753,1.3578944,-0.032544315,0.0901653,-0.4923424,-0.6193113,-1.3364513,-0.85177934,-1.3163853,1.125699,1.3990505,-0.7330612,0.35075116,-0.1957588,0.09691082,0.52286565
909,8,even,-0.8153407,-1.6246599,0.1610571,-0.10994457,0.1938635,0.17076375,-0.2461788,-1.1041002,-0.37838256,-0.84031475,-0.23466048,-0.21952963,0.6686005,1.0721935,0.09405412,-0.88753724
910,9,odd,1.3775562,-1.9952562,-0.07361609,0.5406428,1.6182518,-0.46441466,-0.6068456,0.11209142,-1.0077523,0.53896683,0.11278807,-0.67808723,1.2328783,0.59315294,0.000110417604,1.1898645
911,4,even,-0.81106615,-0.4331241,0.23463039,0.59676087,0.30630374,0.19000904,-0.08727266,0.68512005,1.5978749,-0.20270565,-0.6343064,1.8721383,0.2206387,-0.2717529,1.0593497,0.081151366
912,2,even,-0.8516267,-1.0515493,-0.2414717,-1.056321,-0.08516338,-0.34116173,0.7738002,0.7572647,-0.6562522,-0.6804212,0.1199039,-0.4296276,-0.19987895,-0.2139344,0.91861993,1.597651
913,9,odd,-0.19694819,-0.71395594,-0.082358345,-0.71239644,-0.7442815,-0.18126531,-0.4084944,0.697182,1.0525748,0.016532497,0.63599205,1.4949851,0.18785048,1.1793327,-0.4194891,0.49298602
914,3,odd,0.6808399,-0.96275723,-0.3555742,-0.054556504,0.07451729,-0.30562526,-0.30004558,2.3324637,-0.09647255,-0.62835985,-0.04584607,-0.09520227,1.085498,-0.29238397,0.06518839,-0.12876314
915,5,odd,0.7265793,-1.5235562,0.02276736,0.77230775,-1.0375446,0.25238013,-1.2134707,1.2409544,0.26169112,0.64292896,-0.057672102,0.12974407,-0.80185324,1.7256477,0.21146025,-0.9183625
916,6,even,0.11240087,0.8455464,0.16946676,1.3244921,0.45218626,-0.017183354,-1.5386405,-0.62129855,-1.425348,0.4464822,0.90753335,0.25771195,-0.64002764,-0.5075318,-0.48017907,1.3304602
917,7,odd,0.3657881,-1.3961838,0.105975404,-1.1823037,1.0541569,0.40893954,-1.7186239,-0.2570777,0.2072011,-0.41097468,-0.65938,0.53623945,0.53568196,0.6442265,1.9201148,-0.014720313
918,6,even,0.7778502,-0.7068934,0.13845539,0.03244079,-0.5529744,0.2453992,0.97246915,-0.8845808,1.248945,-0.03467083,-0.62656975,-0.7059089,-0.2661023,0.90841717,0.8360886,1.2053219
919,1,odd,1.3229511,-1.1394677,0.096483745,0.41823927,1.4565407,0.19990964,0.028589927,-0.3408761,-1.2877772,1.5734496,-0.25082582,0.56766796,-0.34538844,-0.59212875,-0.5185623,0.46878716
920,6,even,-1.0526189,0.93192136,0.08050663,0.28729302,-1.1721182,-0.08447333,-0.17905077,-0.9217729,0.12950593,-1.012647,-0.093373954,1.9657259,-0.11567385,-0.0023998618,0.2635734,1.7729826
921,4,even,1.4397197,-1.204651,0.0828558,0.7824274,0.5325819,-0.23086725,-0.042026192,-0.17740779,-0.082565755,0.6938068,0.12560964,0.8356979,0.3707525,-0.7184224,-0.5792345,0.86539954
922,8,even,0.34228534,-0.95065856,-0.3788948,-0.2515425,1.0039409,-0.6250413,1.533427,0.91532654,-0.5602727,-0.29033485,0.834801,-0.15915436,-1.2869852,-0.5238208,0.2809797,-0.7002316
923,6,even,0.5057504,1.0100468,-0.32560098,-0.7129172,-0.74826545,-0.33022246,0.9068003,-1.0464171,0.7273581,-0.18611217,0.28701502,-1.0081725,0.52023876,0.4002809,-0.36092365,-0.5723802
924,2,even,0.19635253,-0.25767702,-0.027625903,-0.2963008,1.128363,-0.25065726,1.1586778,0.48116493,-2.3868105,-0.8989166,0.90004754,0.103584275,0.65890354,0.7218725,0.58403444,1.2231858
925,8,even,0.8177634,-1.8760216,0.21412995,-0.17712456,-0.75138944,0.6276333,-0.43372822,2.010487,-0.607541,-0.3574717,-0.68994206,-0.5389696,-0.31581837,-0.022789687,0.25755572,0.5120135
926,1,odd,1.5885909,-1.5697092,-0.01196859,0.7814554,0.36684194,-0.15763184,0.37167606,0.07457125,-1.3835719,1.0654223,-0.16640592,0.056269795,0.9576549,-0.7935795,0.062680796,1.6550653
927,5,odd,0.6926484,-0.61935735,-0.3933676,0.43545184,0.19891053,-0.72431666,0.7143872,-0.27684397,-0.60550666,-0.35518333,0.4164354,0.20806998,-0.34371033,0.24575678,-0.4091547,-0.96102345
928,3,odd,0.44890714,-1.5768559,-0.22312863,-0.47835013,0.1324234,-0.17539792,0.27569646,1.628613,-0.53197575,-1.233184,-0.15595272,0.9509372,-0.030656967,0.33525828,-0.090360254,0.58512884
929,6,even,-0.38541794,1.7181773,-0.14716054,0.21763505,0.41200083,-0.5420836,-1.4684317,-1.3754487,-1.4264002,-0.014899118,0.9368247,0.028771996,-0.3973415,-0.80192727,0.12201746,1.0812556
930,1,odd,1.4871509,-1.2309312,0.10670342,0.52224874,0.55620635,0.06277087,0.56335425,-0.38172787,-1.4881995,1.1692669,-0.097452626,1.0391948,0.55165803,-0.6971479,-0.27674496,1.1245818
931,2,even,-1.1131189,0.85191756,0.022786962,-1.3478134,1.358949,0.056546923,0.35570627,1.847261,-0.25269017,0.8961935,0.837656,0.074412614,-0.24223228,-0.18849565,0.47510368,1.0415025
932,6,even,-0.6922259,0.35885784,0.086554974,-0.0750794,-1.0559982,-0.34559047,0.8110833,-0.68582743,0.9415741,-0.8775664,0.9155037,0.38186434,-0.19324228,-2.0286007,-0.15350673,0.45332372
933,2,even,0.028533213,1.2938144,0.14261983,0.8777241,1.703356,0.27899265,0.25760445,-1.1888392,-0.4053434,-0.46554458,-0.7361574,-0.58881795,-1.1773089,-0.12324913,-0.06386709,0.07076246
934,2,even,-0.5745043,-0.59147924,0.012339801,0.6896935,1.6376469,-0.51803726,0.6096303,0.019099623,-2.0862215,0.44089738,0.75379735,-0.5971974,-0.3516068,-0.14901023,0.11784656,-0.22055593
935,7,odd,-0.34154773,-1.0809727,0.0759199,-1.7161071,1.024818,0.6196671,-1.5718806,-0.29264686,0.16389093,-1.1712998,-0.7022132,0.080608875,0.91732705,0.7254369,1.1574302,0.1768207
936,2,even,-0.6450344,1.4045914,-0.048460186,0.7234218,2.1278536,-0.4438856,1.3612075,0.03221807,0.24257189,-0.3671801,0.5225023,0.012657255,-0.25097913,0.44883734,0.42572165,0.49837962
937,7,odd,0.79690295,-1.5363483,0.012246516,-0.34810898,-0.021336861,-0.30481455,-0.9668898,-0.22092235,-0.28031525,0.61983544,0.01686648,0.3438609,1.5095222,-0.44614667,0.388932,0.93636525
938,8,even,1.1272758,-0.7212256,-0.11944634,0.29795647,1.486862,0.008416664,-1.2242723,-0.4620224,-0.01540795,0.26528677,-0.016816163,-1.8865712,0.33398947,-1.3370069,-1.5268952,0.46166268
939,6,even,-1.543357,1.3490818,-0.18219917,-0.79460603,-1.0811076,-0.29504293,-0.28574893,-0.371157,1.6579291,0.0031708498,0.39366537,-0.23117578,0.14052841,-0.5524275,0.63368785,0.41349304
940,1,odd,1.6416289,-1.7737743,-0.012894481,0.90515935,0.09790622,-0.029001523,-0.20993891,0.052435935,-1.3350403,0.55248797,-0.46730435,-0.2670859,0.9945822,-0.5089764,-0.06285912,1.489777
941,9,odd,0.020725101,-1.7117355,0.100420564,-0.6625641,-1.05563,0.24076447,-0.89739996,0.67952996,2.1717105,0.12951809,0.018277522,0.03183952,0.680661,0.3961888,0.5531505,-0.44650602
942,7,odd,0.9962118,-0.9870014,-0.07240531,-1.1608015,-1.3105733,0.35274526,-0.7855684,-0.4228583,-0.38078386,-0.11133522,-0.2506003,1.7752696,0.017777376,0.7828509,0.6061545,0.5552751
943,1,odd,1.5840213,-1.1010047,-0.0042459406,-0.6685159,-0.7115502,0.2604204,-0.50257206,-0.7066561,-0.9907559,-0.06734743,-0.23769456,0.97319394,0.12659718,0.81523424,0.12923656,0.9504298
944,2,even,-1.2966822,0.62351066,0.03174492,-1.0958983,1.8152134,-0.14941098,0.116431184,1.9798081,-0.85216194,-0.71571517,0.15180218,-1.5760063,1.31142,-0.52756995,0.47771555,1.1795704
945,8,even,-1.4045731,-1.0468174,-0.08267076,0.39222378,0.7869579,0.11740023,-2.4452987,0.70022947,-0.0952491,-0.17358594,-0.11449689,-0.2098226,0.12406818,0.5447224,0.6211913,-0.399468
946,2,even,0.4962321,0.5161095,-0.19665162,0.7070727,0.4485594,-0.38624948,1.5202727,0.96596617,-2.5328588,-0.16385688,0.2529512,0.26667964,-0.04974703,-0.987005,0.38503838,0.7041035
947,1,odd,0.833411,-1.8279924,0.1451514,0.53015864,1.2857696,-0.23431514,-0.47125202,-0.6558876,-1.3356873,1.2383145,0.019169707,0.92291605,1.1348699,-0.7194571,0.5862504,1.1596134
948,4,even,0.69631666,-1.1686581,0.06835099,0.56296724,0.45698422,-0.02404887,-0.06105472,-0.38161695,1.9487467,0.530856,-0.31099322,1.1038973,-0.0009220913,-0.3713283,1.5430509,-0.25004062
949,8,even,-0.8146099,0.27517447,-0.065046,-0.121183045,-1.095652,-0.47266287,1.6564677,1.2015886,-0.2903302,-1.4426719,0.83765054,-0.13924238,0.32620597,-1.4749955,-0.27062914,-0.66281784
950,6,even,0.4197603,1.1573316,-0.1878585,1.5796728,-1.1496075,-0.7959478,0.48006386,0.7104927,0.11491164,1.4239353,1.2306764,-1.2888333,0.5660617,1.5764837,-0.3289088,0.14765528
951,6,even,-1.1203507,0.1686346,0.1600151,-0.5243251,-0.90806544,0.15987587,0.13966183,-0.8789275,0.41567105,-1.4470234,0.25950736,0.1022556,-0.30068997,-1.7515837,0.17239995,-0.32720593
952,7,odd,0.45581216,-0.97547907,0.1272127,-1.0143567,0.9830975,0.43102622,-0.8675011,-0.31177133,0.7032442,-1.4617983,-0.69987714,0.82740676,0.5151883,1.4999006,1.6385088,-0.44427425
953,5,odd,-0.6472514,0.71694845,-0.15681128,1.3671141,-0.34759793,-0.61903435,-0.21916884,1.1357131,-1.3081602,-0.392985,0.21476543,-0.49736774,0.6507345,1.2652092,-0.3105544,0.17785054
954,7,odd,-0.24895309,-1.076805,0.2906245,-0.5066038,1.2090831,0.61217344,-0.05104962,-0.47715014,-0.79440886,1.1762977,-0.38514367,0.43882844,1.288212,1.0689428,-0.3468606,-0.122722276
955,9,odd,-0.4205622,0.23918992,0.24583958,-0.47598365,0.10714241,0.53850144,-0.050674975,0.39497185,0.9020513,0.7946537,-0.90255773,1.2689699,0.19139978,1.5338824,-0.25061005,0.09142533
956,5,odd,1.2854494,-1.6071104,-0.15999241,-0.21226218,0.26076698,0.019453462,-1.6713176,-0.3997172,-0.013673767,-1.0173463,-0.29135698,-1.0303737,-0.43509728,-0.8049883,0.24473937,-0.37717006
957,0,even,-0.21047302,0.3032945,0.17138678,-0.49023473,-1.0036002,0.5853505,0.9933954,0.91919047,1.1129287,-2.0244567,-0.80304694,-0.8321618,0.620905,-0.3951317,0.31650198,-1.4153328
958,8,even,0.6407938,-1.6336167,-0.110121444,-0.7776365,0.0997042,-0.17232023,0.34083128,0.92296034,-0.8223317,-0.7894714,0.431642,-1.1662892,-0.39802197,-1.7245735,0.14721991,-1.0112147
959,4,even,-0.13084598,0.21037969,-0.023828067,-0.08681274,0.2620495,-0.38062823,0.0043617487,1.3661654,0.685149,0.037422057,0.6538811,2.174191,0.29961488,1.3695422,-0.022948667,0.2850719
960,0,even,-0.7298747,-0.45723638,0.4095648,-0.51638925,-1.0477341,0.6252684,0.43936798,0.9236224,-0.10923702,-0.8424416,-0.6867379,0.15543523,0.5937228,0.5033282,-1.1243193,-0.28645378
961,7,odd,-0.17988403,-0.97197855,-0.18471195,-1.4117869,1.0843672,0.18352093,-0.26471168,-0.5847599,-0.29702887,0.5778738,-0.811793,0.02906558,1.280244,0.9085762,0.024650633,1.5500305
962,3,odd,-0.84709173,-0.520437,-0.1732124,-0.56005,0.9329274,-0.32614383,-0.3752832,0.5178,-0.10897144,-0.587711,0.3057273,-1.0323418,0.790078,0.62969196,-0.06610209,-1.7421824
963,6,even,0.674598,-1.0910921,0.1138577,-0.601579,0.031366438,0.2786822,0.15575403,-0.72856736,1.2119588,-0.020842029,-0.38286635,-0.23073488,0.7459514,0.73389256,-0.83974814,1.513097
964,1,odd,1.2026123,-1.4588478,0.22811651,0.38998574,1.2984746,0.035330366,0.38237754,-0.08431788,-1.2665458,1.5273303,0.0023655128,0.51514506,1.2720872,-0.16838281,0.031110153,0.9525418
965,7,odd,-0.06848255,-0.7842362,-0.1390808,-1.4576017,-0.15711883,0.3247964,-1.1070306,0.54849637,-0.22077309,-0.65289545,-0.42063162,1.1860204,-0.16701934,1.2846348,0.39992458,1.3221645
966,1,odd,0.90382135,-0.08315819,-0.095504895,-0.57889014,-0.033789672,-0.18754199,0.46386254,-0.90123767,-0.8808505,0.8778329,0.21736714,-0.9239446,-0.09329005,0.51980925,1.2335473,1.3123693
967,7,odd,0.23924655,-1.6308584,-0.044358276,-0.4777044,0.46237037,-0.031810574,-1.8803105,-0.53189504,0.39003462,1.4246176,0.19074053,-0.15445042,0.44765654,0.04360705,1.1529856,-0.0365756
968,6,even,-0.23953964,1.3399056,-0.11139426,0.049714662,-1.2502582,-0.18762076,0.7401179,-0.79663146,0.6707003,0.9831536,0.028771713,-1.1555542,0.123210944,1.286992,0.5809574,0.51504487
969,2,even,0.48464143,-0.6856792,-0.15857434,0.49743247,0.87454355,-0.36092055,1.6879902,0.60247713,-1.9754914,-0.31804952,0.372381,0.70034754,0.029391337,-0.7000134,0.14734517,-0.5469824
970,3,odd,0.9439179,-1.3341453,-0.40625238,-0.6016795,0.87868637,-0.7734145,0.74143106,0.3980192,-0.6613243,-1.2037733,0.34681746,0.19204712,-0.13342743,-0.34475732,1.4561747,0.07829648
971,5,odd,-0.71592695,-0.8184769,-0.23524512,0.9044076,-0.43808895,-0.52654546,-0.83068717,1.0222275,0.21902302,-0.719009,0.0988071,0.18291505,0.4520888,0.41810465,0.1557972,-1.1237096
972,5,odd,-0.7666083,-1.001331,0.048332147,0.1698668,-0.7435908,0.7782973,-0.5053981,1.3045683,0.91713417,0.00854891,-0.74950457,-0.45961714,-0.5568751,-0.29100466,0.7393965,-1.4946862
973,7,odd,-0.96897227,-0.6753515,0.16270494,-2.1780696,0.32107562,0.7681636,-1.9392557,1.339623,0.14494306,-1.7462987,-0.31809458,0.011859804,0.6760128,1.3924623,1.0602691,0.6856311
974,7,odd,-0.15407966,-1.3492502,0.19650225,-0.40830216,1.3036888,0.33573624,-1.0888939,-0.32876754,-0.8283615,1.2986461,-0.17274794,0.40295473,0.8053959,-0.01556325,-0.076308124,0.43013823
975,4,even,1.2651546,-1.049352,-0.041790664,-1.0757449,-0.64215297,-0.12921649,-0.47737807,0.7671706,2.096101,0.3376638,-0.22208545,-0.14622694,0.9565427,-0.60211694,0.3099994,0.10822839
976,8,even,-0.6786901,-1.3290533,-0.1990905,0.9653636,-0.2601948,-0.62329215,1.8392882,0.9547077,-0.4081574,-0.58335495,0.60400796,0.4824828,-0.22123185,-0.4696473,-0.43571538,-0.00040131062
977,1,odd,1.2615108,-1.3412218,0.013183374,0.561627,0.15250717,-0.09760834,-0.119737715,-0.38565582,-1.4016715,0.9161347,-0.1362954,0.97870827,0.66025376,-0.31738025,-0.046816528,1.0261071
978,9,odd,0.66183585,-1.5918334,-0.012210481,-1.0887886,0.25764486,-0.32219428,-1.4146593,-0.030872613,0.84515697,-1.0715474,0.21117556,-0.07155329,0.22375934,0.5453041,1.9203396,0.052590728
979,7,odd,-0.13078211,-1.3759203,0.061804906,-1.5864036,-0.27768037,0.045315612,-0.83195037,0.20359552,-0.29721466,0.40942615,-4.939735e-06,0.28846663,1.7183576,-1.1442181,0.52931726,1.0250739
980,1,odd,0.5737345,-1.369681,-0.29188758,-1.0721298,-0.6156667,-0.15500093,-0.20888355,-0.645892,-0.8154348,-0.78982276,0.23362932,0.42939994,-0.6956782,1.2397898,0.12922959,1.1547072
981,8,even,-0.57595235,-0.41377386,-0.0028157309,0.42132843,-0.7724907,-0.07656982,-0.4654222,1.4440305,-0.8915864,0.3824007,-0.41910306,1.2153206,0.27094954,0.102519855,0.13221125,0.8410847
982,3,odd,0.25387952,0.33484146,-0.27424383,-0.95198494,-0.6220911,-0.15799028,0.6598721,0.5586631,-0.5352632,-1.0957,-0.33134794,0.01406306,0.6568991,0.6818875,-0.4889276,-0.3543839
983,6,even,-1.1697206,1.1671563,0.0504456,0.554198,-0.62489563,0.090509936,0.99043834,-0.97130084,0.7551254,-0.69470185,-0.51742786,1.4804097,-0.7917347,0.2919857,0.82728374,0.7066547
984,2,even,-0.22255208,0.935169,0.1174581,-0.20050046,1.9480214,-0.031575717,0.75655955,0.009695888,-1.1769968,0.05171106,1.0622307,-0.0001513362,0.014469872,0.57925016,0.2138371,1.6017258
985,0,even,-0.6650597,1.9751873,0.15757397,-0.639053,-1.3733771,0.37173334,0.31667873,1.0416236,0.3495217,-0.9476016,0.07961002,-0.87480605,0.047806565,-0.5542317,0.75728875,-1.1530737
986,5,odd,-0.29886115,-1.1093519,0.32686716,0.5547533,-0.5983068,0.9863325,-0.26379958,0.8984651,0.1894921,0.71616733,-0.90489936,-0.91006577,-0.9427865,0.4504072,0.5887228,-1.093483
987,4,even,-0.61916745,1.2748177,0.073405586,-0.13038851,1.0104052,0.17277372,-1.0867782,1.1336491,1.0458362,-0.65187776,-0.79812753,1.3299708,-0.16146208,0.7806918,1.0447704,0.5279801
988,0,even,0.5671899,-0.32052898,0.04801468,0.41681406,-0.21579733,0.11000742,1.5444117,-0.6690751,0.61546963,-1.0921187,-0.19940752,-0.6611824,-0.32265738,-0.06960486,-0.3245828,-1.6998589
989,2,even,-1.4048939,0.68735933,0.3057472,-0.3859613,1.9415323,0.6666645,0.1628448,-0.22903398,-0.19279256,-2.1175601,-1.1489462,-1.4813923,1.015945,-0.077045724,0.5517933,0.10615365
990,1,odd,1.105085,-1.4573722,-0.21522667,-0.5924965,-0.23357853,-0.35976523,-0.37766758,-1.0767514,-1.2135556,-0.0014684591,0.17204958,0.285141,0.6160452,0.16159269,1.155587,1.5687081
991,8,even,-0.30269665,-1.3411479,-0.22343154,0.06307834,-1.0635992,-0.40968555,0.19899644,0.54224,-0.35939822,-0.18188255,0.27666816,0.6624311,0.5265217,-0.3743735,-1.0316457,0.86672837
992,8,even,-0.2648406,-1.7719139,-0.1931614,0.00415344,0.37414914,-0.34820884,1.3004603,0.102181494,-0.99162984,-0.6543993,0.32962924,0.44455087,-0.4092287,0.08537729,0.1297306,0.45715106
993,9,odd,0.6926957,-1.3775027,-0.14057529,-1.257752,-0.47085083,-0.2845613,-1.0043104,0.048924774,0.058844797,-0.06534484,0.15101972,0.78523505,0.4776939,-0.37776864,1.7191722,0.26765892
994,9,odd,0.27748507,-0.3695423,-0.023172364,-0.7480285,0.14348257,0.10570668,-0.2752422,0.92472774,0.3784856,0.64904594,0.38896152,1.486479,-0.62946093,0.15773568,0.1612014,0.092979506
995,6,even,-1.041396,-0.35114065,0.13463376,0.1433542,-1.4054788,-0.33056733,0.5818982,-1.0227711,-0.0029047206,-0.21024081,0.93657184,0.32357943,0.5266702,-0.73675317,-1.3693749,1.2660973
996,2,even,-0.04556997,-0.39768118,-0.0568787,0.040685855,1.4257165,0.079811126,0.28832573,-1.0537335,-0.9110093,0.19588554,-0.31681296,0.33301905,0.196748,0.5411982,-1.3947668,-1.4003913
997,2,even,-0.76461166,-0.57226205,0.14691918,-0.50181735,2.1185443,0.18010812,1.1182907,-0.71917963,0.37422106,-0.19607596,0.1973435,-0.4281662,0.43125504,-0.20546813,0.5601168,-0.40526837
998,7,odd,-0.18297245,-1.4568019,0.09365128,-0.63057184,0.4564704,0.055692676,-0.6795178,-1.0007341,-0.26078075,0.97782737,-0.0671852,0.5413784,1.1281115,0.66249025,1.539315,-0.23318994
999,1,odd,0.96441865,-1.1839163,-0.06479288,-0.3286731,-0.3323853,-0.031089222,-0.30324256,-1.2650087,-1.2843802,0.21603167,0.008730272,0.31226432,0.16989721,0.35990536,0.19349308,1.1400148
1000,7,odd,0.30040276,-1.1029279,-0.2226324,-1.6423782,-0.27569994,0.009874187,-0.99768466,-0.6097271,-0.40924364,-0.54043734,-0.5775636,0.55315775,0.2985993,0.070023134,0.952892,0.7475659
1001,4,even,-0.13884695,-0.41514626,-0.21908067,0.119378015,0.13855055,-0.32161203,-1.9980676,-1.3696404,1.9145048,0.38251844,1.0550787,-0.41018784,-0.6830364,-0.47415584,-1.0830622,0.27354792
1002,3,odd,0.0712246,-1.007307,-0.16055563,-0.7527199,0.7737211,-0.01579535,0.27719593,1.6475875,-1.0234022,-1.2095709,-0.27571228,1.0237846,0.58891755,0.74324715,-1.1432639,0.030708602
1003,1,odd,1.4961398,-1.9930953,0.00071281195,0.4701746,-0.18421346,-0.08666085,-0.2894577,-0.119691566,-1.4322808,0.423776,-0.33872914,0.058604687,0.8876972,-0.53412354,0.5013839,1.5642673
1004,0,even,1.6901759,1.4149934,0.0009970888,0.5922118,-0.40682328,-0.13388807,-0.9990458,-0.6481379,-0.3950722,0.68353015,0.4144198,-1.7601476,-0.33987674,1.3465246,0.39488935,-0.3910393
1005,5,odd,1.5859005,-0.8976683,-0.01810079,0.41687614,0.8563428,0.19324507,-0.23406509,-0.9025058,-0.77541924,0.031042654,-0.12011878,-1.0915831,-0.44041926,0.8226191,0.7938265,0.60344815
1006,5,odd,1.0333861,-0.4370906,-0.38583153,0.6948108,-0.23245224,-0.58540297,-1.142266,0.66855454,0.30841202,-1.2630225,0.6097546,0.25745726,-0.3021847,0.2085152,-0.19628122,-0.102254696
1007,8,even,0.84017175,-1.673959,0.04832321,0.71418744,1.2190927,-0.24956828,0.071464315,-0.7256371,-0.5427435,1.3744637,0.3769284,-1.4598103,-0.34863335,0.28058466,-0.87893933,-0.123771094
1008,9,odd,-0.1421056,-0.8252141,-0.13398583,-0.66375464,-1.2937802,-0.06384004,-0.23330516,1.2455022,0.06933292,0.62625,0.1475473,1.1947751,0.09245594,0.062983714,-0.707058,0.14283253
1009,0,even,1.311241,0.08404515,0.0010268912,-0.019026525,0.40677446,-0.20190111,0.7985612,0.146534,1.391064,-0.7958633,0.26927653,-1.2812297,0.6487801,0.5640167,0.47786653,-1.4191312
1010,6,even,-2.1406446,2.0215807,-0.12011273,0.9210772,0.17918928,-0.52490896,-0.36878344,-0.57877004,0.07521767,0.42685995,-0.2534639,-0.71602225,0.30881578,1.3627684,1.9026544,-0.040048428
1011,9,odd,-0.18059556,-0.8494263,0.041056395,-1.195558,-0.37670922,0.30010712,0.10858222,-0.053007126,1.1009616,-0.03383647,0.014407039,1.3689804,0.47080785,0.7399477,0.84263414,-0.333803
1012,7,odd,0.6086741,-1.1935608,0.039589044,-1.5578837,-0.9600109,0.634606,-1.5203013,0.44169033,-0.27362004,-0.5168058,-0.45040515,1.1283889,-0.10039713,1.2528065,0.57802665,1.2026974
1013,0,even,1.9883883,0.1227599,-0.18095188,0.5261649,0.59670854,-0.31385306,-0.60060513,-0.40936422,1.1546203,-0.2961215,0.2949853,-1.8729413,-0.59664637,0.9480067,-0.33274227,-0.89060223
1014,4,even,0.23630613,-1.1800264,0.06928688,-0.54951364,-0.28599703,0.1296771,-0.52034503,-0.14028294,0.48993433,-0.093616046,-0.29177266,1.9811959,0.9117118,-0.7671954,0.7047487,0.5159248
1015,3,odd,1.0956677,-0.8285305,-0.48746896,-0.27895713,1.6047356,-1.0923424,1.0457723,0.10305077,-0.8769696,-0.9662183,0.84292084,-0.09245235,-0.53541464,-0.16762511,0.968208,-0.41127405
1016,2,even,1.1193215,-0.07342609,-0.021599002,-0.41903645,-0.09368654,0.21463701,0.20408362,-0.5000279,0.18407655,1.1208491,-0.2940319,1.1602955,-0.019468905,0.7135164,-1.274854,0.4823867
1017,3,odd,-0.430977,-0.59441864,-0.19851272,-0.97522944,0.62922186,-0.16790122,-0.240843,2.010703,-0.66842794,-1.4990182,0.020142782,-0.46648896,0.13941377,0.22800288,0.66314405,-0.2920799
1018,4,even,1.0540252,-1.4115835,-0.04441542,-0.30256525,-0.5352204,-0.3713795,-0.08923362,-0.2727737,1.6258389,-0.21790692,0.031044196,1.2607996,1.1283311,-1.248464,1.1442894,-0.14118955
1019,9,odd,0.21560839,-1.4431255,0.23469517,-0.3040716,-0.35430798,0.57190937,-0.16507187,-0.13952954,1.6657022,0.19721311,-0.39948335,0.5581962,0.3205718,1.3076758,0.33635545,-0.64782184
1020,3,odd,0.18969056,0.13205636,-0.4461882,0.7076437,0.64286315,-1.063234,1.1923406,1.381243,-0.8089614,-1.0844315,1.0369899,0.6404146,-0.2961794,0.019547105,-0.6756245,-0.500368
1021,1,odd,0.2851066,-1.3655671,-0.30204237,-1.2641422,-0.44051588,-0.19189876,-0.33743566,-0.6160389,-0.4413242,-0.77164507,0.13341853,0.62181044,-0.9698366,0.9317184,0.25365978,1.4641459
1022,5,odd,-0.21225752,-0.2897166,-0.09010753,0.68965715,-0.46131182,-0.42287186,-0.12810938,0.36648226,0.2599248,0.42810038,0.8116929,-1.1691097,-0.6748802,0.5737269,0.37402397,0.13463852
1023,1,odd,0.6780042,-1.2393782,-0.2048315,-1.0206505,-0.6508113,0.018108878,-0.29789415,-0.57340604,-0.8463656,-0.35551432,0.2099509,0.43575686,-0.80564576,1.1894257,-0.13336173,1.2979447
1024,7,odd,0.22010142,-0.07127248,-0.017484866,-0.6145972,0.08574611,-0.13954036,-1.1897044,-0.32983512,0.6442441,-1.3736454,0.16149375,0.7734569,-0.47822857,0.7985928,0.31670165,-0.7371304
1025,9,odd,1.1108344,-1.9662769,0.18388578,-0.18228911,-0.019452102,0.47064298,-0.7808327,-0.31368977,0.8977351,-0.27461627,-0.4021856,0.5990814,0.41302386,0.42825872,-0.0014314353,-0.31283543
1026,4,even,-0.5892303,-0.92054147,0.13074753,0.09543077,0.84572595,0.21280035,-1.0229559,-0.7830099,0.90761006,-0.563502,-0.5148976,1.4279573,0.25421914,-0.057390705,1.0825287,-0.685083
1027,3,odd,-0.23364909,0.04490178,-0.11057943,-0.5860006,-0.37827885,-0.3754344,-0.72022325,2.6139379,-1.5495791,-0.4276668,-0.110575065,0.4590333,2.2602527,0.3815291,-1.7238418,-0.19780016
1028,6,even,-1.8306932,1.4878656,-0.26552838,-0.025394073,-1.2066126,-0.4765043,-0.056261882,-0.5785347,0.15303022,0.41314614,0.74951357,-1.0842501,0.4881354,-1.1334236,0.001300633,0.24446109
1029,9,odd,-1.8058236,0.42692238,0.24381037,-1.1480608,0.09592346,0.3629096,-0.4810931,1.381372,1.21634,0.9335725,-0.37242255,0.7607867,0.58306473,1.1249168,0.31911862,0.47590023
1030,0,even,0.3044151,-0.7692461,-0.01784937,-0.70415854,0.48426232,0.1907053,1.2782984,-0.6997827,1.4154634,-1.4300637,0.06304776,-1.1728215,0.20588416,0.20680043,1.0132148,-0.9733267
1031,3,odd,0.63961273,-1.2544883,-0.3146103,-0.28614083,0.7480172,-0.45760483,0.37135035,1.1876564,-0.69163764,-1.2347666,0.08656952,0.41702586,0.14229868,-0.24961413,0.35483772,-0.26007771
1032,7,odd,-0.36300212,-0.7053723,0.12841584,-1.555275,0.34682408,0.5281923,-1.7265182,0.41330123,0.95428455,-1.843728,-0.7804764,-0.7516773,1.0462202,0.8558504,1.5979156,-0.6979835
1033,9,odd,0.26043892,-1.9659668,0.025341509,-0.6457971,-0.2947182,-0.023324387,-0.30002356,-0.83676404,0.91436493,-0.19354483,0.25276652,0.64334357,1.0014518,0.73529327,0.20200212,-0.686843
1034,5,odd,-0.12223667,-0.27634054,-0.22415347,0.5169404,-0.3481271,-0.23590335,1.0637326,-0.27259412,-0.6018153,-0.6084633,-0.29704633,1.9037726,-0.0700225,0.57282704,-1.1584587,-0.3252213
1035,3,odd,0.485905,-0.3097006,-0.64397365,-0.43415633,1.7814715,-1.3093733,1.0458529,1.4019208,-1.0420187,-1.4223614,0.7496911,-0.6066714,0.22314261,-0.77073807,0.47472024,-0.41816783
1036,3,odd,0.10324199,-1.4650071,-0.26113844,-0.8230933,0.5248264,-0.12248805,0.51276743,1.496629,-0.9743266,-1.2490041,-0.15857899,1.2210398,0.34793225,0.3031035,0.1440566,0.019050812
1037,5,odd,0.50910354,-0.7268587,0.44875032,-0.28962198,-0.5532885,0.50749755,-0.32380643,-0.50766903,0.44132936,-0.07578752,-0.4406493,0.8097427,0.5790319,0.46750712,0.16440241,-0.5895421
1038,1,odd,1.1964326,-1.5264682,0.011150863,0.9530737,1.1174195,-0.26006314,-0.28893957,-0.59899664,-1.5502554,1.2286052,-0.03198571,0.5493628,0.65369344,-0.73294634,0.5885966,1.2845407
1039,9,odd,0.88704836,-1.124744,-0.050480418,-0.55298394,-0.18641326,-0.03615025,-0.2326603,-0.2520259,1.4497468,0.17331897,0.5346897,0.81258404,0.026178915,0.9822227,0.15472142,-0.7495045
1040,5,odd,0.26895216,-2.1208005,0.06170292,0.20736769,-1.0753517,0.17811821,-0.26307258,0.55836815,-0.20565267,0.21356685,-0.07576083,0.09720945,-0.27186581,1.5496433,0.071110934,-0.9764911
1041,1,odd,1.3932028,-1.5208135,-0.09279157,0.45364192,-0.053232186,-0.17039764,0.011716031,-0.49974403,-1.3874933,0.8878619,-0.11139203,0.18108289,0.6556661,-0.12612338,0.018651053,1.6735306
1042,4,even,-0.94393426,0.6435455,-0.14445518,0.21382923,0.96687996,-0.26359972,-0.73841786,0.52560043,0.57524425,0.033617653,0.4717032,1.8075918,-0.28106534,0.08847267,-0.8673683,-0.36806214
1043,3,odd,0.4617504,-0.47111258,-0.5642419,-0.2543884,0.528737,-1.0702751,-0.23884085,2.130866,-0.07441891,-0.6787481,0.60734946,-1.8868408,0.84042567,-0.042254567,0.2535807,-0.6088996
1044,1,odd,0.99974835,-1.8206657,-0.21130766,-0.43455943,0.0064834952,-0.42961794,-0.36189407,-0.68943906,-1.2457731,0.22782087,0.1304937,-0.06454253,0.86785084,-0.101763666,1.1209148,1.8567337
1045,5,odd,-1.155902,0.32271442,-0.26848388,1.7333289,-0.6512736,-0.559747,0.59537727,0.42404813,-1.230721,0.014785303,0.13123819,0.5122576,-0.43565574,0.8931528,-0.2017689,-0.4644507
1046,8,even,-1.4945818,-0.59003603,-0.21729161,-0.3906017,-0.23072016,-0.22195926,-1.1067488,-0.4722837,0.47979164,-0.20604232,0.5345931,-0.4173494,-0.20909232,-1.1656879,0.106551155,-1.2286768
1047,4,even,-1.5463154,-0.5914562,-0.0841821,-0.30694976,-0.011017777,0.08988756,-0.67843974,-0.16041754,2.0641887,-0.46784472,0.23168218,1.3645571,-0.59344715,0.04983122,-0.06381729,-1.042403
1048,6,even,-1.2150878,0.67034376,-0.08068113,-0.02449163,-1.6070347,-0.4853175,0.66151065,-0.25781912,0.8784008,-0.85217595,0.9018147,-0.30023795,-0.018091597,-1.8626758,-0.991709,1.5079774
1049,5,odd,0.8415906,-1.1247134,-0.16482656,0.8882716,-0.37463522,0.112537,-0.17193043,1.6146872,0.08835285,0.6240236,-0.042999685,-0.6939945,-0.9140676,1.8643157,-1.1423776,-0.8342589
1050,0,even,1.355296,0.7701076,0.07716939,-0.29960492,-0.4951502,-0.00374127,-1.0780904,-0.10333295,-0.68211764,0.5092719,-0.050543696,-0.028954953,0.5729451,1.6981103,-0.040927134,-1.0103205
1051,5,odd,-1.150135,-0.32368457,-0.25672114,0.887948,-0.85755384,-0.7957371,0.27534208,1.4069798,0.2715766,-1.2352209,0.3645953,-0.8109093,0.6776052,-0.16739826,-0.11713438,-0.3059453
1052,3,odd,0.42358524,-0.4597778,-0.16938998,-0.55837864,-0.29407892,-0.33801547,0.24664573,1.2123647,-0.47928834,-2.2797172,-0.012445359,0.1686865,1.3689955,-0.25432754,-1.1176679,0.25497898
1053,7,odd,0.09821917,0.42142317,0.28862816,-0.23736455,-0.13711238,0.16189441,-0.2386545,1.1781032,0.33877438,0.012070299,0.17100033,0.91829735,-0.38948584,1.9983281,-0.74337757,0.6771126
1054,1,odd,1.1348376,-1.7967435,-0.15419975,-1.0768282,-0.96319246,0.010312881,-0.67769146,-0.82489854,-1.179463,-0.2586199,-0.13497496,0.24229491,0.07509648,0.50261134,0.7788267,1.3409072
1055,6,even,1.6205407,-0.62203115,0.12130981,0.955411,-0.7199057,0.3634806,0.9308402,0.58292466,0.22378537,-0.13607413,-0.2863126,-0.2971859,-0.8410566,0.98109597,1.0015038,0.78196615
1056,8,even,-0.5714751,-0.6959729,-0.036871754,-0.044507563,-0.9111868,0.078418896,-0.16861969,1.2630413,-0.72781825,-0.46989283,-0.6375853,1.2985194,-0.39114803,-0.034199193,-0.08584303,1.3836594
1057,2,even,0.76167434,0.35244957,-0.28464264,-0.47857767,0.14579359,-0.39108694,0.33611566,-0.45186234,0.04516121,0.4268639,0.2560322,0.6512903,0.633808,0.14846145,0.5385932,1.0100166
1058,7,odd,0.27204284,-0.8801041,-0.06656908,-1.8713847,0.13049847,0.38075778,-0.7452906,0.15046883,0.23580793,-1.1034274,-0.49743316,0.9189542,0.45101628,1.1219751,1.2093093,0.10048104
1059,0,even,-1.1212721,2.071469,-0.17150635,-0.866358,-1.1281691,-1.065044,-1.0611465,2.2517054,0.41607255,0.11263617,1.016079,-1.525259,0.5050381,-0.2207772,0.6817153,0.85843897
1060,8,even,-1.3278018,-1.6443685,-0.2246231,0.44044423,0.23735625,-0.55167776,0.801974,0.6545195,-0.19927847,-0.18963361,0.5335371,-1.1622381,-1.035849,-1.078842,0.83093053,-0.5833545
1061,9,odd,1.0896878,-1.5099505,-0.11800924,-1.2275963,-0.7599915,-0.0071991105,-0.49803734,-0.5707793,-0.4269574,-0.055947527,-0.15564308,0.70881116,0.38520956,0.23684251,0.54206556,0.40151668
1062,2,even,0.045035705,-0.20325455,-0.17235789,-1.2428708,0.48823658,0.22992069,0.58080435,0.40312642,-0.5064428,-0.57561105,-1.2330385,0.016240388,1.0371422,-0.7012311,0.49730426,0.6133417
1063,3,odd,-0.56998223,0.15942517,-0.42338514,0.24422821,0.96453255,-0.9235436,-0.14936723,1.273232,-0.966291,0.046056375,1.0893357,-0.8883444,0.7468047,-0.13649486,-0.9791268,-1.4526839
1064,5,odd,-0.67687047,0.6709585,-0.118276924,1.7057923,-0.20705217,-0.8672751,-0.15922108,0.99191254,-1.3414942,0.36662978,0.56344914,-0.089279026,0.19187756,1.5036407,-0.6686022,-0.6257738
1065,8,even,-1.0693141,-1.7568768,-0.053903878,0.3512147,0.20266433,-0.05501984,-0.03898014,0.5223789,-0.34377638,-0.21362121,0.14819032,-0.46802646,0.048034027,-0.60485446,0.17023717,-1.6636682
1066,3,odd,0.82028544,0.35266006,-0.462372,-0.29536238,0.120172046,-0.9456773,1.0304365,1.4432704,-0.18901405,-1.467762,0.51361144,0.46843833,0.96681124,-0.7992105,0.3924122,-0.0136196315
1067,2,even,0.41618842,0.27743918,0.030242957,-1.5425556,0.3451266,-0.07636657,-0.023481146,-0.47810286,0.9513744,0.04156678,0.6831257,-0.113562286,0.61442995,-0.57434154,-0.34549633,0.16417453
1068,1,odd,1.0146117,-1.3174144,-0.032710753,0.39568472,-0.0245943,-0.12000199,0.21754606,-0.7427516,-1.4803106,0.7655741,-0.1503894,0.49632734,0.59667623,-0.026830971,-0.028909147,1.1564294
1069,2,even,0.32632333,0.13072923,-0.029724248,-1.1665128,0.5334918,0.30164218,-0.021794997,0.40021783,1.2112057,1.2410872,-0.64090997,0.50272,0.7375501,-0.8302312,-0.46971947,1.551255
1070,1,odd,1.3644794,-1.6495823,0.09262946,0.28425238,0.7638598,-0.14413306,0.5322722,0.35454023,-0.81840897,0.54126793,-0.113150805,-0.67400944,1.3051221,-1.5032408,0.45102692,1.7411865
1071,5,odd,0.5776723,-0.33836785,-0.1267095,-0.10761472,-0.16398036,-0.58911496,0.34623614,0.048796624,0.09699372,-0.36472225,0.16633198,-0.7033671,0.21125802,0.64200914,0.32862717,-1.2385199
1072,9,odd,-0.019128323,1.5728666,0.20311524,-0.31894812,-0.6901708,-0.43308282,-1.0741696,3.0613995,1.1902127,1.1848731,1.2088792,0.14343232,-0.37868735,1.0379968,-1.8900292,0.8722808
1073,9,odd,0.18078777,-1.0909916,-0.15112439,-0.925408,-0.69896287,-0.15478574,-1.2948608,1.1540744,0.5607815,-0.50409037,0.56424,1.517196,-0.30493844,-0.043690592,0.78913254,0.43204886
1074,6,even,-1.0803525,0.96509933,0.12797764,-0.13994458,-1.3238258,0.12554757,-0.049705267,-1.2158552,0.94945264,-1.3230677,-0.44420645,1.1122715,0.09746589,-0.018370003,0.27009284,1.2326272
1075,3,odd,-1.1432844,-0.9713596,-0.13643536,-0.9083383,1.3021121,-0.4914494,0.7431494,0.3636552,-0.72574514,-0.45809788,0.7822572,-1.5245677,0.33073464,0.089198984,1.5183467,-1.0678515
1076,7,odd,-0.89616984,-0.33215773,0.19085917,-0.8287256,1.052046,0.61556745,-0.60812217,-0.9886334,-0.12852088,-0.3329602,-0.5434418,0.12826592,1.2929889,1.0112342,-0.0030456036,-0.38441145
1077,5,odd,0.16008417,-1.5574794,-0.023524262,0.4213179,-0.6894561,0.25565186,-0.71772915,0.15556976,-0.15071243,0.5736298,-0.24876833,0.44075546,-0.5398925,0.88229764,0.3023311,-1.5618442
1078,2,even,0.5433944,-0.2717333,-0.10169724,-1.2496773,-0.0200435,-0.10677245,-0.43865168,-0.64663213,-0.06996308,0.6923513,0.4709404,0.34039798,1.0378793,-0.68882924,-0.22261643,0.6153676
1079,5,odd,1.0646125,-1.0298306,-0.19962038,-0.7720033,0.1862717,0.08531892,-0.5000455,-0.53204036,0.08357412,-0.36208767,-0.038951337,-0.15937138,-0.48911867,0.5142447,0.5677875,-0.039673366
1080,6,even,-0.041060165,0.37416297,-0.056236327,0.32454744,-1.2366434,0.08984661,0.78581125,0.10499966,1.554151,-0.276882,-0.7251936,-1.9572933,0.48417416,0.08473021,0.7813544,0.7378407
1081,5,odd,1.4527775,-0.69604504,0.17406152,0.6101239,1.1053319,0.3608777,-0.5480295,-0.21338332,-0.5078036,0.2577004,0.11423368,0.05099964,-0.9625062,-1.2833338,-1.5169617,0.45580178
1082,5,odd,0.5395906,-0.37192369,0.09211616,0.36177883,-0.11559286,0.22671956,-1.2120507,-0.22535482,1.5066218,-0.009964017,0.39162347,-0.42055517,-0.8551233,-0.29487085,0.25938046,0.31196088
1083,3,odd,0.45783806,-0.17504105,-0.4746176,-0.06059522,0.70638347,-0.69432753,1.0173452,2.0662384,-1.253628,-1.3011178,-0.2631653,0.66931343,1.3106549,0.049162254,-1.007993,0.18203118
1084,6,even,-1.4716388,1.1824243,-0.16062932,0.6554657,-1.0487108,-0.2410867,0.052114494,-0.99784327,-0.698288,-0.4443511,-0.11489816,1.4592268,0.32975358,-0.02982746,0.22888874,0.8044804
1085,5,odd,1.1905518,-0.90353125,0.15055105,0.64307475,-0.54866785,0.44608504,-1.4017928,-0.51358044,0.41337514,0.636243,-0.024461843,0.08954349,-0.3773999,0.679005,0.9775087,-0.3264635
1086,0,even,0.62329894,1.481645,-0.16777152,-0.12332309,-1.369693,-0.3960155,-0.46851093,1.2521551,-0.8931708,0.43685672,0.93013257,-0.805217,0.49107668,-0.15455367,0.6260157,-1.3031695
1087,1,odd,0.8059246,-1.2186041,-0.05547011,-0.5889991,-0.546111,0.09396219,-0.09585224,-1.0463498,-0.8434945,-0.5511479,0.09655233,0.68189806,-0.8033711,1.1535248,-0.25051555,0.7139972
1088,3,odd,0.40881443,-0.5674096,-0.18709168,-0.6719825,1.8144469,-0.71983016,1.0145662,-0.9515573,-0.8638913,-0.76277477,0.88471025,0.019228637,-0.21901919,-0.08920817,2.0538285,-0.09455136
1089,4,even,-0.47998393,-0.3511583,-0.1488675,0.17372161,0.6335199,-0.25923872,-0.59689754,-0.6876432,2.4798431,0.22271931,0.0008490104,0.17260249,-0.46974698,-0.6925647,1.6150001,-0.79116523
1090,9,odd,-0.9554582,-0.104916565,0.053100217,-0.8899333,0.3583946,0.29115447,-1.0983012,0.3228615,1.515088,0.2602125,0.27967814,0.28189015,0.25439692,1.4564917,-0.3439716,-1.1306801
1091,4,even,-0.5128897,-0.465661,-0.15181454,0.50167555,-0.103785165,-0.14684668,-1.9098182,-0.9094409,1.3370948,-1.3767076,-0.016005656,0.7811785,-0.7819399,0.2732807,-0.41059756,-1.4637105
1092,4,even,0.5784632,-0.9256923,-0.11879131,0.28515837,1.0948149,-0.015755977,-0.18254137,-1.3008212,1.7822883,0.7671454,-0.23779884,0.69644094,-0.66259456,-0.026225135,0.49934894,-0.43482485
1093,9,odd,-1.0662135,0.21738201,-0.18670756,-1.2012233,0.19097868,-0.12698883,-1.6521873,1.0011454,0.81090295,0.14260745,0.42231354,0.0051570237,-0.4744663,0.81993824,0.8532819,0.67555594
1094,2,even,0.5789075,0.17381531,-0.1927947,0.105312705,1.3308369,-0.79089123,1.1908262,0.72651356,-1.420849,-0.4156789,1.1915121,0.4152728,-0.578452,-0.016562134,-0.35828316,-0.6608396
1095,3,odd,-0.05847077,0.99666953,-0.3184374,-0.47679108,0.46540397,-1.1571559,-0.53202,1.222717,-1.7319082,0.17098515,1.7718244,0.047705412,1.5954425,-0.1476279,-0.16455548,-0.29711458
1096,9,odd,0.47308695,-1.9073619,0.10561097,-0.80109084,-0.16236621,-0.08531968,-0.288765,-0.19116627,1.182797,-0.19471736,0.37578303,0.07197809,1.654271,0.02498199,0.1960556,-0.2593129
1097,1,odd,1.4213362,-1.5703301,0.011608571,0.99327755,0.41619447,-0.27325234,0.112987034,-0.10330184,-1.4901376,0.91668993,-0.10975909,0.1773619,0.81046724,-1.0058658,0.42516965,1.547794
1098,7,odd,-0.16457324,-0.6628223,-0.052709095,-1.2985382,0.509795,0.12787665,-1.8888564,0.02382958,0.8711472,-1.3025581,-0.29535452,-0.49265325,1.0534122,0.69274145,1.5522133,-0.068685636
1099,7,odd,-0.10899307,-0.758883,0.21587363,-1.7140126,0.62055373,0.74950415,-0.99972194,0.530521,0.04945395,-0.36475942,-1.5097471,0.22743805,1.6216006,-0.7191846,0.70352495,0.8879023
1100,0,even,0.5652615,1.631045,0.083664045,-0.2805467,-1.2626693,0.5465375,-1.7116933,0.19626826,-0.9661107,-1.0640094,-0.839325,-0.43982857,-0.04982486,-1.7826445,1.5692397,0.15652399
1101,1,odd,1.5434011,-1.7382445,0.04070766,0.6686279,0.9485589,-0.16820617,0.27727634,0.35894006,-1.1838849,0.98125994,-0.107813776,-0.35809177,1.1684748,-0.85538274,0.09316577,1.5728282
1102,4,even,0.5866704,0.72678906,0.27640954,-0.011573104,1.0806867,0.3984318,-0.16673827,0.4715662,0.40844822,0.025586732,-0.5658538,1.461912,0.8408796,1.1657732,-0.7661394,0.9669161
1103,6,even,0.86309683,1.3568083,0.11072004,-0.61021644,-0.8786431,-0.32850248,-0.4633004,-0.010261923,0.7395952,0.19579493,1.1175382,-1.3284296,-1.0804666,-1.2117035,0.30883402,1.054616
1104,4,even,-0.6594785,-1.2803742,0.03841268,0.43858194,0.13300426,0.00583132,-0.29175282,0.39263332,1.7309695,0.0987812,0.119285814,1.5555302,-0.46736947,-0.28384972,0.68480366,-0.95059246
1105,7,odd,-0.110512,-0.68595064,0.043693896,-1.7528157,0.25239858,0.18782926,-1.4023187,0.4805038,0.5025279,-1.0312672,-0.16281301,0.3204939,1.7264997,0.08276192,0.69904476,0.14654651
1106,1,odd,1.08414,-1.3279282,-0.044314966,-0.53372175,-0.59618217,0.105181575,-0.33669642,-1.370297,-1.123907,-0.048036456,-0.11456705,0.44026873,-0.21230118,0.55308443,-0.2066827,0.9380042
1107,5,odd,1.3448389,-0.6818242,-0.59189254,0.12765372,0.15639123,-1.0461575,0.64344656,0.43398649,0.011880226,-0.49236563,1.1159937,-1.227578,-0.54722494,1.7345821,0.34718323,-0.02688203
1108,4,even,-1.1046422,-0.1964131,0.08384956,-0.29297894,0.37847224,0.3894117,-0.2908496,-0.9651872,1.5305644,-0.74554586,-0.3123307,1.0007089,-0.7623203,0.278826,0.23427911,-0.9143945
1109,4,even,0.9286912,-1.5141307,-0.020244978,-0.73586106,-0.2908153,-0.49644944,-0.25203297,-0.23869033,0.97573936,0.13449223,0.9926058,0.8864897,0.93261224,-1.6307098,0.7618037,0.039726324
1110,7,odd,-0.83076584,-0.6272328,0.13486928,-1.4498717,0.9575999,0.5385889,-0.5119085,-0.6927557,0.3194504,-0.15947077,-0.42822465,-0.38355023,1.6257666,1.3907242,1.1039047,-0.06115321
1111,6,even,0.342071,-0.022060089,0.0068647526,0.7114652,-1.0035727,0.015969869,1.4038389,-0.41557422,0.041930683,0.26159382,-0.19245839,-0.92990935,0.51290154,0.77663696,-1.172213,0.8497733
1112,7,odd,0.3261283,-1.0765045,-0.0527187,-0.6864398,0.58819604,0.12729238,-1.0988345,-1.1342072,0.924219,0.5749814,0.05359117,0.2349615,0.24246413,0.36901242,0.8480746,-0.34592873
1113,1,odd,1.1544032,-1.1393076,-0.034426942,0.27923533,-0.05174119,-0.14412203,-0.050890803,-0.8693576,-1.2345643,0.6890734,0.015183918,0.7126758,0.43988913,0.083146945,0.23324545,1.1191481
1114,7,odd,-0.2157269,-1.4163134,0.004293982,-1.7522997,0.49086538,0.028380644,-1.1372366,-0.16427849,0.65101814,-0.47531042,-0.21772039,-0.5208155,1.3176248,0.7034787,2.0408788,0.37692943
1115,2,even,0.9226259,-0.036130488,0.0023087598,-0.035833754,-1.2132027,0.04234874,1.2718058,0.0619469,-1.6229001,-1.6059301,0.46933842,-0.030997247,-0.7023666,0.7437758,-0.2742572,1.5957537
1116,9,odd,1.2437466,-2.3371499,0.10949381,-0.66548896,-0.49982876,-0.079979375,-0.98883444,0.45134556,0.5794469,0.78954667,-0.05753302,-0.27712452,1.2236598,-1.0667228,0.5947656,0.84872943
1117,5,odd,-0.35302246,0.11939161,-0.0062557645,1.1992259,-0.45842683,-0.7164004,-0.05081886,0.44204122,-0.8070037,1.2012131,0.60732555,0.2738748,0.15322772,1.8993347,-1.0995617,-1.0943503
1118,8,even,0.4602468,-2.0350912,-0.073366195,-0.08542322,0.5580913,-0.38861424,0.23867352,-1.3730109,-1.3213265,0.1634309,0.35402775,-0.7863512,-0.08342707,-0.34867787,0.22383018,0.7042041
1119,4,even,0.8090894,-0.5498552,-0.15487981,-0.1776499,-0.6085194,-0.51483506,-1.265418,0.65257645,0.67817503,-0.8069448,0.51044965,1.6840359,0.438572,0.36971736,0.7119083,-0.01574741
1120,2,even,-0.5531306,-0.23633781,-0.1095255,0.17068721,1.8195982,-0.28493568,-0.40595338,-0.4568417,-0.001536794,1.5639672,0.7532924,-1.4790876,-1.1267116,1.569772,0.31750983,-0.33784613
1121,0,even,-0.22356032,1.5637732,0.104550496,-0.8126055,-1.3194336,0.056155514,-1.0854421,1.6109328,-0.71371174,-0.47134128,0.16206533,0.1297836,0.9941524,-0.8049452,0.51249135,-1.3655223
1122,6,even,-0.9144576,0.026714273,-0.056595817,1.7703252,-1.6517509,-0.27082923,0.9449916,0.54863226,0.89027727,1.511111,-0.013826269,-1.7804813,0.17257762,0.72073317,0.39369076,0.6345073
1123,0,even,0.930444,0.7588089,-0.09704937,-1.2863184,-1.0236099,0.43715528,-0.15864319,0.7920863,0.0726488,-0.85009694,-0.63213986,0.0016139448,0.7674275,-0.94986963,-0.6767899,-1.8599772
1124,2,even,-1.5923798,1.292275,0.12291402,-0.3044413,2.3466315,0.30011362,-0.16433519,0.46960628,-0.1544112,0.4467051,-0.49658537,-0.53579813,0.6461877,0.09315513,0.43434924,-0.2192575
1125,8,even,-0.11790599,-2.0316815,-0.008857049,-1.0489343,-0.7181402,0.14681904,0.18837775,-0.073700964,-1.0574002,-0.49752817,-0.01937163,0.29057214,0.007144888,-0.4262008,-0.28185433,0.62755513
1126,6,even,-0.7027244,-0.3121058,-0.018791363,-0.3980428,-0.85538054,-0.3159276,0.93915844,-0.05440077,0.7935252,-0.9235982,0.79380333,-1.1837294,-0.37726536,-2.2053277,-0.2331652,0.8378466
1127,7,odd,0.33394527,-0.9844062,-0.021311328,-1.494967,0.2032942,0.19194633,-0.27776274,-0.25231028,-0.24892199,-0.6622111,-0.30544752,1.0405295,0.52013093,0.1773662,1.1644921,0.15874943
1128,7,odd,0.2671916,-0.17631912,0.11894948,-1.0816722,0.04946834,0.38366884,-1.2156353,0.08817059,0.7126664,-2.0786986,-0.6099064,-0.04890576,0.37994486,0.5041031,0.56726336,-0.30399725
1129,3,odd,0.7613254,-0.5077357,-0.018935867,0.8884864,-0.26999733,0.12823889,-0.2855449,2.681395,-0.5613257,0.13705646,-0.69610316,0.9690583,0.04516338,1.1885626,-1.6629554,0.19170955
1130,2,even,-0.9335678,-0.038262278,0.22470874,-0.48855326,1.4487658,0.29496732,-0.05937566,0.32171208,-1.6621691,-1.8414911,0.23085833,-0.9515207,1.1886978,1.9322723,-0.31146476,0.24694413
1131,9,odd,-1.8012173,0.23780045,0.178309,-1.0731812,-0.016413823,0.69844854,-1.3950908,1.5966699,2.1525488,0.020249661,-0.37441626,0.044269294,0.2491478,1.2831554,1.0284493,-0.42123687
1132,4,even,-0.62032384,-0.36803246,-0.068996266,0.24967885,0.340515,-0.098058686,-0.05697608,-0.21232635,2.3621535,-0.1215194,-0.006688931,0.9884054,-0.4463756,-0.39256436,0.994603,-1.2493104
1133,4,even,-0.6631325,-0.3191938,-0.12250878,0.022900084,-0.12586218,-0.19616793,-1.3691196,-1.3603649,2.2027729,-0.14954779,0.45609617,-0.7202151,-0.90520304,-0.8657516,-0.22431806,-0.88748497
1134,1,odd,1.128675,-1.2102103,-0.119146585,-0.76426554,-0.7192705,0.041108113,-0.4279765,-1.0888748,-1.0910425,-0.29664028,0.067968324,0.6752837,-0.22702053,0.90686154,0.4556362,1.0937922
1135,4,even,0.9151855,-0.87594277,-0.14901617,-0.4275276,-0.7900204,0.09076668,-0.45173633,0.5954625,-0.14101782,-0.4300473,-0.06717344,1.5344617,-0.42038706,0.9972156,0.21846582,1.2882501
1136,6,even,-0.073384225,0.5003932,-0.14726475,0.923456,-1.2648988,-0.5889655,1.2431014,0.13975835,0.3444334,1.3873856,1.2604481,-1.3136094,0.20622125,0.05429302,-0.5067436,-0.45967954
1137,0,even,-0.5383064,0.17221904,0.23642263,0.07512667,-1.0801369,0.28981414,1.1527195,0.1088317,-0.19294947,-1.0276238,-0.23293516,1.0598853,0.2086213,0.21433532,0.13295336,-0.4831542
1138,2,even,-0.93055767,0.7098264,0.60211015,-1.2428535,1.2769383,0.88691264,0.30079377,1.1449928,-0.35051268,-2.1944714,-0.23409238,-0.70392764,0.6056604,0.5947613,0.45178342,1.4324795
1139,1,odd,1.0754908,-1.4197986,-0.06827729,-0.71552414,-0.7796876,0.07779206,-0.33904207,-1.3584995,-1.0647175,-0.30505815,-0.057760082,0.46098506,-0.37564054,0.52991974,-0.26856157,0.8905767
1140,0,even,0.33209604,1.101076,-0.17231646,0.81360126,-0.9654095,-0.40924025,-0.3455104,-0.051432163,-1.0647129,1.0124537,0.19481352,-0.24785727,-0.19428417,0.5643816,0.6043128,-1.8803992
1141,3,odd,-0.10120149,-0.7102091,-0.40139765,-0.048389718,0.055754554,-0.654606,0.83339775,0.40481412,-0.52735984,-2.0793142,-0.17243582,-0.49262643,0.5011221,-0.61238074,1.2693377,1.2586875
1142,2,even,0.7015566,0.61196,0.10486017,-0.7555224,0.3822782,0.66525316,-0.082243696,0.38469672,-0.031492636,0.5393458,-1.8727417,-0.96735656,-0.1371732,-1.2062839,-0.5686551,2.1169703
1143,4,even,0.11118798,-0.7686772,-0.100895405,-0.1177338,0.6614362,-0.10853882,-1.7011375,-1.8572474,1.6172578,0.33560967,0.32683492,-0.14580435,-0.5590347,0.3728268,-0.25879025,-0.7965606
1144,2,even,0.1802858,0.07562236,0.02398912,0.2046443,-0.4595375,0.5784492,-1.0788939,-0.53780025,-0.320221,1.7634922,-1.5062097,0.16526352,-0.74257475,-0.84726655,0.06002097,1.7020497
1145,9,odd,-0.6875852,-0.89867634,0.21780063,-1.1067455,-0.6970093,0.42142057,-1.3374302,1.22844,2.2196825,0.32222682,-0.16046736,-0.3493886,0.7286252,0.4557488,1.9747484,-0.51020294
1146,8,even,0.5274364,-2.3540528,0.08044936,0.016445104,0.08540471,0.32584155,-1.0543277,0.5052765,-0.08703607,0.37627605,0.09770404,-1.2266353,0.12150284,0.18396206,-0.60027033,-1.0304132
1147,9,odd,-0.011447236,-1.0215919,0.1723319,-0.2528171,-0.124269895,0.68136495,-0.09056905,0.14518344,1.6982899,0.35606518,-0.22132841,0.12340985,-0.055702582,1.6517279,0.59884304,-0.4739354
1148,7,odd,-0.39356607,-1.2387121,0.09523708,-0.7771829,1.5111316,0.41648495,-2.0231774,-0.63631886,-0.23144135,0.564869,-0.4023535,0.09636518,0.7730886,0.27759397,1.2078125,0.26333082
1149,6,even,0.563122,0.61811674,0.082572326,0.06295943,-0.020892225,0.052454952,-0.6265356,0.20835334,0.103314064,-1.2346528,0.24730799,1.3175762,-0.23985058,-0.06043969,0.845795,0.7440626
1150,8,even,1.2836446,-1.0101237,-0.32812774,-0.26715013,1.0754384,-0.70480686,1.2032783,1.2933803,-0.08088706,0.24137601,0.5534375,-1.4286432,-0.3146571,-0.84070766,0.89984494,-0.36799157
1151,9,odd,0.13858637,-2.0994678,0.24651444,-0.41070136,0.13564828,0.35332823,-0.55310494,-0.21414292,1.2102388,1.5440892,-0.2037692,-0.5062638,0.9426096,-0.28188097,0.41600287,-0.2166419
1152,0,even,1.0474843,1.568357,-0.19992863,-0.7389972,-0.44372106,-0.5816113,-1.2178423,1.6184018,-0.6082784,0.7056571,0.59840506,-1.0963874,0.75717556,0.83904487,0.25992113,-1.9154422
1153,4,even,-0.0130945295,0.7510377,0.16847618,0.4094331,0.843916,-0.000893997,-0.71664804,0.42681557,-0.32765344,0.25892228,0.40838352,1.7096852,0.52407604,-0.81897825,-1.1161445,1.0143123
1154,4,even,1.189982,-0.4904067,0.016991884,0.008138446,0.43211564,-0.14924301,-0.37647858,-0.16215353,0.9857526,0.26804993,0.14399844,1.782423,0.5639682,-0.8288143,0.9612939,0.02464674
1155,7,odd,0.02396173,-0.9808766,0.14529303,-1.6268753,0.27734885,0.5509773,-0.76064175,0.47499603,0.7635455,-1.4308189,-0.52871937,0.5881598,0.6056455,1.7405529,1.4729384,-0.45038703
1156,1,odd,1.3673916,-1.4723115,0.06618964,0.77480024,0.9358256,-0.15366709,0.10587075,-0.38206938,-1.5217129,1.2648554,-0.03370834,0.23138501,0.8565608,-1.0613714,0.5096794,1.4191394
1157,4,even,0.601051,-0.9858468,0.050525423,-1.3272251,0.68939465,0.24248108,0.94067293,0.25243115,1.2060221,-0.2876787,0.21005574,0.06579965,-0.04300031,0.005130455,-0.32081008,0.58217686
1158,0,even,-0.9172384,2.5269318,0.20174822,-0.08175195,-1.029985,0.23942545,-1.2663381,1.0160532,-1.3436899,-0.9894635,-0.3027579,-0.78228927,-0.018748509,-0.22746326,0.78064954,-0.47603044
1159,4,even,-0.25951302,0.023129739,-0.2517165,-0.5685472,-1.1143502,-0.4075969,0.11030311,1.5625339,2.081845,1.0266259,0.11956131,0.7519155,0.591959,-0.72361064,0.18390031,0.7947079
1160,1,odd,1.3523971,-1.5644732,-0.122718215,-0.34574914,-0.20232034,-0.25496125,-0.2906187,-0.65991396,-1.2856654,0.4344214,0.10034524,0.5213988,0.9060123,-0.18420266,1.1748042,1.7476174
1161,4,even,-0.045026913,-1.6174941,-0.07027372,-0.6084385,-0.31899405,-0.17050524,-0.9884297,-1.2835672,1.5058804,-0.3368927,0.32849258,0.32001224,0.26049566,0.363719,0.14243539,-0.87319326
1162,2,even,-0.17157431,0.4878387,0.002619665,-0.15633221,1.6666262,0.08074781,0.20434153,0.13613439,0.37709713,-0.43769157,0.42725068,-0.6163196,-0.1803768,-0.72801757,-1.4085609,-0.26952225
1163,7,odd,0.20673668,-0.95717853,0.06833206,-1.3117764,0.16878267,0.074777946,-1.2921977,-0.3685363,1.1621466,-0.82806146,-0.04424382,0.16544741,0.60049593,1.1677244,1.7661679,-0.61014014
1164,5,odd,0.1715383,-0.37269673,-0.27549398,0.6987156,-0.877739,0.0070269257,-0.7115374,1.4793661,-0.067004964,0.06002029,-0.27068287,-0.09428707,-0.35503313,0.78340846,-0.41190928,-1.1294163
1165,4,even,0.120222755,-0.4175776,-0.33606023,0.43470147,0.69708997,-0.87677306,-1.2472341,0.50817746,1.4110054,-1.3692758,1.3429178,1.3216673,-0.8779724,-0.91233575,-0.25720835,-1.0003808
1166,8,even,-0.54713386,1.0631537,-0.6284512,0.76177377,-0.0026948452,-1.5507325,-0.391259,1.1629269,-1.3493589,0.21278046,1.9167874,-1.0952863,0.54340863,-0.82143104,-1.6044574,-1.2880088
1167,4,even,-0.08854045,-0.60091335,0.19978173,0.029749917,0.99102986,0.27165836,0.25734025,0.85907704,0.8371054,-0.79101604,-0.5275092,1.5634631,-0.0690818,1.2564981,0.19898592,0.8861708
1168,9,odd,0.80249923,-1.7099937,0.07069427,-0.53813696,-0.090735726,-0.15625064,-0.40159115,0.066942185,-0.22667047,1.3558029,0.52152914,0.73320043,0.9719721,-0.48669046,0.026051328,0.5244362
1169,1,odd,1.5130013,-1.4313726,0.060487933,0.70775,1.1139933,-0.15364048,0.3692324,-0.015370101,-1.6013688,1.363138,-0.031316213,0.44443762,0.83266014,-0.81593996,0.051218897,1.1075106
1170,1,odd,1.1038334,-1.5876389,-0.1781145,-0.47688067,-0.5495336,-0.28895628,-0.2784246,-0.48645455,-1.4162813,0.055601835,0.14075601,0.3599447,0.7298395,0.09423991,1.1873474,1.7129123
1171,6,even,-0.98536044,1.3964134,-0.15273885,0.12430112,0.032993346,-0.45289862,-0.5677219,-1.0753517,0.23114043,-1.078647,0.6389501,0.9374867,-0.17518549,-1.9935404,0.76081175,0.9470211
1172,1,odd,1.1912466,-1.8252603,-0.08853741,-0.11764418,-0.23778224,-0.16122212,-0.37496728,-0.3523334,-1.2277626,0.41638032,-0.11295698,-0.3072213,0.9413152,-0.38306785,0.3353119,1.985832
1173,8,even,-0.434936,-2.7747035,0.033025123,0.5066228,-0.3282713,-0.14841633,-0.110411316,1.5468183,-0.29718015,0.3615347,0.06851896,-0.83874476,-0.04320076,0.20260802,0.788008,-0.0915137
1174,8,even,-0.13764931,-1.6021878,0.01287242,-0.36711845,-0.11281694,0.13226715,0.53116417,0.008357286,-1.0442795,-0.10690914,0.12414683,0.98504966,-0.49305612,-0.4102475,-0.6016812,-0.20256475
1175,7,odd,-0.52177685,-1.3725612,0.1681532,-0.9387806,-0.7930095,0.137115,-2.030369,0.76960117,0.451118,-0.11070527,0.10075921,0.34686455,0.92172366,0.8892594,2.3005936,-0.42906064
1176,7,odd,0.030590132,-1.9073077,0.1333349,-0.7612119,0.4502571,0.035681892,-1.1097808,-0.3769508,-0.84601355,1.1467563,-0.118788324,0.19016676,1.5019866,0.036817268,1.3172499,0.55045086
1177,6,even,-1.4325294,1.721749,-0.28081536,1.3209131,-0.71666485,-0.2609354,-2.2009642,0.13497224,0.9575579,-0.6928952,-0.7246639,0.07823166,0.48349237,-1.2974122,-0.2882498,1.8319937
1178,7,odd,-0.6217178,-1.0171454,0.09309429,-0.7187189,1.0318232,0.4580759,-1.939193,-0.56010157,0.020863838,0.7016091,-0.33342066,-0.49879152,1.2081172,0.74731326,0.23105456,0.2896364
1179,9,odd,1.0205787,-1.8510268,-0.03254106,-0.4112509,0.06428066,-0.34744886,-1.2820528,0.6798439,1.8688753,-0.744917,0.8481189,-0.29429394,0.09775243,-0.21624865,0.7777881,-0.4688535
1180,1,odd,1.1165286,-1.2153383,0.13742614,0.46278456,0.64280385,-0.028533967,-0.08266248,-0.46258563,-1.2934737,1.0945538,-0.08735451,1.2097594,0.4831098,-0.410995,0.011978611,0.9373014
1181,5,odd,0.23941518,-0.69588864,0.09384711,0.15268373,-0.50710094,0.57663625,-0.85506886,0.7968772,0.6270366,0.54651874,-0.6583364,0.58769244,-1.0007955,0.45403582,0.42666268,-1.1705817
1182,4,even,1.3921276,-0.8886295,-0.04373651,-0.30420774,-0.93233657,-0.36051697,-1.210612,0.8200906,1.433885,-0.10434309,0.6068224,0.8716413,0.51219916,1.1409672,0.02037771,0.46719396
1183,3,odd,0.65567166,0.5648666,-0.41688836,0.5567773,-0.39793926,-0.74590945,1.100488,1.264869,-0.9401905,-0.24915193,-0.02760411,-0.17889231,0.7397302,0.7800624,-1.2558403,-0.36496237
1184,4,even,-0.4235584,-0.29822162,-0.29605746,0.63834983,0.39999852,-0.8341939,-1.9996848,0.26742047,2.2157357,-0.9794753,1.4492586,0.51465166,-1.3635182,-0.68190956,-0.54551023,-1.0426055
1185,7,odd,-0.6945206,-1.2571957,0.030309342,-0.31745055,1.0461737,0.016536348,-2.1778185,-0.61186326,-0.1724822,1.0843042,-0.11049044,-0.059758484,1.001686,0.114921354,1.179209,0.0393841
1186,6,even,-1.5328048,0.31790105,0.0040092655,0.1979373,-1.3091025,-0.20426044,0.5259397,-1.5534282,0.2749737,-0.34298724,0.5452185,1.3349257,0.2379882,-1.0169339,0.10685919,0.67687726
1187,5,odd,0.44856465,-0.53088856,0.48718375,0.608663,-0.11455398,0.90046513,-1.9533515,1.1196225,0.2140379,0.44388598,-0.337744,0.38102826,-1.2803397,1.3866442,0.21905725,0.32998544
1188,2,even,-0.86148065,0.41547924,-0.0074553005,0.04340291,1.3164608,-0.32296723,0.71292347,-0.20026816,-1.9156625,0.35747853,0.5274161,0.5437729,0.6205573,0.6122012,1.3937804,0.8904434
1189,9,odd,0.23587057,-1.1199963,-0.071606144,-0.66141415,-0.66319156,-0.20140631,0.11851901,-0.105891705,0.32869363,-0.46147352,0.4755899,1.5054685,-0.05896808,0.20334882,0.13782166,-0.1924339
1190,2,even,1.0542848,0.031107955,0.26788712,-0.22585703,0.28235853,0.7541021,0.28989702,0.42805725,-1.127926,0.60037374,-0.97831523,-0.06358591,-0.017886966,-1.6101402,-0.07945467,2.1871126
1191,0,even,-0.03900844,1.881641,-0.11623487,-0.9009731,-0.7270261,-0.05384142,-0.14991118,0.6313912,-1.2710496,-1.2832472,-0.09104017,1.2566496,0.7865851,-0.03374885,0.57226,-1.0077702
1192,9,odd,-0.94811064,-0.45813414,-0.13709532,-0.4142035,0.02917926,-0.2553955,0.22494486,0.98775154,0.559204,-1.955938,0.032420985,0.06404936,1.9600389,-0.14123537,-0.678904,-1.5199872
1193,7,odd,0.16850862,-0.5524975,-0.14034414,-0.3203548,-0.39167503,-0.34752288,-0.99061686,1.232719,1.1970713,-1.1936288,0.47300503,1.2256253,-0.95868844,0.7824069,0.82977104,-0.013896152
1194,2,even,-1.3919122,0.34406522,0.20964085,-1.4345176,0.9751516,0.46017975,-0.32609457,1.1383212,-0.79504097,-1.4168196,-0.16126293,-1.5760711,1.2803208,-0.1891707,0.35751826,1.7719746
1195,6,even,0.46593165,-1.5290947,-0.08542588,0.72009385,-0.68823874,-0.16931878,1.0105727,-0.5639292,0.061294474,-0.31540158,0.0057724062,-0.81915724,-0.7442807,1.2310511,0.42408794,1.5056584
1196,9,odd,-0.8393986,0.3298466,0.11916196,-0.980304,-0.05650256,0.20506974,-0.5883937,0.6764655,1.6233553,0.70454615,-0.18453702,0.78152853,0.270057,2.029499,0.20766492,-0.117341824
1197,8,even,-0.9872337,0.17968902,0.19655234,0.6522377,0.06436616,0.119247794,-0.8834937,1.5786889,-0.95686656,-0.44112402,0.47368723,-0.037068397,-0.1349416,0.045125186,-1.8430645,0.20595819
1198,7,odd,0.53486294,-2.0202837,0.164655,-1.1031363,0.071634844,0.22412631,-0.8732372,-0.4013721,0.62469196,0.22321181,-0.25427797,0.5335699,0.89613277,0.97677845,1.6707647,-0.3020136
1199,7,odd,0.92653793,0.9500345,0.03677211,-0.17761117,-1.2475437,0.07499933,-0.91419595,1.034143,-0.07418694,-0.120051995,-0.12829268,0.97106373,-0.6321954,0.1310548,-0.33996713,-0.04174369
1200,1,odd,1.4581852,-1.1076732,0.11159034,0.49512488,1.3217362,0.080576554,0.20895112,-0.22324437,-1.350951,1.3959675,0.018884636,0.63435876,-0.34147984,-0.6593324,-0.43612742,0.37163928
1201,0,even,1.174871,1.4554555,0.12646917,0.23077165,-0.22288713,-0.14776714,0.39397395,-0.21223444,1.4543993,-0.114719346,0.39059642,-1.6233975,0.20542262,0.3318268,0.6996559,-0.4595707
1202,9,odd,-0.7014981,-1.0491157,0.08941461,-1.2380674,-1.0353107,0.21198638,-1.669374,1.5913181,2.178335,-0.092993475,0.2315706,-0.007357776,0.372732,0.27253616,0.8937389,-0.31834015
1203,5,odd,1.4127513,-1.8565588,-0.059907757,0.42622608,-0.748607,-6.5788627e-06,0.07486918,0.352983,0.16481996,-0.42081887,-0.13742858,-0.036655903,0.057193827,1.4561845,0.32606912,-0.4720594
1204,2,even,0.14373559,-0.39854562,-0.047105834,-1.2677388,0.9261719,-0.1447591,0.37021875,-0.45781738,-1.232383,0.5284709,0.18249491,-0.22387773,0.5502959,0.21806356,1.215047,2.1035192
1205,5,odd,-0.57207906,0.00042757392,-0.30251378,1.3372493,-1.0282801,-0.6876875,0.9457302,0.81973654,-0.2664699,0.23880826,0.59588265,-0.43087828,0.15583363,0.5318814,-0.6406518,-0.9354655
1206,8,even,0.03208901,-1.3502696,0.0626966,0.5812396,-1.0964271,-0.08624167,0.54681456,0.36492068,-0.9716121,0.19371356,0.15515947,-0.30567473,-0.6172015,0.114182025,0.70860535,1.2565498
1207,0,even,-1.4653162,1.7913057,0.27665907,-0.55933917,-1.4143893,0.38818663,-0.43881923,1.5793695,1.0252451,-1.5334625,-0.23037696,-0.1979304,0.14615642,-0.48866606,0.8361125,-0.0924071
1208,8,even,-1.4971111,-0.8251922,-0.1227068,1.2363352,0.54424673,-0.40227193,0.7752141,0.93591374,-0.9290263,-0.2648775,0.048093706,1.0094726,-0.42840272,0.28284025,-0.4094524,0.71187824
1209,7,odd,-0.23533727,-1.1207482,0.1969544,0.03094043,1.0119547,0.0890041,-1.3063293,-0.82369167,0.054471426,0.81496704,-0.077936515,0.23595658,1.0283494,1.3880613,0.55781174,0.12258452
1210,1,odd,1.0130564,-1.8174704,0.04693705,-0.14634277,0.64739907,-0.18846567,-0.59237283,-0.5636365,-1.2338166,0.67087054,-0.06100904,0.68991035,1.2231423,-0.7089354,1.1642164,1.4789519
1211,2,even,-0.6799329,-0.018197209,0.12538117,0.82332516,1.905135,0.09376478,-0.18895513,-0.14072344,-1.9183311,-1.4459802,0.27182412,-1.0759068,-0.09143863,1.8998246,-1.3558422,0.016541006
1212,8,even,0.13813202,-1.5602863,-0.028012916,-0.28434163,-0.24335253,-0.043823164,-0.59069115,1.4929633,0.7960309,-0.60441196,0.56740594,-1.5130683,0.2850842,0.19977027,-0.5166963,-1.5406134
1213,0,even,0.061391868,1.1011755,-0.09989974,-0.13698825,0.09816466,-0.2630401,0.40070426,-0.2126177,-0.43189767,-0.10266623,0.22947764,1.0769603,0.46261078,0.92195475,0.26919317,-2.2478995
1214,0,even,0.23315111,1.5343494,-0.053624995,-0.26786464,0.080926985,-0.42932668,0.44836417,-0.035656005,0.8285365,-0.097097814,0.80422777,-1.134346,0.38228014,0.017641194,0.2973668,-2.309002
1215,4,even,-0.3273229,-0.361441,-0.023315884,0.30820695,1.1846828,0.037415367,-0.5487439,0.7065204,0.9492333,-0.15224636,0.1455862,2.294321,-0.079558596,0.17719781,0.29746157,-0.27723122
1216,0,even,0.9937155,1.4213465,-0.25166953,-0.8612713,-0.8104434,-0.06558412,0.01124797,-0.3907332,-0.6366535,0.090473786,0.24268928,-0.50262654,0.31517577,-0.7147558,0.6301581,-1.8228059
1217,0,even,1.9880899,1.0461156,0.063219644,0.1217926,-0.65069085,0.4330524,-0.5190342,-0.4339677,0.28508922,0.40053907,-0.3734385,-1.4903977,-0.3285193,-0.5432893,-0.10689315,-0.4390674
1218,4,even,-0.2336462,-1.0298296,0.049638927,-0.60702497,-0.044496067,0.23865452,0.065603554,-1.628551,0.95713246,0.06180477,-0.50918794,0.40227568,0.3771812,0.3231519,-0.31562704,-0.09937579
1219,5,odd,2.1045616,-0.9920406,0.23572746,0.23185372,0.7764219,0.4031932,-0.3318258,-0.007290572,-1.0855311,-0.27714723,-0.5635352,-0.3867609,-0.08425509,-1.0108657,-1.4249169,0.7084204
1220,2,even,0.536394,0.22314286,-0.044900976,-0.6460491,0.4546793,0.18663439,-0.049302444,-0.48025054,0.4103914,0.8108647,-0.47001475,0.49314725,1.0356829,-0.7873799,-1.1595362,1.2878649
1221,2,even,-0.6437388,-0.18848823,-0.055589624,0.70693105,2.1191375,-0.5059728,0.3839443,-0.89762926,-0.21260333,1.0381372,1.274411,-1.470983,-1.7237412,-0.7646004,-0.5838059,0.12144724
1222,1,odd,1.2346386,-1.6007756,-0.069582954,-0.5930504,-0.7624335,0.083602056,-0.49662346,-1.1099073,-1.2220448,-0.05500433,-0.15702659,0.19649428,0.17261836,0.55852306,0.3609265,1.1905581
1223,3,odd,-0.351471,-0.5977858,-0.2525578,0.19749762,0.8892673,-0.29999334,-0.18547755,1.7927041,-1.071218,-0.29700297,0.026845627,1.1360983,-0.15000689,0.4582134,-0.8786617,-0.91337544
1224,5,odd,0.14856645,-1.0927198,-0.068265535,0.34973732,0.017022103,0.3885164,-1.6551704,1.3176055,-0.16548184,0.15613943,-0.36442655,0.87984097,-0.47501686,1.5440713,-0.52640903,-0.9391549
1225,5,odd,0.49576813,-0.2437183,0.13977772,0.32139468,-0.68292147,0.26078448,-0.71135575,1.3376765,-0.76638544,0.54223466,-0.06524805,0.5966826,-0.77361685,1.9075241,-0.13762622,-0.9559949
1226,9,odd,-0.10380055,-1.3663131,0.07338251,-1.2197857,-0.93775225,0.22478387,-0.15662885,0.14755201,0.8879589,-0.11012831,0.25990093,1.2255605,0.28207365,0.10644647,-0.13760406,-0.19685975
1227,3,odd,0.5082687,-0.48534897,-0.598253,0.40340704,0.75387436,-0.74986553,0.8591171,1.5830448,-1.16791,-0.88571787,-0.07821803,0.83793986,-0.18594937,-0.0021701157,-0.19043611,-0.3147957
1228,3,odd,0.42616767,0.7575682,-0.22801058,-1.7821758,-0.090086825,-0.162866,0.01662694,0.8493814,-1.4181613,-1.3731712,-0.27275297,-0.06883669,1.0136489,0.7400376,-0.5512953,-0.26746348
1229,8,even,-1.7432721,-1.7787161,0.0644277,0.64269155,0.17887896,-0.020306792,0.14719778,1.5093124,-0.7308697,0.278934,0.039945353,-0.17965841,0.018858306,0.58186424,-0.50870836,-0.28171661
1230,1,odd,0.72951317,-1.2993635,-0.23617102,-1.1449182,-0.89540005,-0.06307261,-0.4651081,-0.7615111,-0.95153546,-0.7427407,0.13337085,0.5852761,-0.3820107,0.927116,0.36613864,1.1562164
1231,5,odd,-0.7394431,0.06277145,-0.4673779,0.6957885,-1.0170815,-0.801398,0.8193499,1.1809678,-0.40879193,-0.21963017,0.6307883,0.30547258,0.1229096,0.49135363,-0.94967586,-0.561603
1232,0,even,0.004137732,-0.06738293,0.05332436,-1.4824711,-0.46683586,0.20126078,1.6070259,0.31571501,1.1536012,-1.4926757,-0.07329211,-0.22268134,0.8002205,-0.55687845,1.1459386,-0.5135638
1233,5,odd,1.4201664,-1.1417971,-0.22118829,0.70365036,-0.6113039,-0.225508,-0.4772331,1.5686028,0.35238424,-0.7225211,-0.0059649916,0.090862334,-0.5580492,1.4582878,0.029743046,-0.30220118
1234,9,odd,-0.41546637,1.0534871,0.1208009,-0.11964766,0.063189894,-0.17341837,-0.08359814,-0.33184695,1.0544114,-0.20203951,0.51750505,-0.25452238,0.2948669,1.2028803,0.29471695,-1.9420763
1235,8,even,-1.4824036,-1.4220734,0.19898881,1.006672,0.04953323,0.1984865,-0.72216696,0.68121815,-0.20085207,0.7417691,0.20827308,0.64707077,0.1165284,0.7636222,0.089809135,-0.9106801
1236,9,odd,-0.6431459,-1.3455877,-0.032231167,-0.50995094,-0.058170624,-0.019627223,-1.7312849,-0.97279435,0.5226998,0.04452806,0.3119034,0.31100595,0.83261603,0.41296864,1.0686059,-1.03328
1237,9,odd,-1.5012823,-0.33478555,0.10151075,-0.9701161,0.18703395,0.38061336,0.044343084,1.5166533,1.3058511,0.74844277,-0.1744687,1.5431285,0.32525492,1.0161656,0.27553344,0.5168552
1238,0,even,0.0033480301,2.1538236,0.1979979,-1.055044,-1.2891575,-0.16088875,-0.8958279,0.42232943,-1.269993,0.4500985,0.7279916,-0.4356894,0.3228396,0.485533,1.2488433,-0.38553563
1239,4,even,0.28580377,-0.512294,0.06877334,0.2235607,1.0719131,-0.07362606,-0.4618731,0.43992078,1.244483,0.22872813,0.53403443,1.8920963,-0.059516218,0.1743876,0.9883645,-0.12079232
1240,5,odd,-0.0128006935,-1.4563208,-0.33397722,0.1799664,-0.342136,-0.31557035,0.887851,0.62216026,-0.30410525,-0.46517447,0.11934022,-0.43881834,-0.4629506,1.6106396,0.0015728772,-0.79276633
1241,7,odd,0.3406526,-0.78210557,0.057475977,-0.948105,0.12684722,0.41881844,-0.6979682,0.31600207,0.41046393,-0.66535777,-0.2246545,1.0622348,-0.082159646,1.6841028,0.24717604,0.46454042
1242,9,odd,0.11022702,0.20542076,0.12065569,-0.37529054,-0.43041778,0.13290535,-0.9941959,0.2803949,0.16624293,-0.81876355,0.008010881,0.9423357,0.85241693,0.61183184,-0.7905074,-0.5207922
1243,1,odd,0.9975301,-1.3165147,-0.17878255,-0.8976674,-0.63875633,-0.07763961,-0.3838796,-0.7024481,-1.1641374,-0.19300088,0.1574921,0.6351014,0.07585737,0.394145,0.65419024,1.6349237
1244,7,odd,-0.2042454,-0.9473581,0.14584927,-1.0122048,0.4194516,0.21857351,-1.3734939,-0.13923432,0.6648233,-0.91705495,-0.085492425,0.049879074,1.2159945,1.678016,1.9189267,-0.7392711
1245,4,even,-0.021302804,-1.0224348,-0.026300952,0.60066986,0.73111236,-0.45840132,-2.0080025,0.34488505,1.2168568,-1.8241515,0.68663955,1.4774686,-0.22248848,0.3498534,0.65965587,-0.9966315
1246,0,even,0.22959489,1.5073828,0.010179255,-0.8972515,1.2060637,0.02717543,-1.1645803,1.2176867,-0.7964188,-0.39731726,-0.29405028,0.15756102,1.4400339,1.3691499,-1.1174643,-1.4568187
1247,4,even,0.25234833,0.054927982,-0.027152382,-0.353987,0.6728289,0.04544836,-0.26317686,0.9610223,0.45532167,0.4935479,0.0057798345,1.4033827,-0.23382588,1.1189225,0.8839672,1.5622659
1248,6,even,1.5607959,-0.5840555,0.2213922,0.7534538,-0.036096714,0.14713244,0.50583327,0.0006545782,-0.3427983,-0.29849464,-0.18401977,-0.0123282075,-0.5721184,-0.070068926,0.9929376,1.9620659
1249,5,odd,1.7267288,-0.3630457,-0.25269192,-0.5313647,1.0791196,-0.36548316,-0.3336456,-0.721189,-0.16597143,-0.5555793,0.22544882,-0.3080631,-0.5102319,-0.13609673,0.490021,0.42439795
1250,9,odd,-0.40777975,-0.7516486,-0.0053469464,-0.66430026,0.19776946,0.06661469,-1.1836214,1.1561759,2.10504,0.2202298,0.64190924,0.95257926,-0.085732915,1.6222577,0.26975155,-0.29074883
1251,4,even,-1.068295,0.012930937,-0.11621815,0.7715234,0.9483242,-0.4226707,-1.6757908,-0.74614227,1.1550487,1.505182,0.7668675,0.19580813,-1.2027386,-0.8712543,0.8675156,-0.40371498
1252,3,odd,0.12021922,0.432279,0.11889075,-0.07865966,-0.95687485,0.094116375,-0.1278061,-0.26754773,-0.6743075,-0.86828595,0.017858729,-0.010713518,-0.22610432,0.8103106,-0.6146211,1.6234387
1253,5,odd,1.4855492,-0.2761304,-0.24767528,-0.4579136,1.0383693,-0.39141107,-0.89945775,-0.41093466,0.66441536,-0.40244952,0.046849407,-0.6162761,-0.6381584,0.39230657,1.5064502,0.3978001
1254,0,even,2.334854,0.5402671,-0.07602829,0.34135294,-0.35802895,0.059805695,0.18612032,1.5105591,0.13320947,-0.32244158,-0.06255008,-1.3410867,-0.2982632,-0.71747243,-0.2710416,-0.5340019
1255,3,odd,-0.013385832,-0.76368403,-0.23380433,-0.5122915,-0.26617947,-0.21691486,0.20263532,1.7414818,-0.60070384,-0.74417084,-0.09579177,0.9442301,0.68056184,-0.069391474,-0.4651137,0.2957398
1256,9,odd,0.6678703,-1.0300906,-0.11578609,-0.6583266,-0.47968352,-0.014451612,-1.146316,1.0362344,-0.20802921,-0.7962498,0.26120472,1.6896414,-0.3585664,-0.14231269,0.8599494,1.0858555
1257,1,odd,1.054219,-1.2453734,-0.114515066,-0.51066434,-0.290659,-0.09558177,-0.36063075,-1.2125181,-1.2207673,0.1553053,0.025418214,0.39920476,0.31372637,0.24686497,0.5652217,1.2605695
1258,2,even,0.694086,-0.06750289,-0.039466746,0.10804595,-0.20752656,0.041453835,0.8400086,0.4031787,-2.2168791,-0.8524405,-0.049789496,0.6074523,0.21034274,0.35277867,-0.13409248,1.0593437
1259,2,even,-1.5193684,0.5213943,0.12812269,0.22801685,-0.17787385,-0.31560317,1.1249809,1.0212407,-1.233445,1.4921242,1.1439188,-0.76172876,-0.011594201,-0.94168615,1.373251,0.18881676
1260,8,even,-0.61733305,-1.31032,-0.027394466,-1.085713,-1.5186846,0.14437382,-0.7475584,1.0352063,0.29101482,0.1843205,-0.0828606,0.28177023,-0.25662374,-0.06292105,0.73199517,1.822968
1261,4,even,-1.310411,-0.86551505,-0.05025284,0.62843406,0.5899365,0.06537923,-1.3353641,0.1415937,1.8549012,-0.5403883,-0.13523322,1.4299123,-0.6801806,-0.3412519,0.5655719,-1.0675154
1262,6,even,-1.2728833,0.49322277,-0.09980838,1.4987869,-0.17551345,0.0006830059,0.15923572,-0.32931706,-0.578566,0.66415465,-0.7965184,0.6926382,-0.9445527,0.542847,0.5103379,-0.8733189
1263,6,even,-1.543196,1.2893196,-0.03337177,-0.086125165,-1.7314187,-0.11748704,-0.2228502,-0.9806711,-0.55216813,0.5361613,0.79827297,-0.2128765,0.15443087,-1.1482275,-0.589934,0.020890437
1264,3,odd,0.15076421,-0.66489,-0.047799595,-0.44012067,-1.6012561,-0.32034045,-0.2625069,0.9560023,0.9665935,0.83541286,0.5867966,0.5539353,0.9914545,-0.11294381,-0.72315866,0.10309011
1265,8,even,-1.1579641,-1.2709131,-0.4514975,0.22786528,0.42908525,-0.43204305,0.1930663,0.3734908,-0.46889085,-0.8338278,0.29246336,-0.6447024,-1.2290465,-1.5430954,-0.39489916,-0.43340483
1266,5,odd,1.3166562,-1.1231557,-0.118072435,0.9344449,0.73681885,-0.14718084,0.25934446,-0.97293615,-0.3180256,0.03695133,0.20040926,-1.536083,-0.7141827,0.9584691,0.6998265,0.54194987
1267,9,odd,0.15947482,-0.49401927,-0.07039255,-0.62146246,-0.39853334,-0.2263449,-0.40935796,0.91243035,0.6397386,0.1438401,0.79246163,1.5098057,-0.2789859,1.2065363,-0.58289015,0.65503985
1268,8,even,-0.8486534,-0.7308606,0.09810628,0.54441893,-0.61852866,0.118373066,0.6348517,0.6783318,-0.8346801,0.58425194,-0.38813868,0.8397345,-0.050209723,0.5418428,-1.0187217,-0.33925107
1269,0,even,2.0514567,0.8475926,0.10400698,0.102321506,0.21143198,0.4858563,-0.85916483,-0.96654636,0.64634657,-0.116816014,-0.375311,-0.34204197,-0.4604204,0.012120143,-0.07693293,0.0045531504
1270,2,even,-0.058711126,-0.2138046,0.19057895,0.18212497,1.3094321,0.07769282,0.34445375,-1.0591582,0.4733857,-0.100331806,0.03890847,-1.8033702,-0.4917568,1.1922296,-0.38478962,-0.7241431
1271,4,even,1.0804759,-1.6446084,-0.28332323,0.39684343,0.71686465,-0.82845294,-0.7412451,-1.1014583,1.8676348,-0.66511583,1.0658929,0.5169214,-0.5864492,-0.26356858,0.5690618,-0.44713274
1272,9,odd,0.14510322,-1.8418654,0.13950989,0.43895665,0.8088792,-0.085643806,-1.663842,-0.56409717,0.71885854,1.4253627,0.5634764,-0.34019887,0.9561476,-0.26010537,0.06759511,-0.10172724
1273,6,even,1.1067697,-0.36806476,-0.10520513,0.053696983,-0.47803855,-0.68468523,0.91621256,-0.22364458,0.9416013,0.8693429,1.1045802,-1.3494817,0.6941748,-0.5872364,0.20812707,-0.22854847
1274,0,even,0.050687224,0.82043517,0.18434353,0.08186349,-1.4849788,0.47425997,1.4560556,0.30591536,0.12768003,-0.6904208,-0.24940485,0.35162628,-0.07762597,0.21008888,0.0876936,-1.414331
1275,2,even,-0.13212524,0.88282835,-0.16141003,-0.04083191,1.704674,-0.697667,1.0445769,0.50380725,1.0387056,-0.8373688,1.7880079,-1.100827,0.21125224,-1.9503285,-0.27839774,-0.06870066
1276,8,even,-1.3879075,-0.25477526,-0.0717458,1.8876206,-0.20294356,-0.2721503,-1.1436906,2.5098166,-0.42153072,-0.40074727,-0.022549562,0.54806143,-1.3226222,-0.35871392,0.26603252,0.53854257
1277,3,odd,-0.19782512,-0.37646073,-0.37059796,-0.5677797,1.2942772,-0.8185828,1.0222235,0.48491192,-0.8486972,-1.0007006,0.7477146,-0.04115933,0.23383828,-0.09470254,1.032531,-0.68115777
1278,1,odd,1.1335765,-1.4261811,-0.045479402,0.38098556,0.57673085,-0.28578514,0.07369017,-0.6226873,-1.4489207,1.2632445,0.08356169,0.8794747,0.8988195,-0.49108148,0.34083998,1.4744618
1279,0,even,1.8156779,0.2925815,-0.0042530224,-0.26170385,0.14099742,0.36088532,-0.4366473,-0.9757209,0.30294633,0.41224173,-0.21479326,0.43135518,-0.35654655,0.5619255,0.23799746,-0.010290533
1280,5,odd,-0.08822639,1.0284958,-0.007118415,1.1865283,-0.43015617,-0.7871282,0.28310645,0.36968207,-1.2881722,0.027635448,1.1528816,0.18185677,-0.57865393,0.7151878,0.22463812,0.010834688
1281,0,even,0.73964584,0.87847924,-0.04632754,0.7357251,-1.5490439,-0.03990205,-0.24771371,0.41298962,-0.3502569,0.36867553,0.09517171,-0.34010023,-0.08331401,1.0006446,-0.4414366,-1.6446368
1282,2,even,-0.50367767,-0.072752655,-0.3638103,0.86245483,1.6677636,-0.95104074,0.98053575,-0.33260307,0.4835205,0.28443846,1.3534395,-1.8692238,-0.9062384,-0.20478113,-0.6517812,-0.023597032
1283,0,even,1.0706573,0.4629296,-0.33190572,0.20059058,-0.42474455,-0.13848764,-0.5586266,-0.04969415,-1.0804521,1.2352797,-0.15802574,-0.27266848,-0.22277549,0.16255328,-0.7598932,-1.7667007
1284,2,even,0.2864927,1.0377172,-0.64490277,0.7701518,1.3131685,-1.4719713,1.0910621,-0.62944436,-0.29085767,0.27355856,1.4929553,-0.33515036,0.79395896,-0.7037569,-0.34224623,0.1317457
1285,3,odd,0.65882415,-1.1785358,-0.30841744,0.15669656,0.5106495,-0.41737416,0.8210983,1.0015476,-0.6974197,-1.6372417,-0.20512456,1.281739,-0.041849818,0.22200215,-0.36837846,-0.102660544
1286,9,odd,-0.53876936,-0.42756334,-0.14185658,-0.91638654,-0.4470439,-0.30617502,-0.57089466,2.1810064,1.5270692,0.9986977,0.8820777,0.9552901,0.0681345,1.0818996,0.035910115,0.71751565
1287,9,odd,0.17861143,-0.9482647,0.02822893,-0.55865806,-0.90909076,0.070549056,-0.07911451,0.30795282,0.89113426,0.7340867,0.580982,1.4967899,0.14767261,1.0367556,-1.0094218,0.67430913
1288,5,odd,0.12828527,-2.0675375,-0.041082643,0.71109825,-0.7134955,-0.04283924,0.3477555,-0.31836292,-0.7066666,-0.24406926,-0.18331769,-0.860325,-0.5169492,1.1460122,0.7499202,1.067387
1289,1,odd,1.3272299,-1.7641994,-0.08159821,-0.26094174,-0.29309255,-0.07538491,-0.4378264,-0.5156394,-1.410349,0.3758283,-0.17948368,0.58032167,0.9573069,-0.2538635,0.7556777,1.5808073
1290,7,odd,0.79924923,-1.1864071,0.0070845,-1.3567481,-1.0849667,0.44439352,-0.26705483,-0.12330888,-0.0685211,-0.06848734,-0.24820536,1.8054279,0.21445104,0.96289766,0.62649715,0.6115395
1291,0,even,-0.04306282,2.1478941,0.23749223,-0.5388893,-0.49854743,0.3995621,-1.3548329,-0.28860784,-1.4297297,-0.5662249,-0.09449554,-0.3921935,0.4342061,0.05101361,0.6211724,-0.41667816
1292,1,odd,0.16111523,-1.3406386,-0.2630393,-1.0501101,-0.58599997,-0.09285398,-0.16991436,-0.66275626,-0.555059,-0.6340023,0.1628097,0.52844965,-0.8860457,1.1336217,0.009872481,1.0501369
1293,6,even,-0.50094646,0.9165316,-0.3179831,-0.4090758,-0.23733449,-0.901339,-0.67812485,-1.2287235,1.2559842,0.9223579,1.1490138,-2.0496364,0.8594937,-1.0342458,0.19400527,-0.09443458
1294,1,odd,1.0861447,-1.8565443,-0.140659,-1.1159643,-0.884557,0.07935001,-0.75512415,-0.5169785,-1.169838,-0.38528678,-0.26459804,0.1459285,0.20716411,0.41409737,0.7890811,1.5790013
1295,0,even,-0.33583075,2.2142553,0.17915082,-0.06960627,0.34211156,0.03347836,-1.1499815,0.7545101,-2.488298,-1.4668285,0.3148314,-0.7138517,0.31211397,0.6019195,0.34844923,-0.30563805
1296,1,odd,0.24211815,-1.6954976,-0.22360979,-1.0491672,-0.9782107,-0.12013647,-0.153134,-1.5121324,-1.0141381,-0.94504905,-0.15882266,0.13456987,-0.6214605,0.1448889,0.0730129,0.7301857
1297,1,odd,1.4000515,-1.6151521,0.0111049,0.818019,0.5424463,-0.21554413,0.105618306,-0.14891598,-1.4585079,0.96923244,-0.11366781,0.13642748,0.88539755,-0.8751452,0.4559533,1.6613525
1298,4,even,-0.94264954,0.22655758,-0.079623625,-1.0641572,0.09175652,0.18019101,0.8288492,0.57585794,1.8749183,-0.16664322,-0.3484113,-0.23405683,-1.0903623,1.0734016,-1.2430387,0.6620615
1299,0,even,1.9023716,0.2507572,-0.06731551,-0.27427906,-0.27030602,-0.016511511,0.10940052,1.1033156,0.08729995,-0.23810153,-0.3255017,-1.2482697,0.20651126,0.46362036,-1.0698282,-1.584401
1300,2,even,-0.71609277,-0.02694514,0.009228405,0.23012815,2.0247266,-0.28501147,0.06098745,1.1696796,-2.223641,-1.4253623,0.98924553,-1.7056246,-0.07014884,0.37917665,-0.6032721,0.27304858
1301,7,odd,-0.176562,-0.45904046,0.052324295,-1.6409426,0.5288695,0.59963596,-1.0700729,0.56910896,0.6212969,-2.081131,-0.6824099,0.13940412,0.88090134,1.340669,0.837267,-0.3389978
1302,2,even,-1.1637633,0.32986546,-0.1652447,0.38659987,1.9295973,-0.44702584,1.0124283,-0.27484396,0.2476109,0.8944543,1.1650621,-0.24286032,-0.3098393,0.91604924,0.6230863,-0.3287961
1303,0,even,2.0358453,-0.12495214,-0.017909572,0.03769119,-0.5890917,0.3135682,0.23595154,0.33131963,-0.43440112,0.42910472,-0.37717885,0.14518085,0.13528496,0.6659344,-1.2556273,-1.2907147
1304,0,even,0.080647066,1.6564187,-0.17281035,0.6358842,-0.3015817,-0.23002304,-1.1188381,-0.97921526,-2.0338323,0.3445285,-0.13051471,-0.10446718,-0.07531921,0.06765682,0.7384717,-0.9282965
1305,7,odd,0.015704297,-0.64255977,0.023917489,-1.3002846,0.14832745,0.43033367,-0.562975,0.6876449,0.22615036,-0.6067072,0.04859499,1.1952131,0.063743964,1.7034885,-0.16671816,1.1143842
1306,8,even,-1.9179964,-0.29557845,-0.32697922,1.6990896,0.85227036,-0.5780829,0.50701284,0.607046,-1.0113858,-0.78781873,-0.20301726,0.30417627,0.0780534,-0.28256238,-0.5595445,-0.6529586
1307,4,even,0.5604295,-2.025903,0.030669255,0.069543324,-0.14819005,-0.3800359,-0.27418703,-0.5490725,1.4323972,0.18278569,0.20008814,1.0452011,0.85682267,-1.0317522,1.3021607,-0.24052575
1308,4,even,0.6610693,-0.16901246,-0.06372921,0.102603026,0.34544265,-0.17204787,-0.88795716,0.5290848,0.8088386,0.16085662,0.3350461,1.479581,0.023595002,-0.27073365,1.4741162,0.14802568
1309,2,even,-0.39984977,1.1936346,0.09148112,0.076403745,1.8498746,-0.098161906,0.8113299,-0.438788,0.5621561,-0.3749053,0.32370964,-0.20173907,0.11517205,0.68833286,0.40014732,-0.24524072
1310,6,even,-1.2482098,1.1828432,-0.16576093,0.22566827,-1.1330413,-0.19522223,0.19966334,-0.7264581,1.667605,0.63483924,-0.38570902,-1.5101446,0.40837103,0.16518883,1.3234762,0.013512023
1311,7,odd,-0.56286037,-1.141366,0.008906022,-0.61292166,0.99961525,0.18065833,-2.1375175,-0.88042086,0.30894852,0.17855857,-0.22008663,-0.6266673,0.7857628,0.6179336,1.1163205,-0.06073212
1312,0,even,1.221988,0.39076757,0.057875037,0.17737378,0.41100532,0.04549287,0.26746744,0.10496944,1.4456192,-1.4564279,-0.023179064,-2.3737385,0.10716486,-0.8506333,0.12674318,-0.7128912
1313,2,even,-0.15389983,0.093525715,0.0058634765,-1.0488069,0.92976576,0.31486905,0.4960649,0.48032296,0.24466586,-1.9136873,-0.70839405,-0.17975444,0.66207165,0.19414553,0.20915328,0.9168149
1314,6,even,-1.0849627,1.3870708,-0.10894583,0.23751298,-0.5981497,-0.30045483,0.7787096,-1.8451004,0.79784405,0.5536621,0.11860625,-0.22170722,0.43286103,0.47833824,1.1056137,-0.7393681
1315,4,even,-1.0647712,-0.53267914,-0.08731443,-0.02635615,0.431007,0.059166837,-0.22898614,0.123756886,2.8854325,-0.31578034,-0.23199427,-0.45099813,-0.78318924,-0.61569697,0.4251899,-1.0563232
1316,3,odd,0.26733628,0.8515104,-0.15687256,-0.5709172,-1.2840846,-0.15793362,-0.5435666,-0.028401673,-1.0716206,-0.6587073,0.7788308,-0.22261256,-0.22766519,0.079279184,-0.7888937,0.66353023
1317,1,odd,0.89568925,-1.7560745,-0.20803054,-1.0252253,-1.0195082,-0.08576611,-0.75260574,-0.65996313,-1.2165025,-0.35829505,-0.026291527,0.3170887,0.14007406,0.35415035,0.47550952,1.4135627
1318,3,odd,0.70963794,-0.26783323,-0.22126882,-0.23174945,0.5876888,-0.66393983,1.1008244,-0.019311547,-1.2777516,-0.7269574,0.07763172,0.44143444,0.5588403,-0.2183425,0.22346525,-0.56310153
1319,0,even,0.19825602,0.26220056,0.11198303,0.070236094,-1.1947784,0.26947212,1.7618027,0.13412392,0.57389873,-0.62453485,-0.16630742,0.062462837,0.24184114,0.46729714,0.2026111,-1.5609248
1320,5,odd,0.19198883,0.2018933,-0.10729909,0.9035138,-1.2990099,-0.49606866,0.529042,0.46885836,-0.4975585,0.53318465,0.53884494,0.10162409,0.1909884,0.92432183,-0.48451418,-0.95871896
1321,9,odd,-0.23671181,-0.7871348,-0.005637694,-0.6243516,-0.73781955,0.15396993,-0.7673806,0.37133652,1.589484,-0.0002006013,0.3006075,0.7995694,0.58715564,1.6695238,-0.09880863,-0.7613073
1322,7,odd,-0.5860609,-0.8515836,0.001156807,-1.9196048,0.75488025,0.4429731,-0.9722875,-0.2837786,-0.09929169,-0.2505355,-0.36246425,0.20324935,1.2416272,0.3881901,1.4513398,0.030710774
1323,7,odd,-1.2104001,-0.81294364,0.11476907,-1.0019825,1.1626099,0.5603618,-1.9434443,-0.5327387,-0.05092208,-0.31575343,-0.33094493,-0.60768396,1.9235924,1.1285248,1.0854983,-0.42469072
1324,4,even,-0.026345462,0.39205703,-0.08795227,-0.58895427,-0.23092753,-0.46041763,-0.013480239,1.2729897,1.7684184,1.6557907,0.49236307,0.024198025,0.086376995,1.1515576,1.81778,0.49759898
1325,2,even,0.30134326,0.87386906,-0.12705219,-1.043013,1.208718,-0.5924059,-0.30047145,0.31403047,1.1036621,-0.19757415,1.5875343,-0.4503708,0.9750078,-0.92453563,0.2390091,0.5170751
1326,8,even,0.4115138,-2.317338,0.18410401,0.7910779,0.6942592,-0.035517275,-0.43099654,-0.9748331,0.025629424,0.28397542,-0.26433846,-1.584703,1.6042995,0.7021977,-0.23359457,-0.5092211
1327,7,odd,0.3617671,-1.0451471,0.055953667,-1.0281777,-0.014462285,0.052278806,-0.57110363,-0.3518075,1.3684427,-0.86361223,-0.17953825,0.6318522,0.5556474,1.3983192,1.911361,-0.73149884
1328,8,even,-0.5463822,-0.9028519,-0.09673728,0.8466931,-0.1131727,0.05652762,0.4508941,2.3841171,-0.47849518,-0.065094456,-0.3125051,0.49703446,-1.3184123,-0.66484696,0.27143538,-0.73365575
1329,7,odd,0.089835234,-0.5499678,0.09495787,-1.1131796,0.4053638,0.29753724,-1.5038905,0.4135009,0.84435475,-2.1365452,-0.33580843,-0.19608152,0.6182779,1.0087963,1.0126072,-0.09394515
1330,4,even,-0.2799359,-0.4677407,-0.08377868,0.81101304,0.12386096,-0.09958318,-1.1575971,-0.73752445,0.60346705,0.86585045,-0.28522858,-0.5244948,0.68546665,0.38920087,-1.6869832,0.17673627
1331,2,even,-1.3291601,0.096482895,0.15930155,-1.0318534,1.8217461,0.36356893,1.0228204,0.17020825,-0.28874207,-0.90976626,-1.0374264,-0.43299633,1.412798,-0.26260787,0.904816,0.6311868
1332,7,odd,-0.43557864,-0.40018633,0.18847479,-0.7223432,0.23149486,0.2789727,-1.2416518,0.33979887,0.9218184,-1.3354601,-0.062531784,0.88032955,0.25083062,1.7539089,1.0647036,-0.8368071
1333,3,odd,0.72099257,-0.9300299,-0.28687334,-1.277614,0.8277902,-0.36985052,0.5588684,0.6381222,-0.9785119,-1.5610147,-0.07442284,0.23224986,0.6080377,-0.4856372,1.294157,0.21306157
1334,6,even,0.8531855,0.010572858,-0.352171,0.0869675,-0.9692184,-0.50167435,1.727756,-0.78385305,0.5469106,0.14238168,0.7865299,-0.560501,-0.3915888,0.28535008,-0.54595006,0.09555245
1335,6,even,-0.7852014,1.8787189,-0.24660031,0.1380857,0.4976937,-0.45214015,-1.417335,-1.2872095,0.37013403,-1.4083863,0.3350367,0.20748138,0.57241267,-1.5427108,0.60601246,0.6673491
1336,2,even,0.6226537,-0.16321772,-0.044750303,-0.7351953,0.7728212,0.18514717,0.97150224,0.5507671,-0.23531166,-1.815148,-0.21987462,0.7205945,0.61089003,1.0382925,-0.66884845,0.59298724
1337,7,odd,-0.07102974,-0.053209253,-0.23368962,-0.2253579,-0.06214214,-0.6052698,-2.416877,-0.8024672,1.3368407,-1.088754,0.20862612,-1.1430379,0.37836492,0.012703076,1.3083863,0.39813367
1338,2,even,-0.9668798,1.1931225,-0.20081763,0.70521533,1.891042,-1.1105621,0.7543629,1.3880773,-0.24987873,0.0048780944,2.1242738,-1.9451811,-0.6496503,-0.77685535,0.8539254,1.0046574
1339,3,odd,-0.0475284,-0.4836504,-0.07532781,-0.787605,1.6079552,-0.0349505,-0.3322639,-0.11727387,-0.40744323,-0.8045537,0.468141,-1.3399158,0.12253123,0.3005758,-0.640551,-0.4382251
1340,5,odd,-0.9137097,0.22113898,-0.4122159,1.2068381,-0.48109913,-0.5221097,1.0052311,0.3739223,-0.46369588,-1.5154979,-0.28151065,0.23548788,0.5239484,-0.2859499,-0.45257646,-0.28506535
1341,3,odd,1.3038471,-0.504148,-0.18611887,-0.06437999,2.031253,-0.6529199,0.46669167,-1.1206968,-1.1613818,0.7485997,0.3912756,-0.22058165,0.19531597,-0.26985568,2.099187,0.57603306
1342,5,odd,-0.3844037,0.017495252,-0.25341654,1.1102277,-1.1048579,-0.74398136,0.4513577,0.7203314,-0.5105625,1.0180285,0.7748004,-0.51582336,1.119495,1.0624847,-1.0075824,-1.0166315
1343,9,odd,-0.080823004,0.075622804,0.22241198,-0.5250204,0.20527378,0.49683654,-0.83276004,0.05170396,1.6036241,0.08156794,-0.42889693,0.46679062,0.33280492,1.6013026,0.22700141,-0.89570177
1344,0,even,0.947837,0.24556449,0.06557855,-0.29690117,-0.14413506,0.15688345,1.0456026,0.5854294,1.478925,-1.3629137,-0.07226549,-1.7949104,0.52441484,-0.27093732,0.13189815,-1.0898858
1345,9,odd,-0.115180805,-1.7454553,-0.029083729,-1.1633656,-0.19858798,-0.30363178,-0.56558406,-0.36932257,0.7869472,-0.819689,0.40616333,-0.39154977,1.5574772,0.17871986,0.938176,-0.07249766
1346,4,even,-1.195363,-0.2683306,-0.23055501,0.62797266,0.5930034,-0.5652931,-1.6891084,-0.84477526,2.1763954,0.80607665,0.6325139,-1.2225083,-0.7047602,-1.6382922,0.23358314,-0.56717193
1347,7,odd,-0.42044657,-0.24694666,0.26377937,-1.3864868,0.32017264,0.725422,-1.0837772,1.0318725,0.94835854,-1.137347,-0.34250087,0.39223158,0.13630198,2.0329497,0.21504153,0.38947347
1348,3,odd,0.03501351,0.12930763,-0.47211868,-0.4808896,1.3603791,-1.2018334,0.8673265,0.9370368,-1.006376,-0.94929796,1.1146445,-1.0776205,0.3637516,-0.53679085,0.34078145,-0.88521725
1349,6,even,-1.4222336,-0.33340213,0.008756191,-0.17329106,-0.6226298,-0.14280652,0.18562275,-1.4068923,1.4545019,-1.3583663,-0.18891287,-0.114670426,0.6700806,-0.85197437,-0.6736965,1.3940597
1350,6,even,0.87200767,-1.0289527,0.012409303,-0.017771881,-0.37770805,0.00989306,0.9349705,-1.1000302,-0.35453793,-0.75664675,0.46649036,-0.010770589,-0.41767251,0.44685763,-0.89052325,1.1205728
1351,3,odd,-0.24240838,0.7717414,-0.1193043,0.3526608,-1.6410813,-0.22372033,-0.3188318,0.54274994,-0.12501276,-0.42783123,0.08641382,0.24990186,0.29616845,1.066579,-1.4777334,1.203961
1352,0,even,2.4605074,0.8736337,-0.1627369,0.97804075,0.049115982,-0.01683181,-0.5725829,0.013150126,0.19401553,-0.004254749,0.26084214,-1.4473928,-0.924668,0.6400366,-0.7550425,-0.28084895
1353,4,even,0.2745129,-1.7782991,-0.08733609,-0.107169986,0.27296287,-0.17852871,0.16571027,-0.383541,2.013875,-0.28970343,0.28515136,0.37977445,-0.4737628,-0.06738797,-0.6866953,-0.6722038
1354,6,even,0.9529808,-0.80949426,0.1405476,0.55346537,-0.67735213,0.1097164,1.0408671,-0.9060897,-0.1127828,-0.24538405,0.050282605,-0.41027182,0.35274008,0.7051081,-0.6101213,1.378152
1355,4,even,0.046366736,0.76642114,0.22583476,0.30965582,-0.063819654,0.28128308,-0.635667,-0.46305442,0.5872199,0.9925648,-0.064718395,1.5782157,-0.79131913,0.7254737,-1.6020814,-0.734604
1356,6,even,-0.95634466,-0.94826066,-0.092423484,-0.5055033,-0.62781006,-0.21018595,0.7685617,-0.65015787,1.1443913,-1.4307114,0.2344751,-0.6866379,-0.2845616,0.9302574,0.02014558,1.4558475
1357,1,odd,2.205803,-1.1057708,0.01790468,0.78041697,1.2692877,-0.0124576185,0.33652997,0.859099,-1.0039843,0.4102614,-0.048223708,0.031377286,-0.43877798,-1.4350637,-0.59856457,0.25770402
1358,2,even,0.22698547,0.48235714,-0.24537961,1.0721244,1.8760746,-0.8228624,1.5255024,1.0567188,0.2259157,2.1326258,0.9308872,-0.031395704,-0.19089396,-0.019047618,-0.108276114,0.72947395
1359,2,even,-0.8439929,0.85196835,-0.116059124,0.55726814,2.6121266,0.13852997,0.08955549,-0.53149027,-0.49279693,0.5308034,-0.907467,-0.28590977,-0.10698707,-0.018919572,-0.35186356,0.38358665
1360,2,even,0.7116767,0.09506973,0.15070456,-0.52064514,-0.35744375,0.81671554,-0.24437338,0.19809109,-0.086142674,0.6984635,-1.4508297,0.6829593,-0.7588618,0.03476435,-0.18067864,1.5559801
1361,0,even,1.880102,1.7475104,0.22192341,-0.68655086,0.22704557,0.11204921,-1.3978705,-0.7034911,0.48586524,0.23376694,0.134458,-0.31997395,-0.21770196,-0.006774634,0.38406128,0.3819266
1362,8,even,0.32616496,-2.251839,0.032376435,-0.11411223,0.1766156,-0.037439566,0.27868015,0.017217606,-0.48397547,0.8590626,0.18080613,-0.58374864,0.348416,-0.5391432,0.26098514,-1.486001
1363,2,even,-1.5007329,0.29066962,-0.02009549,-0.7805381,1.4021744,0.15149902,-0.44073808,-0.044168204,-0.23294687,-0.49354747,-1.3817158,-0.95148635,1.9762951,-0.66478443,2.1171565,-0.31614047
1364,5,odd,0.6712834,-0.61457694,-0.3276688,0.22096793,0.20182043,-0.69648665,-0.12578937,-0.53948575,0.8173405,0.1637795,0.71466607,-1.4137715,-0.058484845,0.6250465,0.7008701,-0.13334563
1365,1,odd,0.98122895,-1.2942634,-0.09676981,-0.65008754,-0.5166014,-0.013881905,-0.094622,-1.5379741,-1.0357578,-0.56624836,-0.04515385,0.37806755,-0.36739987,0.48959416,-0.09135077,0.73715043
1366,6,even,-1.6846223,0.8478153,-0.10191198,0.23206441,-1.0099359,-0.43803254,0.5632583,-1.0546615,0.32641074,0.39477426,0.6871904,-0.34497273,0.64939684,-1.4538132,0.6934843,-0.5889109
1367,9,odd,-0.030139044,-0.4835437,0.025345499,-0.82962376,0.2491405,0.011758324,-1.1704669,0.36560225,0.797011,-1.2234428,0.7016434,0.89883,0.04397155,0.70041865,0.19627015,-0.93413585
1368,1,odd,0.56321234,-1.5928192,-0.22402294,-0.8653353,-1.6679763,-0.17257142,-0.34962368,-0.6831312,-0.61016476,-0.33250767,0.14232215,-0.06825259,-0.29248214,0.42844033,0.38868487,0.78718174
1369,7,odd,0.11984038,-1.208023,0.057866514,-0.8236276,1.3981473,0.09899032,-1.743916,-0.707651,0.41000444,-0.51155347,-0.03250408,-0.29684377,0.71672755,1.0730318,1.4442258,0.20184213
1370,1,odd,0.4883768,-1.3667005,-0.05620569,-0.50051725,-0.9696958,0.08693999,-0.13176133,-1.1019574,-0.519647,-0.57048416,-0.058188353,0.83396846,-0.9138295,0.38220894,-0.4630655,0.6371355
1371,2,even,-1.6114588,0.5432522,0.009304196,-0.34856477,0.6920723,-0.026792247,-0.9469606,-0.2666156,-1.4922314,1.4520764,0.18741754,0.18893814,0.92176676,-0.39706337,1.9637806,0.36733067
1372,4,even,-0.1763408,-0.46517736,-0.03815058,0.61569774,0.59166646,-0.1934326,-1.4170163,0.34088194,1.3562665,-0.6565132,0.41909185,1.9437685,-0.14812465,1.0446441,0.24664687,-0.70235753
1373,0,even,0.29517847,0.6694973,0.044261243,-0.7656527,0.058712594,0.2142376,-0.74330187,0.8416576,-1.5301154,-0.4590335,-0.5638383,1.3949555,0.6936379,0.58899933,-0.9281894,-0.6633106
1374,7,odd,0.39850247,-0.010806307,0.11835254,-0.2549693,-0.5682011,0.3157157,-0.7765212,0.6415821,0.35879394,-0.8259853,-0.17643577,0.622095,-0.13003977,1.0122869,-0.81639224,0.3795633
1375,8,even,-0.37338316,0.2030699,-0.07526852,1.2599015,-0.17826867,-0.15801248,0.3268057,1.3993354,-0.73929125,-0.852416,-0.15971011,1.1019306,-1.2735664,-0.12910487,-0.54841954,0.33063462
1376,5,odd,0.18049927,-1.2497228,0.04075155,0.25762868,-0.99123955,0.08417459,-0.1391642,0.7987607,0.89682233,-0.04722354,0.0902911,0.90533286,-0.5541574,0.8348738,-0.17654733,-0.33869264
1377,1,odd,1.4822795,-1.2747178,-0.046462573,-1.1121851,-1.8573762,0.1696681,-0.69774026,0.265409,0.37254253,0.25206864,0.25586042,0.513876,-0.4641002,0.90958625,0.2604096,0.8059969
1378,2,even,-1.6227254,0.3155786,-0.045847073,-0.46324772,0.5172998,-0.49986905,-1.1239114,0.17521036,-0.3707763,0.87145996,1.0825412,-0.3590575,0.77294683,0.90825623,2.1493714,-0.17059919
1379,4,even,-0.71842515,-0.6190794,-0.20078017,-0.3425395,0.14003831,-0.25453815,-0.6124186,0.783333,2.4741302,-0.8441291,0.6239136,1.1656344,-0.4798446,-1.1028124,-0.13034058,-1.1534467
1380,6,even,-1.7865046,1.44062,-0.17275012,0.8767089,0.47653806,-0.9329707,-0.8783517,0.82864434,-0.17136599,-0.17629522,0.93563515,-0.5729763,-0.7501462,-1.3066881,1.0442128,0.5709073
1381,8,even,0.06774227,-2.3513286,0.12707865,-0.36718842,0.3094289,0.06912759,-0.22337055,1.1567502,-0.11126056,-0.94108397,0.088726506,-1.8949394,0.6733636,-0.05143948,0.43208867,-0.47260985
1382,2,even,-0.18524815,-0.20729077,-0.13080971,-0.01654212,-0.50405437,-0.11804047,-0.31289843,0.500487,-2.1544473,-0.9538414,0.12848553,0.42885745,-0.15337487,1.0360619,-0.16653304,1.8591202
1383,8,even,-1.0415505,-2.088513,-0.08733341,0.3984422,0.049614802,-0.34457552,-0.036522537,-0.12139396,-0.6323806,0.22572988,0.40750208,0.47549832,0.30616456,-0.6668662,0.8489396,-1.0525947
1384,1,odd,1.3623928,-1.4647585,-0.07730281,0.030663291,-0.48794156,-0.05581435,-0.39603102,-0.6429786,-1.3904227,0.23845623,-0.091757536,0.61128026,0.6185085,0.14157319,0.52151966,1.5068586
1385,8,even,-0.7174862,-1.4657528,-0.15413262,0.14807086,0.3682508,-0.18207516,-0.17710727,-0.045229286,-0.63816166,-0.709294,-0.029234033,0.9102621,-0.906624,-0.09920466,-0.45836592,0.35549778
1386,2,even,-0.23187746,-0.36678135,0.09724546,-0.32878375,0.8271223,-0.22377911,1.181906,-0.6435406,-0.95063883,-0.030076986,0.3705215,0.79998505,0.22096764,-0.41245264,1.9053729,1.2298776
1387,9,odd,0.6151561,-1.157648,-0.042351916,-1.2569779,-0.25379086,0.11690748,-0.45521766,-0.57542515,-0.075778134,0.48419493,-0.34740725,0.81281906,0.7836738,0.5671241,1.1911757,0.39515945
1388,8,even,0.12022715,-1.0380661,0.012257639,0.24545962,-0.84601337,-0.25792304,0.60267794,1.1156695,0.0095354095,-0.0543797,0.17313367,-0.6764859,1.3321867,-0.8585911,-0.81921005,-1.1606874
1389,8,even,0.046190552,-0.91838086,-0.21325718,-0.17222913,-0.37806156,-0.026777826,1.5623803,1.0198226,-0.6392025,-0.47944418,-0.36976397,0.67774254,-0.44248998,-0.42329627,-0.20877405,0.12362729
1390,8,even,-0.8689603,-1.4845417,-0.05160196,0.4727749,0.516604,-0.28090063,-0.860845,-0.49116477,-0.22079971,-0.1669658,0.09088889,-1.3458245,0.5827666,-0.57518876,-0.46782786,-1.8112555
1391,8,even,0.094165675,-1.6289166,0.17360996,0.29207334,-0.7261005,0.5604187,0.5814401,1.6035883,-0.13441265,0.25385877,-0.5863271,-0.6860244,-0.16458516,-0.24753179,-0.1298466,-0.78764087
1392,1,odd,1.1783224,-1.5352471,-0.08639608,-0.898867,-0.9481505,0.17934583,-0.5324844,-0.92537653,-1.1383376,-0.3391844,-0.12787968,0.39284584,0.012050991,0.80293435,0.29260844,0.9544004
1393,3,odd,-0.069463745,-0.72929657,-0.20214696,-0.26728478,0.04611459,-0.44669005,0.6310622,2.0009234,-0.119935185,-1.4493796,0.38828114,0.7919055,0.8098176,-1.1817263,-0.8739866,-0.15242267
1394,3,odd,0.5491533,-1.4054627,-0.36468315,-1.2287896,-0.13798985,-0.32694593,0.43648878,0.62598896,-0.616831,-1.3451272,0.06173206,1.0831668,0.27189097,0.12266585,0.22485362,0.23469019
1395,5,odd,0.61539394,-0.42975384,0.06962578,-0.18917064,-0.39265573,0.41131333,-0.8226818,0.03288597,0.80289626,-0.12901005,-0.32109794,-0.026994586,-0.914541,0.04588902,1.3168584,0.038896926
1396,5,odd,1.4958292,-0.33242902,0.15657455,-0.099868804,0.94786686,0.3983467,-0.56542337,-0.77329576,-0.46467593,0.022879321,0.09418361,0.14004059,-0.45482624,-0.519194,-0.9133865,0.7501785
1397,1,odd,1.3524268,-1.9508876,-0.07593064,-0.30629802,-0.7226701,0.06849739,-0.6074017,-0.35741353,-1.216605,-0.13849784,-0.36223778,0.0741536,0.5605965,0.19475769,0.60161126,1.6540242
1398,7,odd,0.13191925,0.06809654,0.057398904,-0.8745887,-0.63893867,0.15755902,-1.1338181,-0.035208136,1.0344927,-1.2301803,-0.20287272,0.86279905,0.011036302,0.28552562,0.52606815,-0.6279975
1399,0,even,0.6972159,1.0090034,-0.103383556,-0.021900997,0.095056206,-0.48106676,-0.31278768,-1.2058733,-0.4402523,0.5768997,0.63270617,-0.34792525,-0.15670283,1.1234031,-0.20514098,-2.1013763
1400,7,odd,0.24279557,-0.67226446,0.16662952,-0.8373331,1.4856548,0.34904084,-1.2426071,-0.78907055,0.12107097,-0.9800779,-0.4492608,0.8845467,0.44933423,1.0889578,1.5705714,-0.16494265
1401,3,odd,0.61814433,0.81896996,-0.3220088,-0.41643748,0.07388505,-0.71034044,0.26570246,1.2902136,-0.6007855,-1.2270654,0.17715785,-0.9897703,0.96742046,-0.19178982,0.3462211,0.20185009
1402,6,even,0.5418552,-0.22777289,0.10610308,1.4093395,-1.0949805,-0.025287256,1.0312173,-0.25851434,1.121462,0.6167495,-0.33971065,-1.5978453,0.8339583,0.44640052,0.10593654,0.26532584
1403,4,even,-0.2878582,0.12379212,-0.31605995,0.33714846,0.1977191,-0.45835757,-1.5213461,0.4451276,0.4395424,-1.8117325,0.99791384,1.3772478,-0.38848773,0.14621544,-1.5899785,-0.0011277869
1404,6,even,0.4892736,0.9545709,0.10786539,0.40327436,-0.63065696,0.11273444,-0.0927431,-0.39390704,-0.11388077,-0.7916838,0.40707937,0.72339094,-1.2412105,-2.79148,0.16422237,0.106605105
1405,6,even,-0.17526759,-0.3677786,-0.20742287,0.6337968,-1.6006576,-0.12524994,1.3933351,0.059021205,-0.40200636,-0.19095272,-0.16389579,-0.29431623,-0.55280584,1.7642723,-0.6065588,1.2373829
1406,8,even,-0.72371626,-0.56391513,-0.52081335,0.52413315,1.5374774,-0.98655057,0.30877864,0.4093688,-1.1773692,-0.6716498,0.30350244,-1.402597,-0.69676673,-0.49359566,-0.7699027,-0.6838144
1407,8,even,-0.15197785,-1.9122629,-0.12290926,-0.63873786,0.6695287,-0.2839615,1.3288,-0.16300163,-0.97446615,0.28536054,0.35257426,-0.78969896,-0.035838522,-0.7744686,0.21009664,-0.78612876
1408,4,even,0.25851756,-1.1415105,0.1495195,-0.30978322,-0.23501566,0.11343634,-0.26860493,0.6887575,1.9614818,0.1277141,-0.20013979,1.4450561,0.5629529,-0.90148175,1.5515547,-0.13321441
1409,4,even,-0.17956443,-0.41596484,-0.0030817427,0.47121668,1.0921686,-0.033515386,-0.51675075,0.5433928,1.7628388,-0.08655675,0.14375958,1.5977463,-0.3922422,0.63470256,1.0986487,-0.95342106
1410,1,odd,1.3912972,-1.8300859,-0.04324153,0.53661823,0.16681616,-0.17859866,-0.35163978,-0.046293437,-1.3239999,0.6454457,-0.23141068,0.14208637,0.992869,-0.67057806,0.14242421,1.5698668
1411,2,even,-1.3019899,-0.25386155,0.1761506,-1.3474398,0.74383134,0.06252886,0.26445478,1.479919,0.10213458,-1.2769288,0.8983701,0.009957999,0.48087034,0.14630306,0.27823526,1.9260421
1412,2,even,-1.5251359,0.3131453,0.054270115,-0.0021828837,2.1921122,-0.035909194,-0.38695303,0.08703655,-1.7790551,-0.27209598,0.48996082,-1.389834,0.88140225,0.81469244,-0.016081855,0.34371898
1413,7,odd,0.3117029,-0.24584785,-0.22114299,-0.30073234,0.09087977,-0.4823172,-2.1437352,-1.406354,0.4641338,-0.1721249,0.27234176,-0.015345812,0.78051925,0.6325262,1.0241351,0.027811699
1414,2,even,0.22768712,0.029088885,-0.14892858,-0.33954746,-0.18666601,0.2416164,-0.27606416,0.52061695,0.5069928,1.0298407,-1.4081814,-0.35647345,-0.32456905,-1.2926013,-1.293704,2.0182807
1415,5,odd,1.6646503,-0.71228576,-0.06794898,-0.120738484,-0.77303815,0.19523466,-0.46801257,0.5598191,0.127895,-0.27689415,-0.071267985,0.7823246,-0.76650536,0.54435694,-0.12146419,-0.5142364
1416,0,even,0.6009483,2.0763383,0.30853516,-0.98606545,-1.3714819,-0.12290831,-1.2358296,0.41217035,-0.61199,0.2085924,0.94529134,-0.30518,0.52009434,1.1316775,0.87069684,-0.09516924
1417,2,even,-0.73607165,1.2564427,0.1833809,-0.8717852,2.0244577,0.61562854,0.40985668,0.98488253,-0.20939651,-2.0059772,-0.67433286,-1.4698865,1.7305423,-0.4132198,-0.67594373,-0.068520196
1418,6,even,-0.16655354,0.20920739,-0.081220835,-0.1872566,-1.2131207,0.059721205,1.4047041,-1.4756474,1.0777808,-0.07467086,-0.20709467,-0.29400396,-0.06357038,0.19886014,0.27113783,0.5733408
1419,5,odd,0.359308,-0.6743256,0.28089362,-0.7064097,-0.027504496,0.71163964,-0.75370646,-0.6847083,-0.10802831,-0.49445823,-0.9895206,-0.50587535,0.7329004,-0.17977275,-0.5661058,-0.9109328
1420,5,odd,-0.310997,0.6290634,-0.37722248,0.6556633,-0.367285,-1.18221,0.7453246,0.5718499,-0.7620357,0.60923195,1.1636463,-1.2596769,-0.043678142,0.74240315,-0.4085536,-1.3206445
1421,3,odd,-0.33103347,-0.080889344,-0.40774113,-0.12573968,-0.93067455,-0.29506868,0.99266994,0.70542914,-1.16493,-1.7353681,-0.07043788,-0.30453366,-0.19873409,1.608178,-0.40368113,1.0602462
1422,0,even,1.3214753,-0.6990569,-0.07574864,-0.95382303,0.91089904,-0.16901706,1.4588068,0.46974093,1.1408384,-1.3289495,0.41755202,-1.0308304,0.8233397,0.36394683,1.3481326,-0.47050628
1423,8,even,-0.15321954,-1.728341,0.047619876,-1.3110589,0.12821364,0.40746152,0.17192903,0.85759145,-0.56323653,-0.71233624,-0.032011982,-0.14009932,0.4344648,0.50978243,-0.9245752,-0.848237
1424,8,even,0.46255833,-1.2629412,-0.07715464,-0.33995122,0.29915348,-0.21542653,-0.4261219,-0.30169138,-0.12762727,0.82121706,0.53188866,-1.0718129,0.091859415,0.012147263,-0.72818047,-1.5419625
1425,0,even,-0.28849745,0.24347433,0.045581065,-0.3390298,1.1569195,0.010827381,0.53450084,-0.97256446,1.3528998,-0.7376029,0.0037314687,-2.083504,0.26734602,-0.23506878,0.7679777,-1.6361266
1426,3,odd,0.9814309,-0.528245,-0.12825976,-0.82376003,0.22217217,-0.05668633,0.7688259,-1.45278,-0.75019944,-1.1735207,0.091366075,0.6452087,0.06529597,0.7611705,0.6374406,0.12368158
1427,4,even,0.35977808,-0.6164161,-0.004279997,0.26706243,0.7793753,-0.16732714,-0.7682113,1.0763192,0.33784935,-0.9707391,0.4172646,2.2542315,-0.035651635,0.8434741,0.087379545,0.65863585
1428,9,odd,-0.79109466,-0.3143709,0.13195005,-1.0043585,-0.39182246,0.48429096,-1.8398213,1.6528001,2.0639684,-0.026512062,-0.09180902,0.44809425,0.23830643,1.1708964,1.1452463,-0.03658346
1429,0,even,0.33659935,1.8792616,0.4114157,-1.5200293,-0.8570543,-0.01902221,-1.4599128,-0.07687597,-0.052188255,0.49665648,0.6888188,-0.0473997,0.57174444,0.6209469,0.7238935,0.47931367
1430,6,even,1.084295,-0.20194179,0.28926492,0.71127987,-1.297544,0.2032586,1.2970726,-0.17758681,-0.20358655,0.43571135,0.26432934,-1.317436,0.63929135,-0.20220454,-0.9876436,1.1069686
1431,7,odd,-0.37792307,-1.8155851,-0.04157789,-1.3806472,-0.47963208,0.21914074,-1.5552585,0.81213504,-0.9858106,-0.4605098,-0.3546907,-0.086901784,0.59874743,-0.088133544,1.3631812,1.2041259
1432,1,odd,1.1300824,-1.6834872,-0.04362867,-0.8692944,-1.0435263,0.24849704,-0.67532414,-0.64943516,-0.6698665,-0.11165282,-0.055667974,0.18127136,-0.1418458,1.1019768,-0.1465617,1.1620717
1433,9,odd,0.14941049,-1.3694872,0.09247184,-0.5551424,-1.1498024,0.12146841,-0.7458769,0.42465264,2.3058228,-0.8581082,-0.31284928,-0.3456052,1.5054162,0.3480311,0.17289658,-0.12522525
1434,1,odd,0.50537604,-1.1548266,-0.12958185,-0.7196972,-0.31655866,0.047091592,-0.110054,-0.89452094,-0.671641,-0.47689065,0.21945661,0.6528225,-1.021474,1.1796529,-0.47889978,1.0396943
1435,4,even,1.3423344,-0.24556395,0.051735267,0.41314304,0.6025854,-0.436314,-0.29975462,0.034426212,1.1256019,0.39992276,0.24951339,1.4067286,0.7058783,-1.0457968,1.5488484,0.5391836
1436,9,odd,-0.015950903,-1.4108909,0.027080659,-1.225635,-0.8712054,0.21794884,0.10951784,0.45339966,0.96848047,0.3223877,0.108895816,1.2656615,0.40088964,0.83693445,0.14514242,0.66366524
1437,5,odd,-0.539222,-0.037076913,-0.20738627,1.0307617,-0.82414263,-0.83022547,-0.94793135,1.6369722,-0.42137784,-0.046693012,0.4916393,-0.7924082,0.43630704,0.51094484,0.26331592,-1.2635294
1438,6,even,0.76776415,0.42079982,0.12883338,1.3026042,-1.3392045,-0.18124917,0.44644943,0.39673138,0.60938865,0.8852943,0.2450304,-1.7785127,1.0246466,0.13186656,-1.0846853,1.3780302
1439,7,odd,0.024111368,-0.9072671,0.09305621,-0.9513734,0.87287295,0.06898673,-2.2751546,-0.59879607,0.5831012,-0.25282553,-0.0017722547,0.19206537,1.1062255,1.3292928,2.2543776,-0.25689402
1440,2,even,-0.76768786,-0.30374998,-0.10296431,-1.3737103,0.22978282,0.033389013,0.042798482,-0.37279493,-1.0688562,-0.861609,-0.27764297,0.016735584,0.35666433,-0.11300765,1.5861918,1.839373
1441,1,odd,1.4897666,-1.3455726,-0.040460594,0.73333555,0.221726,-0.064280726,-0.13810556,-0.30601624,-1.4946101,0.8740921,-0.18667051,0.64419615,0.6149504,-0.30182976,-0.26853457,1.2319251
1442,0,even,-0.9173959,1.8078393,0.25039315,-0.4392617,-1.360169,0.47382182,0.0058161765,0.845656,0.34808812,-1.7414558,-0.46417508,0.6631324,0.14758593,-0.84487027,1.0451695,-0.8319259
1443,8,even,-1.4975532,-1.5400898,-0.024656698,0.45844942,0.08893519,0.15406576,-0.60950595,-0.11245856,-0.79014736,-0.5751167,-0.07370572,-0.18262845,-0.36482376,-0.53631604,-0.19078785,-1.3758047
1444,7,odd,-0.12437244,-0.55850893,0.1276159,-1.0790179,0.7261069,0.48133832,-1.023701,-0.7656673,0.23703578,-0.6096035,-0.43925226,0.10181807,0.9641002,1.0869616,0.5844302,0.063784935
1445,9,odd,0.33785105,-0.6941059,-0.024132349,-0.55348027,-0.8491262,0.17494944,-0.16263407,1.5266776,1.8325375,0.40754834,0.012825698,-0.08935109,-0.07382595,0.49960482,1.6947598,1.1889812
1446,1,odd,-0.21683042,-0.31595948,-0.3980087,-1.3375044,-0.84135634,-0.5156168,0.40545726,-0.38045818,-0.9040182,-0.33120808,0.7529112,-0.05608201,-0.02187597,0.80723673,0.88211745,1.2193327
1447,1,odd,1.2945194,-1.5050162,-0.08171062,0.53422683,0.14946768,-0.24356632,-0.036653563,-0.5623162,-1.4623572,0.8720023,-0.045589276,0.40040764,0.79618883,-0.5006369,0.24476485,1.484545
1448,8,even,0.21591309,-2.61056,0.11954761,0.5304508,0.7012681,-0.053576343,-0.037103653,0.15874344,-0.22063598,-0.021849582,0.07100677,-0.8273617,1.0231248,1.7903749,0.17914735,-0.72395223
1449,4,even,0.5186376,-1.4241129,0.06034679,0.9477718,1.2524493,-0.07069728,-0.6314017,-0.7284021,1.2353646,1.6223732,0.06877507,0.43553448,-0.47927228,-1.1193007,0.668529,-0.078487836
1450,4,even,-0.701958,-0.6221929,0.107480444,0.15966552,-0.06690239,0.18855341,0.46562153,0.04970628,1.9677923,-0.30064416,-0.23024216,0.44623303,-1.0086026,0.35750654,1.0399858,-0.5812044
1451,0,even,1.619873,0.23052278,-0.13087994,0.39687657,-0.71314263,-0.055146705,-0.7063423,0.1019364,0.73156613,-0.4498225,-0.39312154,-1.17642,0.078733884,0.36388946,-0.03606011,-1.8758686
1452,8,even,-0.56577426,-0.7465201,-0.0061847195,0.5000726,-0.0022749826,0.28244483,-1.0110302,-1.1110871,-0.9757838,-0.45341194,-0.7034816,0.3490159,0.58232373,-0.4564764,-0.60522515,-0.6268164
1453,1,odd,0.49834514,-1.3650202,-0.08926226,-0.5693217,-0.8209894,0.03998449,-0.3273239,-1.26547,-1.1289953,-0.30907264,-0.029701784,0.13808367,-0.41658485,0.705412,-0.016097784,1.2585236
1454,6,even,0.48637086,-1.512112,-0.15588371,0.7301143,-0.36643368,-0.23666273,0.6145904,-0.30547228,-0.29888424,-0.61142266,-0.1147196,-0.8210912,-0.14177449,1.1584865,0.3882619,2.0513446
1455,2,even,0.10533273,-0.56998074,-0.19230382,-0.46126476,0.82724696,-0.47482216,0.46348146,-0.40881252,-2.027642,-0.97537255,0.2913012,0.62897956,1.1548046,0.9774243,0.6143989,1.0564697
1456,5,odd,0.23834825,0.884698,-0.3540656,0.03652066,-0.3225016,-0.68220496,0.27323225,0.6887668,-1.8897091,-1.524334,0.11231547,0.35100555,0.4994163,0.7585025,-0.9551152,0.021318456
1457,4,even,-0.24542831,-1.4643153,-0.245851,-0.7158943,-0.6291892,-0.5646667,0.3853627,-0.62181675,1.4862435,-0.79897356,1.010668,0.5777933,-0.010990152,0.06260504,-0.88502896,0.07440644
1458,9,odd,-0.14253913,-1.518605,0.16377959,-1.1091787,-0.09719666,0.25058156,-1.0203817,-0.29542536,1.596859,-0.022961712,-0.014789828,0.4127312,1.1289117,0.4405871,0.35553735,-0.53217643
1459,3,odd,-0.48755538,1.3173468,-0.5537596,0.6531874,0.96259695,-1.1666507,0.4638907,2.2697773,-1.365817,-1.4072682,1.1067293,-0.19017982,1.5952889,0.211532,-1.6460317,-0.26828846
1460,1,odd,1.4525057,-1.8080289,-0.048483245,-0.039117828,-0.69989425,-0.098592356,-0.3230218,-0.37712076,-1.1718044,0.023248378,-0.053849928,-0.22078657,0.6164098,-0.28081417,0.64939475,1.8921506
1461,2,even,-0.5732285,0.31809866,-0.2408791,-0.07968854,1.8507196,-0.28632054,0.42457822,0.81531996,0.24719799,1.1404147,1.2703273,-0.019372076,-2.1014185,-0.27951753,-0.3485243,0.04220906
1462,0,even,0.69116247,1.2058365,-0.060053617,0.72251993,0.30276147,-0.18073092,0.39773908,-1.3921328,-0.5228039,-0.63835377,0.21474549,0.6809375,-0.18054698,0.30570257,0.046554133,-1.0619442
1463,4,even,0.3878271,-1.0372204,-0.100365356,-0.28588265,-0.83225036,0.15040134,0.0556034,0.05328065,0.6164211,0.78647894,-0.04081861,1.4406118,-0.11252151,0.8598314,-0.098027214,1.1872026
1464,3,odd,-0.42717314,-0.5618962,-0.45357382,-0.47557777,-1.1536957,-0.55663145,-0.20365018,1.5325899,-0.6599123,-1.5924717,0.10569346,0.12875386,0.79450095,-0.18845554,-0.48634744,0.78371835
1465,8,even,-0.5287331,-1.8681129,-0.100978285,0.3739163,0.07738751,-0.3134404,1.4692304,0.83173877,-0.73843485,0.64628017,0.28643194,0.19852473,-0.8077156,-0.11240421,0.47830522,-0.42727438
1466,9,odd,0.11835589,0.7438736,0.06383531,-0.31627923,-0.1137949,-0.408051,-1.1232221,0.12942427,0.4226675,1.8217846,0.66719586,0.7831492,0.6408468,-0.6885854,-0.63158554,0.57220405
1467,7,odd,0.12982464,-0.56775504,0.08964409,-0.35024616,0.7418104,0.5107517,-1.7084553,-0.70095587,0.46480936,-0.7860765,-0.715083,-0.57609975,0.60097563,0.7536112,0.11145727,-0.12874484
1468,9,odd,-0.21585469,-0.80652535,-0.12103282,-1.2438455,-0.8246157,0.22304457,-0.74289066,1.2240498,1.1509705,1.2152338,0.02570809,1.112798,-0.20864654,0.3499055,0.90177935,0.7628188
1469,4,even,0.47024798,-1.9370481,-0.03692457,-0.6489244,-0.7018859,-0.2007677,-0.26855323,-0.9254274,0.013766266,0.6765306,0.12407682,1.3192308,0.59943277,-1.1447535,0.45781434,0.19927427
1470,6,even,0.59286815,-1.3009948,0.0037596002,0.6616649,-1.1614032,0.012347762,0.7938788,0.056895882,-0.20720977,-0.36519402,-0.09823677,-0.6735598,-0.5619144,1.1446325,0.27671933,1.8471284
1471,4,even,0.6054129,-1.3761559,-0.0430644,0.39507338,0.5879806,-0.3301161,-0.7006523,-0.7934871,1.3226254,0.8277448,0.09948375,1.1126035,0.60860443,-0.5362076,1.0515527,-0.49578187
1472,7,odd,0.8464258,-0.96130705,-0.23839228,-0.98158133,0.17174184,-0.33208397,-1.5199494,-0.9131517,1.6988318,-0.81717086,0.33726314,0.2303949,-0.25006515,0.4918456,1.5483665,-0.63710034
1473,0,even,-0.20478828,1.5736462,-0.01918871,-0.60934097,-0.7967644,0.36604074,0.5575367,0.3020833,-0.5605221,-1.2741668,-0.28274655,0.82237667,0.36036658,-1.1821228,0.59663343,-1.6768255
1474,7,odd,0.16048315,-0.096629135,-0.17748037,-0.26421782,-0.5391765,-0.72326607,-1.0091121,0.6182655,1.2468319,-2.1596174,0.87895095,0.019044906,-0.444148,0.42396253,0.23590241,0.350299
1475,6,even,-0.06415197,-0.1711938,-0.048419535,0.56224144,-1.7086952,-0.2200598,1.2690942,0.2866432,0.69533235,0.2225245,0.43427768,-1.904449,0.9354499,-0.25315076,-0.6475176,0.9045754
1476,1,odd,-0.067987785,-1.4895574,-0.14393046,-0.88147396,-1.20069,-0.0031821616,-0.1608676,-0.94351476,-0.6650394,-0.90902376,-0.032505978,0.17470562,-0.9143119,0.5004068,-0.010999963,0.9906431
1477,3,odd,0.033884168,0.0066982806,-0.59323984,0.027127014,-0.49233168,-0.70029134,1.1892672,0.17517939,-0.42960173,-0.86813307,0.48648158,-0.4254464,-0.17020932,1.2574254,-0.30129075,0.45981902
1478,2,even,-1.3447803,0.41675586,0.12846552,0.17285147,1.5462496,0.19771178,-1.0735209,-0.47446784,-1.193124,-1.0363822,-0.76850605,-1.806608,0.22493802,1.0392078,0.5639949,-1.4383641
1479,5,odd,1.0185503,-0.48245072,0.05297011,-0.15483859,0.44229835,0.45744988,-0.46164793,-0.25127745,0.7480085,0.3120887,-0.32834178,-0.50984186,-0.97706616,0.07502411,-0.12398707,0.5017311
1480,5,odd,-0.4110428,0.30505887,-0.11748046,0.4235265,-1.423388,-0.31540948,0.39919806,1.6320727,-0.67723656,-0.59656215,-0.0005343314,1.3647302,0.27893904,0.08037537,-1.1372267,-0.60787404
1481,7,odd,-0.22582583,-0.22337091,0.14461008,-0.7763817,0.4709726,0.3110009,-2.1139379,0.5328055,1.1304185,-1.7097251,-0.3367765,0.1650195,0.38391596,1.4247642,1.4089445,-0.8336
1482,7,odd,-0.12885754,-0.5825133,0.058915436,-0.9552196,0.7528392,0.34788737,-1.5069172,-0.6850883,0.5735621,-0.8715161,-0.31304896,-0.3605203,1.0247778,0.97505033,0.67888105,-0.024423588
1483,9,odd,-0.12603661,-1.0703443,0.06837752,-0.3405389,-0.6524319,0.10324082,-0.6701127,0.3345328,1.439741,-0.0048683397,0.40031427,0.84012157,0.7001265,1.4198369,0.11639081,-0.86823374
1484,9,odd,0.26986313,-1.1417692,0.16640496,-0.159041,0.2173456,0.3838789,-1.4522142,-0.4326693,1.9766414,-0.31963614,-0.47291842,-1.0523803,1.5596765,-0.13733278,0.103745565,-0.50083435
1485,6,even,-1.2460661,1.2600143,-0.13538289,0.42578635,-1.1722096,-0.40935916,0.08479883,-0.5399915,-1.2532158,-0.34262043,0.68001056,0.93935823,-0.0010642209,-1.3991656,-0.41219282,-0.080692865
1486,2,even,-1.676446,0.530279,-0.12645765,-0.94583315,0.14771459,-0.16163357,-0.58299166,1.070704,-0.98827887,1.03733,-0.1740017,-1.4978127,1.4400095,-0.3191387,2.1877036,0.88999957
1487,2,even,0.52172536,0.36834294,-0.13374029,-0.9136627,0.03757792,-0.022123158,-0.22393352,0.82052356,1.043772,2.4623387,-0.31642672,0.4508831,0.54803145,-0.26549596,-0.5528567,1.1872288
1488,5,odd,-0.45082963,-1.1112156,-0.5144232,-0.31974643,-0.48429614,-0.6409594,1.570065,-0.3369184,0.08868549,-1.5214193,0.727945,0.04942289,-0.22902216,-0.40697378,-0.5510823,-0.1498977
1489,5,odd,0.10104842,0.12171244,-0.42518175,1.5666779,-0.37506658,-0.92127264,-0.13979736,1.2139969,-0.25126144,0.76913804,0.6352613,-0.17690927,0.015673231,1.0033497,-0.098645456,-1.1848818
1490,7,odd,0.3147581,-1.1705229,-0.07784748,-1.6572082,-0.5416509,0.40331453,-0.76882553,0.49460143,-0.18200888,-0.7545159,-0.3179788,1.4198811,0.3704289,0.86260384,0.8778724,0.70920634
1491,1,odd,1.172249,-1.4612657,-0.11710179,0.28117716,-0.028438874,-0.23604168,-0.054098517,-0.69805217,-1.430061,0.9317256,-0.030349236,0.44416916,0.6300727,-0.047278225,0.15940343,1.5086701
1492,6,even,0.20968738,-0.7633981,0.09027095,0.8893846,-1.1673303,-0.041956358,0.7371257,-0.568403,0.59225833,-0.20355542,-0.4012984,-1.0837979,-0.373501,1.1509889,0.6902986,1.4294455
1493,0,even,1.4487052,0.5177895,-0.15239087,0.0825295,-0.36603153,-0.37163842,-1.044256,1.1217349,0.73585075,-0.12348695,0.41008455,-0.7790979,0.08499667,1.403978,-0.48309278,-2.0941427
1494,3,odd,-0.4133631,0.24638447,-0.5544059,0.57285315,-0.6977454,-0.4581671,0.12878796,0.95180386,-1.2559872,-2.436186,-0.39550084,0.21716811,0.19413204,0.86844796,-1.3365626,0.56570244
1495,2,even,-0.65655684,0.51250917,-0.11698744,0.14969115,1.2589893,-0.2999597,0.92161304,1.2705495,0.40717137,1.2835586,1.7201359,-0.22231317,-1.1254864,0.4485907,-0.6808202,0.15762131
1496,3,odd,0.56722254,-0.021060921,-0.5031662,-0.0046866066,0.9037082,-0.9311803,1.0939038,1.4262433,-1.336659,-2.1185586,0.13647667,-0.0020511448,1.0088916,-0.7056828,0.17393567,0.04590813
1497,4,even,-0.06693165,-1.3682191,0.04772749,-0.40125456,-0.47575134,0.1720267,-0.44975817,0.4383362,0.9218193,1.0357858,-1.2011846,-0.15765059,0.6913114,-1.6276653,0.2790568,1.3953302
1498,6,even,-1.1799859,0.9640204,0.06350131,0.6738132,-0.8961021,0.21975046,0.5722219,0.042905748,-0.04607872,1.0113875,-0.44506848,0.4854596,-1.2524599,0.50101256,0.9121203,0.9175131
1499,3,odd,-0.03085716,0.51473266,-0.4223746,-0.2575455,1.3005451,-1.0170541,0.95706475,1.5893183,-0.94024974,-1.6969543,1.1105713,-0.5669135,1.0048162,-0.71767884,0.19701825,-0.4032468
1500,5,odd,1.9520667,-0.657105,-0.021147475,-0.110324055,1.1614666,0.10164024,-0.91585606,-0.70201087,-0.3854007,-0.34354472,-0.017813904,-0.53856504,-0.46770406,-0.41314322,0.059950754,0.81425524
1501,2,even,-1.6718961,0.34303162,0.3446805,-0.7421805,0.6768638,0.66292316,0.15796006,0.349787,0.6388161,-0.5784534,-0.9704973,-2.0017505,0.7863679,0.5395539,1.758334,-0.9933009
1502,7,odd,-0.4252305,-0.8194989,0.03241562,-0.5494067,0.6429225,0.3419858,-1.9604802,-0.8881188,0.20414841,0.12530605,-0.28784797,-0.51313984,1.0624774,0.7789297,0.2008485,0.15579966
1503,4,even,1.0019155,-0.70353633,-0.12118009,-0.3729556,0.39623523,-0.114179194,0.48265883,2.219807,1.6499581,-0.24141072,0.5742104,0.66028714,-0.10582559,0.29879147,-0.42522836,1.584547
1504,8,even,1.1369962,-0.9997785,-0.1754052,-0.89343596,0.7284742,-0.61435586,0.5971896,0.15855283,-0.15725368,-0.833279,1.1257828,-1.0305636,0.39905405,-0.51986,0.4660846,0.1210568
1505,3,odd,-0.15030809,0.34666485,-0.66939914,0.2858049,1.4744419,-1.5967867,0.6708913,1.112988,-0.530455,-1.0160569,1.8155271,-0.7913053,-0.46964818,-0.6084022,-0.5964961,-1.028523
1506,7,odd,0.111497596,-0.64581376,-0.09474395,-0.56732124,0.42926946,-0.18747723,-1.1168182,-1.2794347,0.40874624,-0.7695823,0.0264792,-0.022783577,0.5589734,0.65938246,0.39367163,0.103271894
1507,4,even,-0.26073265,-0.77207667,-0.11789915,-0.23295903,0.34989592,-0.3281946,-1.4039307,1.697684,1.1523936,-0.73958236,0.602877,2.0087023,-0.2122823,0.033902913,0.52710587,0.6647922
1508,9,odd,1.0217396,-1.8679811,0.1357475,-0.21652457,0.8204388,-0.07879226,-0.5458182,-0.5950935,-0.36712003,0.02205024,0.187206,0.3068025,1.251792,0.4133448,-0.072986275,0.82336277
1509,8,even,0.6801431,-0.5289781,-0.14839132,-0.387254,0.7201022,-0.045669287,-0.15816566,-0.7792163,-0.09637937,0.12583293,0.121216245,-1.2855095,0.68700457,-0.08177517,-1.483083,-1.2337507
1510,5,odd,0.24256074,0.023079619,-0.16981293,0.8400009,-0.6546501,-0.2990752,-1.1213064,0.9124722,0.4949636,-0.51540565,0.39626077,0.7492523,-1.154505,0.84029025,-0.15158749,0.13302556
1511,7,odd,0.3449607,0.4114029,0.12607329,-0.25173506,-0.4858201,0.19240564,-1.109159,0.5702836,0.59336835,-0.73916006,-0.26330778,1.331641,-0.118364714,1.6570413,-0.09980827,0.13317013
1512,0,even,0.8493902,1.341507,-0.23008244,-0.33266452,-0.37539834,-0.3241306,0.7755858,1.3538151,0.08854101,-0.7338272,0.43692017,-1.9714701,-0.26905745,-1.767855,-0.30595827,-1.1420346
1513,3,odd,0.38485795,0.11618859,-0.5911178,-0.5311935,0.2936421,-1.0199825,0.008356132,2.1398199,-1.4085937,-1.308239,0.25423476,-0.75185645,1.9873165,-0.30475557,-0.17949925,-0.6363385
1514,2,even,-0.23135193,0.21131584,-0.2608915,-1.0456555,1.576496,0.13274816,-0.16993603,0.18398243,-0.61217713,-0.047921464,-2.099879,-0.55944324,2.2775023,-1.2816466,0.89152247,1.0506119
1515,8,even,1.1093403,-1.271178,-0.2760058,-0.61163515,0.7194256,-0.4760792,1.3358672,0.5647321,-0.7472599,-0.20974897,0.43820605,-0.30681503,-0.8651014,-1.0338817,0.64681715,-0.5250124
1516,0,even,1.6700124,-0.065781176,-0.06527203,0.26831356,1.4426333,-0.08996047,-0.1595619,-0.7161482,1.3752829,-0.4375294,0.20661616,-1.720947,0.20137557,0.8712903,0.048326015,-0.5437782
1517,4,even,-0.6592514,0.78666556,-0.17192109,0.3487721,-0.25990057,-0.28267175,0.39919057,0.12484774,1.1171798,-0.46169376,0.04500483,1.802074,-0.111342534,0.63471115,-1.3431771,-0.3824287
1518,4,even,-0.18712278,-0.39296702,-0.09282404,-0.22779195,0.6124576,-0.12217581,-0.82066983,-1.5676413,1.1844814,0.77334,0.2839819,0.37644798,-0.47581267,0.43395454,0.48983353,-0.8148707
1519,6,even,-1.1344188,1.1141967,0.031414524,0.54739857,-0.64520645,-0.4407908,0.15787522,-0.18061517,-0.8924183,0.13839397,0.71208996,0.7845069,-0.4858095,-1.249384,0.428725,0.25908902
1520,8,even,0.15008242,-0.6587266,-0.12449232,-0.24796762,-0.27027214,-0.048506156,0.74237597,-1.3445332,-1.0464227,-1.1701602,-0.079887964,0.43375915,0.2389934,0.50552785,-0.83254385,-0.86227524
1521,1,odd,0.73740715,-1.3427846,-0.1824425,-1.0659361,-0.48696548,-0.0764512,-0.5114118,-1.3603294,-1.1141243,-0.58964694,0.0014663227,0.13760547,-0.04092283,0.14923693,0.6238687,1.0076787
1522,2,even,0.5622845,-0.20545694,0.038952045,-0.13351326,0.29465392,0.20121661,0.9601191,-0.31011784,-0.43063143,0.6255284,-0.43107238,0.23693703,0.34173608,-0.30432928,-0.15700608,0.9859043
1523,0,even,-0.022021458,-0.5376849,0.24851955,-0.29782346,-0.84915674,0.3000019,1.1702104,0.44428825,0.42429203,-0.41037226,-0.315857,0.61344904,0.6414678,1.2641581,-0.4194612,-0.78244966
1524,2,even,0.6247342,0.951367,-0.0061436817,0.8416656,1.3207613,-0.5075017,0.26332143,0.5160191,-0.13779277,1.7311023,1.622006,-0.52066576,-1.0144925,-1.459108,0.50246716,0.6867517
1525,0,even,-0.026223615,1.3399467,0.0025673993,-0.35011724,-1.6491493,0.07393956,-0.13789481,-0.48692805,-0.64253867,-0.16759245,0.01227005,-0.07437381,0.5350853,-0.30852902,0.8601741,-1.5483153
1526,1,odd,1.3164213,-1.5147089,-0.07440078,-0.30605346,-0.3985653,-0.07918701,-0.37146154,-0.85793006,-1.3531888,0.38117576,-0.105011396,0.6952313,0.76386267,0.036070928,0.70667136,1.3439327
1527,0,even,-0.7263308,2.3147576,0.4212789,-1.2576756,-0.66213083,0.2560931,-1.9079435,0.5210429,0.92070186,0.24406812,-0.11521171,-0.54601115,0.005203301,0.026051112,1.1054354,0.51854146
1528,1,odd,1.2043749,-1.3642691,-0.103010684,-0.21066424,-0.16887844,-0.18195774,-0.045152336,-1.3852806,-1.1723651,0.07029779,-0.041309565,0.117036834,0.41175595,0.43717438,0.4111427,0.84491175
1529,5,odd,-1.5129783,0.02006933,-0.2563328,2.076993,-0.22656432,-0.5249292,0.3713502,0.52418095,-0.8688276,0.10862395,0.09018945,-0.47671676,-0.8464852,0.89965785,0.27556223,-0.6251461
1530,7,odd,-0.43542236,-0.31885237,0.21339111,-1.6992656,0.3388439,0.6841778,-1.1521635,0.2767954,0.7415071,-1.9803296,-0.67085755,0.16205592,0.86634076,1.2478412,0.9552366,-0.6342684
1531,6,even,-0.5365034,0.9917445,-0.047273956,-0.0024691955,0.5660383,-0.041710887,-1.7919114,-1.0926886,-0.96329796,0.6550744,0.3812367,0.2893142,-0.5307383,-0.8062486,-0.40075833,1.3541399
1532,8,even,-0.81154317,-1.2169901,-0.31298256,0.31303748,-0.44678324,-0.7454799,0.066275686,0.21387309,0.025045522,-0.25121552,0.4908282,0.72566736,-0.3377248,-0.25241762,0.6873724,0.48778722
1533,7,odd,-0.4181018,-0.43918648,0.0467442,-0.7728046,0.3177953,0.33352944,-1.914139,-0.8477122,0.34137586,-0.5737595,-0.54061615,-0.42770624,0.9590179,0.5962044,0.4778921,-0.09259937
1534,4,even,0.639674,-1.347491,-0.050759934,-0.26716825,0.17324612,-0.12873544,-0.1869581,-0.55365133,1.6599456,1.1536375,-0.2719789,0.7611091,0.5569236,-0.81948286,1.1550341,-0.28786126
1535,7,odd,0.17482981,-0.78457576,-0.21423794,-1.5194473,0.06600277,-0.052861392,-0.7573891,-0.6821546,-0.069370344,-1.0070679,-0.5199807,0.47351998,0.35122648,0.28700948,1.1216068,0.740019
1536,6,even,-1.0784235,0.049668767,0.016253162,0.10368144,-1.7439915,-0.5383866,1.0166087,0.62229544,0.24723014,-0.13466065,1.372881,-1.2448004,0.096550405,-1.3411145,-0.6227194,0.80668265
1537,4,even,-0.123179615,-0.6013539,-0.0006042719,-1.0085217,-1.6831812,0.14053042,-0.431099,0.8579232,2.188623,0.15608211,-0.4407941,0.7149424,0.7715842,-0.56909025,0.24608405,0.9775446
1538,8,even,0.4927855,-0.9896656,-0.12854607,-0.22937964,-0.51882845,-0.07833661,0.31274712,-0.48414138,-0.8673113,-0.54467505,-0.0084017245,0.715116,-0.6332622,1.1744134,-0.74686044,0.90000325
1539,4,even,-1.0349442,0.17619261,-0.23812015,0.32823348,-0.28125963,-0.093086794,-2.1886268,-0.12667055,1.7927836,-1.0517594,0.27346337,0.24207003,-1.3449712,0.11058704,-1.3995373,-1.4863148
1540,5,odd,1.7833598,-1.171056,0.06243441,0.014204072,0.53222317,0.3370785,-0.5211972,-0.9536595,-0.38324013,-0.7822832,-0.21781906,-0.30572695,-0.37290478,-0.0984229,-0.1432595,0.11353484
1541,3,odd,0.74344033,-0.7009586,-0.29905695,-0.14764751,0.61321306,-0.6612729,0.5745218,1.6081097,-0.4610194,-0.8924473,0.42274794,0.34244823,0.43584898,-0.37071842,-0.0070548654,-1.0406381
1542,2,even,-0.9178719,0.3872417,-0.0140545815,-1.0382826,0.57140297,0.5758021,-0.46709824,0.85603803,-0.31703255,-0.23715667,-1.7563266,-0.93314385,1.5314329,-1.3413856,1.4149286,1.3672365
1543,4,even,0.6562099,-0.96047634,-0.047817484,0.61661124,0.64853495,-0.50579643,-0.75125694,-0.1927591,1.3432013,1.8419529,0.76072353,0.30484843,0.82213384,-0.18062271,-1.0447587,-0.08033116
1544,5,odd,1.7300638,-0.42546043,-0.2512406,-0.4705368,0.8107982,-0.25489366,-0.4906041,-0.42976612,0.2905614,-0.59425306,0.5910216,-0.8458891,-0.76967734,0.21072352,0.008380353,0.58015853
1545,3,odd,-0.3605789,-0.29222527,-0.39519584,-0.90209824,0.017316796,-0.18206233,-0.37376735,2.5929399,-0.08651264,-0.99001807,-0.3859517,0.13611808,1.1008849,-0.6997943,-0.598415,0.6801071
1546,3,odd,0.7574248,0.057510607,-0.444318,-0.7118694,-1.0481398,-0.73959917,-0.6260422,2.3942342,-0.4116514,-1.0535802,0.45030862,-0.25265568,1.5809615,-0.60426897,-0.3790688,-0.46664736
1547,9,odd,-0.28207064,-0.5151242,0.061069675,-0.5124614,-0.40053523,0.21241008,-0.4655686,0.9481786,1.7150868,0.5067928,0.2332514,1.1488166,0.45639968,1.8995804,-0.78017664,-0.07760803
1548,9,odd,0.8810463,-1.7048374,0.14019868,-1.2339103,-1.4049596,0.37936094,-0.24518791,0.125213,0.755135,0.7650476,0.08509545,1.2687404,0.21984498,0.23747355,0.32390594,0.4269626
1549,8,even,-0.89940065,-1.8749615,0.014771789,0.7889204,1.0647727,-0.2866667,-0.7702426,-1.0920568,-0.29484892,-0.60291195,0.11820691,-0.8406303,1.1468751,0.10181202,0.7998701,-0.75980437
1550,9,odd,-0.28910732,-1.6403809,0.2647143,-0.86797714,-0.5029836,0.6052702,-0.36890846,0.4377179,2.1128252,-0.3144498,-0.41868812,-0.2584901,0.76579225,1.2355891,0.5409923,-0.045939356
1551,7,odd,0.15643485,-0.7927771,-0.03642699,-1.7119902,-0.14018872,0.2736478,-1.9153283,0.8170292,0.2267695,-0.95363575,-0.46900967,0.7158026,0.48356542,1.0526031,2.4483025,-0.06925144
1552,8,even,-1.0961571,0.4163491,-0.070809074,0.90833664,-0.5144097,-0.6513166,1.0418041,1.4608784,-0.9591967,-0.41942877,1.0499414,0.4546756,0.3825544,-0.9125321,-0.7462308,-0.6937129
1553,4,even,-1.8136337,-0.8691092,0.16197507,-0.21277715,-0.117800765,0.19252002,0.08774153,0.71093243,1.7630014,-0.2755255,-0.59225136,1.1076598,-0.096258655,0.40144342,0.92513984,1.0316911
1554,1,odd,1.205514,-1.215478,-0.020752892,0.48036262,0.051768888,-0.19600673,0.0044634044,-0.6018883,-1.283588,0.7188524,-0.018264757,0.66080105,0.62104064,-0.22549789,0.29148716,1.2250521
1555,5,odd,1.3372701,-0.6061801,-0.10750662,-0.41774353,0.15718511,0.3523745,-0.2770373,0.7221661,-0.09266561,-0.113658294,-0.20739233,-0.69195426,-0.30997223,0.73808515,0.10930048,-0.2219015
1556,9,odd,-0.26326352,-1.0440426,0.07666398,-0.67077225,-0.3444138,0.19023073,-0.3757693,0.64240676,1.0221796,0.1459677,0.33013842,1.8112321,-0.03568044,1.6321666,0.11903106,0.20936692
1557,5,odd,-0.6935738,0.4085458,-0.056920394,1.8252912,-0.8631749,-0.799273,0.23653191,0.88806266,-0.7618795,0.96182835,0.30968603,-0.095305294,-0.182996,1.2366586,-0.18873084,-0.8940283
1558,0,even,0.7490958,0.2712653,-0.011492699,-0.24662688,-1.1652225,0.37947977,1.6997094,0.40463495,-0.2858653,-1.3167188,-0.4301015,-0.077513665,0.31088495,-0.041168734,-0.44159925,-1.2638371
1559,2,even,0.04369948,0.34876442,0.03143681,-1.3083525,1.6593426,0.56614643,0.48358428,0.31606966,-0.01829382,-1.4965503,-1.2463809,0.098653466,1.4226958,-0.63377947,0.11332725,0.23920402
1560,5,odd,-0.18445171,-0.5608998,0.16097836,-0.18050653,-0.38242513,0.28445452,0.5351358,1.7305977,0.60070854,-0.10694854,-0.39076954,0.29842895,-1.033146,1.0579665,-1.0891384,0.9786422
1561,4,even,-1.079914,-0.11763685,-0.22519933,0.58821374,0.9668228,-0.1565475,-0.88322943,0.3248135,0.8183661,-1.2015207,-0.05583126,1.9182523,-0.1460629,0.7045368,-0.7427075,-0.27356523
1562,4,even,-1.5721267,-0.05778687,0.10570953,0.78081656,0.53394735,0.103802845,-0.33981612,0.055167288,1.902904,-0.19800197,-0.19141439,0.74442315,-1.2906067,-0.07343651,1.9456832,-0.8748177
1563,9,odd,0.23038772,-1.5890749,-0.043155774,-0.6041367,0.14095435,-0.20422038,-0.51083905,-0.7031354,0.011080734,0.6889353,0.3137137,0.19674292,0.86215496,0.5616661,0.6156735,0.13597652
1564,6,even,0.2490161,1.6920058,0.04518536,-0.36179912,0.18996783,-0.21638523,-1.3717554,-0.5892512,-0.43244022,-0.5028497,1.4321219,0.41252464,-0.31675965,0.5514882,-0.7174714,1.9580328
1565,7,odd,-0.95353657,-0.7132302,0.095566906,-1.7391891,0.27121007,0.6939248,-0.31175283,0.49114072,0.32450312,-0.24563165,-1.0091703,0.13656786,0.9020795,-0.2641312,1.6455688,0.618538
1566,4,even,1.2435886,-1.1224602,0.011459101,-0.34873575,-0.3319509,0.012488898,0.47264108,-0.002531588,1.2325132,0.79893726,0.04186239,1.7672584,0.3110948,-0.14892124,0.988794,0.2612696
1567,3,odd,0.63816094,-1.4216791,-0.2566344,-1.0231576,0.60655004,-0.35127777,0.31851947,0.70622224,-0.71027184,-0.9401264,0.40108645,0.66640806,0.11492587,-0.48586333,0.24545084,-0.33172226
1568,0,even,0.3072282,0.13915741,0.14687732,0.59094304,-0.8759237,0.25165161,1.6673954,-0.30172423,0.820943,-0.9306365,-0.34128517,-0.88020074,-0.15864561,-0.31796145,0.24335326,-1.9908036
1569,0,even,0.6265307,0.8134116,-0.13702428,-0.31120032,-0.0305487,-0.29344133,-0.11068995,-0.38027376,-1.6314894,0.3194133,0.2346498,0.4284449,0.12039705,0.61950403,-0.18606597,-1.6557037
1570,1,odd,0.83971775,-1.3632808,-0.06808813,-0.22086084,-0.62085783,-0.032900512,-0.20159394,-1.1024346,-1.2631679,0.02429394,-0.0807438,-0.09716308,-0.012217994,0.4929886,-0.08153227,1.4065095
1571,7,odd,-0.004135996,-1.2091248,0.05756221,-1.0163286,0.5455602,0.13160393,-2.2323773,0.123761535,0.2762898,-0.45792168,-0.35068932,0.5308884,0.74835116,0.6173693,2.4477131,-0.26696295
1572,6,even,0.9715352,-0.4213866,0.18437201,0.38184267,-1.6597558,0.08530629,1.3372905,-0.6729328,-0.2525194,0.28983128,0.43488201,0.1354392,-0.89988565,1.2766572,0.3819173,0.41482922
1573,0,even,0.694716,0.8673599,-0.23561625,-0.17526253,0.062453356,-0.74880373,0.5804297,0.22965139,1.1975371,-0.5944586,1.0340916,-1.4991896,0.12755631,-0.52809095,0.04172182,-1.3752824
1574,8,even,-0.63886935,-1.4416652,-0.04363878,0.1731021,0.29057917,-0.20488116,-0.14527091,-1.2525321,-0.2705868,1.7812876,0.13974828,-0.072621346,-0.020406358,-0.90854335,1.3398993,0.023924764
1575,6,even,1.4648097,-0.9384682,-0.062298216,-0.5439048,0.07872391,-0.15613183,0.94362783,-0.8337629,-0.37068477,-0.91439694,0.18964458,0.12905483,-0.24164319,0.046094775,-0.16233942,0.62875146
1576,6,even,-0.007833213,0.42430502,-0.13281825,0.180524,-1.5867445,-0.25214708,1.1347744,-1.3353832,0.9865339,0.512918,0.20944116,-0.9363518,0.3620898,0.3104677,-0.10450074,0.84987956
1577,6,even,-0.12556446,1.649454,-0.38470316,0.08328401,-0.18092415,-0.6838014,-1.5799065,-1.1585934,-0.5944785,-1.3894992,0.8358101,0.74378806,-0.4125733,-1.1451434,1.3191398,0.86936295
1578,9,odd,-0.8885452,-0.50210816,-0.07456055,-0.7686165,-0.68323874,-0.22862606,-0.18612158,2.0842643,1.623658,0.18539336,0.6138995,1.0062697,0.33348978,0.23038116,-0.06976281,0.787472
1579,9,odd,0.42897344,-1.254082,0.097345464,-1.0036536,-1.0356576,0.011650801,-1.0344472,0.9964654,1.2581706,-0.29925963,0.7247986,1.0902317,0.23041542,0.765022,0.36067098,0.012628555
1580,2,even,0.0035554469,0.27041945,0.08464604,-1.0447335,0.8676356,0.5035591,-0.8051711,-0.6904299,0.39909428,-0.2685659,-1.2923003,0.037896305,0.76594555,0.9525864,-0.026214495,1.0415195
1581,0,even,-0.72904766,0.4279725,0.18849787,0.285477,-1.0741565,0.09163311,1.7823186,0.66978055,0.66372806,-1.1108433,-0.08476848,0.489375,0.47197813,-0.058146834,0.8913925,-1.3104774
1582,4,even,1.0519346,-1.0279125,-0.23610364,0.38222203,0.62978345,-0.9370968,-0.6209273,-0.8302111,2.2765582,-0.68125445,1.044174,0.19576286,0.29380408,-1.0342765,0.47766352,-0.41431168
1583,0,even,0.38788158,1.6710306,0.29190925,-1.2011005,-0.2950132,0.117121205,-0.77267367,0.25954372,-1.6037016,-0.45131975,0.34518462,0.044384032,0.68560404,0.5162448,0.4460519,-0.117672525
1584,8,even,-0.47541243,-1.0506444,0.030139621,-0.41824704,-0.042515002,0.12440567,0.1585293,0.2514273,-0.922978,0.024102867,-0.17570564,1.392609,-0.33667612,0.10151528,-0.59855944,0.648607
1585,3,odd,1.0708315,-0.18608518,-0.28013408,-0.41711885,0.69143534,-0.7288434,1.1088297,0.50524396,-0.6974363,-1.0101594,0.34709623,0.013687104,0.094454974,0.16747183,0.4858237,-0.76089054
1586,8,even,0.38619655,-2.0993674,-0.11861394,-0.100971036,0.8460332,-0.43689492,0.6699738,-0.2057602,-1.4579453,0.13438062,0.29440746,-0.8252187,0.14221711,-0.32045227,0.8016177,0.11296748
1587,6,even,-0.151024,0.846084,0.12310266,0.7739184,-1.2242917,-0.44362143,-0.16857862,-1.2309422,1.406265,1.2756966,0.28436813,-0.94048095,0.4059888,0.37635356,0.76806396,0.31057903
1588,1,odd,1.2697511,-1.3243761,0.15552205,0.46896434,1.2098366,0.04741818,-0.036784783,-0.47044653,-1.498594,1.4362565,-0.075679526,1.1203597,0.56913626,-0.529488,-0.17784482,0.9385442
1589,4,even,1.5369816,-1.38345,-0.016040899,-0.3939578,-0.6308549,-0.30925044,-0.34722668,-0.26256657,0.66982245,0.63723123,0.4888117,0.49774626,0.84202856,-0.77900136,-0.026884824,0.5303047
1590,2,even,0.89685154,-0.0204623,0.124265544,-0.46054977,-0.25083902,0.4231902,0.06485106,0.31690282,0.17757368,1.0668616,-1.2289377,0.8050697,-0.06414413,-0.4935779,-0.6833991,1.20058
1591,7,odd,0.16466221,-0.5380619,-0.042314388,-1.0734035,-0.6384516,0.59297043,-1.4692676,0.11318597,-0.3187408,0.11362851,-0.988492,0.53152454,-0.31015724,0.5180755,0.51931053,1.6407763
1592,6,even,-0.938343,0.6109819,-0.022002913,0.06996276,-1.3811784,0.33516943,1.4625235,-0.21485017,0.59945613,0.20608908,-0.6364845,-0.88211334,-1.1255326,0.8743361,0.87353593,1.4996564
1593,5,odd,1.7508729,-0.68957853,-0.158138,-0.05274521,0.4086526,0.1800836,-0.2968056,0.23673886,0.9026427,-0.5881317,0.45436126,-1.0966839,-0.7745767,-0.16264774,0.14465202,-0.06730812
1594,0,even,1.4231842,1.0306453,-0.12843794,0.13117415,-0.59094214,-0.5963343,-0.19090572,0.97589654,0.469584,-0.02918399,0.68462586,-0.98181736,0.30983612,0.3427282,1.063786,-1.0183598
1595,4,even,0.4938531,-1.534541,0.0419219,0.1722388,0.29488337,0.005387921,0.2784989,-0.6994957,1.559478,1.1344407,-0.0872856,0.94054395,-0.2527928,-1.030801,1.2680621,-0.66191226
1596,6,even,-0.6809614,1.1523949,0.03421916,0.64269626,-1.4137878,-0.06795891,1.2052903,-0.2691913,0.12093236,1.1505662,0.21868703,-0.17101157,-0.28779513,0.8746726,-0.8135873,0.68008816
1597,0,even,-0.0038864315,1.7689317,0.08111212,-1.0628141,-1.181339,-0.13310397,-0.025751762,0.6227283,-0.9578021,-0.060973026,0.53216726,0.6077236,0.69033307,1.3765633,0.5738805,-1.0587677
1598,7,odd,0.23309991,-1.0929142,0.058622796,-0.8366752,-0.7270332,0.19079408,-0.25563112,-0.21825577,0.5743525,-0.2815347,-0.2481479,1.3147609,-0.00085093826,0.9646876,0.9414776,-0.5355452
1599,1,odd,1.3253995,-1.164126,-0.07988167,-0.91231686,-0.7811071,0.14715548,-0.4681105,-0.9863758,-1.0245786,-0.09250157,-0.09416147,0.89959884,0.1158244,0.7102202,0.42406684,0.8354611
1600,1,odd,1.1574208,-1.260528,-0.09692326,-0.6236863,-0.79531944,0.022426002,-0.3106573,-1.1780276,-1.087622,-0.19335419,0.09810082,0.5109095,-0.3163413,0.7837539,-0.013861015,1.0248209
1601,4,even,1.0214623,-1.5041318,-0.25233126,0.29177746,1.4022028,-0.3382605,-0.39316213,-1.1423845,2.0099185,-0.0068301335,0.17120972,-0.13335437,-0.66007555,-0.039021194,0.19815437,-0.12555826
1602,8,even,-0.79036266,-1.6122773,0.14642172,-1.1708187,-0.8582963,0.50642985,-1.6982231,0.802733,0.076512165,-0.47739205,0.07450056,-1.5239745,0.6505214,-1.5838072,-0.6591264,-0.5787262
1603,5,odd,-0.5414237,-0.12182717,-0.1945508,0.8746958,-0.7439565,-0.29014382,0.061176516,1.2023032,-0.4895716,-0.117403075,-0.26086077,1.0469592,0.45668092,0.7660238,-0.76426333,-1.0381403
1604,3,odd,-0.7865776,-0.687878,0.41773343,-0.24887684,0.44339424,0.88917625,-0.28026348,1.5660574,-0.50810724,0.33045644,-0.2262815,0.10879323,-1.3078296,-0.04719776,-0.40817052,-0.21280381
1605,6,even,0.3501923,1.1470188,0.09323621,0.5769172,-0.7680486,-0.22474512,-0.24043393,0.18275666,-0.5714813,-1.5038282,0.40249774,1.0823044,-0.9044804,-0.3871153,0.078056484,1.2341907
1606,6,even,-0.50596106,0.21781448,0.118296124,-0.7971453,-0.45179343,0.12677771,0.63902915,-1.1515453,0.7977977,-0.96741533,0.33552328,0.25541052,0.34625113,-2.2107916,0.22782351,-0.5376129
1607,8,even,-1.1903944,0.66365117,0.36495465,0.051096193,0.1506944,0.51926005,-2.2377841,-0.23329559,1.0311439,-0.01296938,-1.0306966,-1.5792674,-0.05355744,0.48765332,0.77125573,-0.54687387
1608,0,even,0.7013141,1.2278397,-0.17170894,0.00992346,0.042571917,-0.350539,-1.3295517,-0.16955368,-1.0437721,0.33145866,-0.5065452,-0.35775983,0.33184952,0.2483348,-0.5019349,-2.1277854
1609,4,even,-0.6321473,1.1119293,-0.1922335,-0.16327272,0.2947947,-0.42550912,-0.7300324,1.129178,0.28686664,1.1079491,0.027970314,0.4596324,-0.5871957,1.2993188,0.221891,0.9294086
1610,2,even,-1.3863763,-0.4444136,0.07997674,-0.7233867,2.0714488,0.056533825,0.7953962,-0.43019453,0.49105573,0.6419575,-0.12994242,-1.0350418,0.32038036,0.12192635,1.1773943,-0.7785956
1611,4,even,0.81096756,-0.81660813,-0.084263995,0.4945628,1.4270263,-0.30875558,-0.9882615,-1.3223958,0.3640266,1.4390869,0.24644825,0.64305866,-0.38771316,-0.18870561,0.8005487,-0.07113059
1612,2,even,0.44346708,-0.043688305,-0.13078873,0.31797957,-0.7316368,-0.25218862,0.73889345,-0.30514568,-1.9261794,-1.2994307,0.6716438,-0.28485292,-0.764605,0.6824222,-0.06548123,2.4402456
1613,4,even,0.21835431,-0.8929417,-0.05448723,-1.2305369,-0.3463345,0.102607325,0.601848,0.48780113,1.4000835,-0.35552573,-0.4326546,0.4118094,0.094692886,-0.105129644,-0.11366447,1.148129
1614,0,even,1.0082824,1.2116462,-0.21051334,-1.0674084,-0.7477535,-0.034024175,-0.020609044,0.09322098,0.042319693,-0.4089334,0.107124284,-0.89465785,0.40248922,-1.049115,0.7717801,-1.7533845
1615,9,odd,-0.4566421,0.3358665,0.25361493,-0.50790626,-0.21816617,0.5520992,-1.6711164,1.3821223,1.0959144,-0.7279223,-0.5016231,0.26859197,0.71649504,1.4043878,-0.685445,0.16718704
1616,8,even,0.8627348,-2.040271,-0.14034484,0.4972462,0.45723656,-0.43880686,1.1130528,0.093726516,-1.0614684,-0.15339659,0.1987049,-0.22335154,-0.45449817,0.46614957,0.04681897,0.017020002
1617,1,odd,1.4332275,-1.3410693,-0.08409554,-0.19786203,-0.5268792,-0.14043744,-0.13831358,-0.8068583,-1.364369,0.18516998,0.007913914,0.6163833,0.6481159,0.045207515,0.8512538,1.4061675
1618,2,even,-1.2257599,0.20518804,-0.09885651,-0.7003167,1.4977576,-0.6163019,1.4569345,0.51021665,-0.11998704,0.08399318,0.75031143,-0.96082807,0.2045324,-0.364107,2.7778006,0.33081394
1619,6,even,-1.3532715,1.4190998,-0.12733513,0.94184023,-0.41194385,-0.56419206,0.17696191,-1.2470195,-1.3868928,0.78427935,0.5356023,0.36523205,0.5694305,0.024508685,-0.15272623,-0.63320786
1620,0,even,-0.09120299,1.3795552,0.0038285218,-0.42658323,-1.1195068,0.32448548,0.5969567,0.7363445,-0.45977852,-1.2550306,-0.5759032,1.4108149,0.2566591,-0.7521819,0.35334444,-1.1495136
1621,6,even,-0.6466392,0.20571777,-0.18093991,1.0990688,-1.0753955,-0.5836432,1.2653787,0.027707726,0.14424184,1.3363688,0.6854281,-0.065422386,-0.79152715,0.6292484,-0.18638296,-0.4745715
1622,9,odd,0.74890643,-1.3132379,-0.10782449,-0.9074794,-1.4155762,-0.048434176,-0.45205623,-0.079149485,-0.36378708,-0.43124405,-0.018960852,1.5793748,0.096789435,-0.7792153,0.7503119,0.5114831
1623,5,odd,1.6832266,-0.90022546,-0.3280996,0.19687997,0.47445497,-0.3292981,-0.28003305,0.03426498,0.21083197,-1.1479051,0.10543609,-0.431616,-0.61839485,0.13273568,-0.20789543,-0.11329342
1624,1,odd,1.1426662,-2.166933,-0.10638091,-0.06820031,-0.21213493,-0.20071143,-0.56913185,-0.1595278,-1.3933971,0.085923,-0.36192596,-0.06389859,1.0703917,-0.31126118,0.8144345,1.5744611
1625,8,even,-1.0297245,-0.11362845,-0.38187963,1.1034011,-1.2919527,-0.6853735,0.15309693,1.106704,-0.70006126,0.38117498,-0.0031281468,0.71765935,0.60721314,-0.39222217,0.77539057,1.0270793
1626,7,odd,0.52095795,-0.057213783,-0.03109251,-0.7007867,-0.31155813,-0.20827726,-1.4747024,0.48136228,0.7219706,-2.2571082,-0.31660998,-0.4182861,0.4376714,-0.32286334,0.41304338,-0.2215941
1627,1,odd,1.0893362,-1.5159013,0.06616467,0.87686,0.99838865,-0.2857033,-0.15307605,-0.5470127,-1.4918222,1.2468387,0.055389345,0.8225564,0.66370493,-0.74796724,0.32001293,1.1958672
1628,1,odd,1.3301944,-1.2787944,-0.07549623,0.59408855,-0.1252273,-0.14274745,0.30286673,-0.34754726,-1.4167899,0.65259755,-0.056097403,0.3234391,0.52069646,-0.104692355,-0.25054625,1.2398585
1629,2,even,0.45986974,0.44623226,-0.03609477,-1.4006975,1.2746197,0.21674547,0.598131,0.25153136,-0.006523356,-1.2229692,-0.4453846,0.044211715,1.6950897,0.12080575,-0.27739763,1.1821343
1630,3,odd,-0.087585494,-0.6497417,-0.3537013,0.27736038,0.39948532,-0.38243872,0.40957242,2.0029023,-1.3068119,-1.3180608,-0.6752292,0.94297177,1.3219049,-0.23877026,-1.1575274,-0.01063896
1631,3,odd,-0.6147201,-0.90560365,0.16982152,-2.0967267,0.3812024,0.76054585,-0.3419547,0.31386995,0.77189904,-0.42315215,-0.19266975,0.035509944,1.1416566,1.1483411,0.56728387,0.36527908
1632,2,even,0.5872204,-0.05153851,-0.095846,0.518659,-0.6667958,0.018141456,1.3451772,1.130388,-2.0545526,-1.0374523,-0.19001418,0.79775846,-0.31066942,-0.4278918,0.0068010986,0.57068455
1633,1,odd,1.0123668,-1.790429,-0.08525209,-0.43421188,0.37150648,-0.30529922,-0.51624125,-0.5028886,-1.2025244,0.28751907,-0.023189852,0.37342232,1.270541,-0.38576758,1.5412506,1.6106896
1634,3,odd,-0.19678502,0.8337843,0.09183952,-0.39879206,-1.5760493,0.07518977,-0.2901543,0.81737524,-1.2161238,-0.8990002,0.10133729,0.22164764,-0.046591997,0.69213253,-0.5405186,0.65274924
1635,5,odd,0.2490981,-0.40580243,-0.3502758,0.154684,-0.24606371,-0.86668587,0.38184205,0.38584322,0.13670817,-0.24041219,0.71089876,-1.4803833,-0.48358318,1.1440985,0.5182233,-0.67774624
1636,6,even,-1.4593216,0.75231814,-0.068648405,0.414987,-1.2261835,-0.12849128,0.50817883,-0.31505215,0.8619247,0.452396,0.13631618,-1.5415418,0.078372,-1.6868103,-0.18641439,0.3108885
1637,0,even,-0.42047668,1.625363,0.10021292,-0.07067557,0.32327834,-0.25928384,-0.5052673,-0.8937533,1.1350266,-0.042488724,0.70861125,-1.3846267,0.18649958,0.09243426,0.6391387,-1.8315477
1638,9,odd,-0.10557453,-0.5889075,0.0067922473,-1.1579767,-0.29618776,0.44662926,-0.54174644,0.4306991,0.659536,-0.09776894,-0.22073728,1.5709716,0.083377555,1.2543237,0.39211196,0.42690828
1639,2,even,-0.47895586,0.30107886,0.083845384,-0.15661256,0.8279563,0.10654439,0.11198188,0.42130512,0.39091408,1.7114091,0.55072176,0.28434598,0.054644745,1.0240172,-0.80000454,0.0007450953
1640,0,even,-0.770021,0.65042263,0.41953462,-0.6890236,-1.8423189,0.69539064,0.8766241,0.89215857,0.71198016,-1.8089486,-0.6074231,0.06330642,0.7889516,-0.36954647,0.43660885,-0.7435818
1641,1,odd,0.86916345,-1.0630469,-0.17018142,-0.94410914,-0.69721746,0.09312688,-0.50070554,-0.8356196,-0.9100666,-0.448225,0.02675289,0.899545,-0.34038404,0.86987907,0.17736156,0.98591757
1642,8,even,0.26613247,-0.9777381,-0.1228773,-1.5429441,0.8444858,-0.25112107,0.3037277,-0.80069643,-0.70317686,-0.7057619,0.7990691,-1.2887926,-0.06733775,-1.7407225,-0.9913402,-0.396689
1643,0,even,1.9965543,0.46188706,-0.2211511,-0.32698768,-0.7093382,-0.006672984,-0.7629261,0.49814683,0.16102862,-0.01000209,-0.4333995,-1.1200032,0.1762994,-0.22895582,0.24709176,-1.8818524
1644,8,even,-1.0338895,-0.13406073,0.28063798,-0.59726375,-0.6652755,0.52200586,0.16652358,1.065809,0.4772901,0.61686176,-0.7532343,0.7919343,0.97816354,0.89260846,-0.78071237,-0.2542112
1645,1,odd,1.1895611,-1.4640285,-0.17504025,-0.3634913,-0.8618844,-0.15953375,-0.36615002,-0.22484967,-1.263551,0.24783768,0.17605957,0.4565089,0.115934305,0.5936224,0.6978742,1.9523903
1646,0,even,1.115383,0.9495853,-0.1590252,0.82055825,-0.6127557,-0.35268328,-0.78170127,-0.14124648,0.030075617,0.60387677,0.13528883,-0.90434384,-0.002545544,0.5530333,0.5522365,-2.0018356
1647,2,even,-1.1545032,-0.48943236,-0.09893106,0.11417501,2.440603,-0.67902684,0.08254926,0.71596605,-1.6886166,-0.30297336,0.7139174,-1.8392997,0.101011805,-0.15867995,0.96657544,0.43712416
1648,4,even,0.27843165,-0.8248509,0.022452652,-0.35467082,-0.50098014,0.076205134,-0.02544804,0.64950377,1.0586047,0.2583668,0.19949886,2.146326,0.48937353,0.601856,0.23435263,1.0793366
1649,1,odd,0.9362994,-2.135834,0.05367471,-0.114205725,-0.91211236,0.123404846,-0.1367603,0.24986106,-0.7730226,0.057460167,-0.471655,-1.1167562,0.7711466,-0.89960086,0.65843785,1.5574102
1650,3,odd,0.48887402,-0.0037002116,-0.111199096,-0.6005202,-0.35957763,-0.21497068,0.3058595,1.9566727,-1.0489672,-1.3331707,-0.14363873,0.7033169,1.2950058,-0.12791152,-1.6178613,-0.17257398
1651,0,even,2.0746071,0.9582907,-0.21649428,-0.120026916,0.7100398,-0.3860491,-1.4928136,0.21975154,1.0184509,-0.84122694,0.3551663,-1.8141196,-0.068341956,-0.48146486,0.08914451,-0.031225346
1652,1,odd,1.6266379,-1.4606755,0.084074885,0.6773205,1.5443144,-0.025492057,-0.06429885,0.25618064,-1.3215184,0.9007992,-0.05736996,0.49221155,0.114678025,-1.1218438,-0.5734483,0.50510156
1653,8,even,0.34554288,-1.8338224,-0.016095676,0.5040376,0.6540721,-0.47258398,-0.3788951,-1.1916771,-0.12384174,0.20712124,0.46156138,-2.3227515,0.58088917,0.095834725,-0.65123886,-0.5891998
1654,5,odd,1.0143203,0.05628983,-0.0015696399,-0.03395962,0.31888628,0.22568238,-0.7470703,-0.623757,0.6347306,-0.14229126,-0.021535544,0.13192059,-0.6088853,0.40940005,-0.1054022,0.4005574
1655,6,even,-0.6067059,-0.3742492,0.034439556,-0.08268001,-0.81463414,0.16126803,0.96618295,-0.81519306,0.11040855,-0.8786902,-0.21722806,0.046895593,-0.9816626,0.6382262,-0.34549832,1.6353827
1656,7,odd,0.054615326,-1.1773359,0.010330174,-1.4455923,0.77015775,0.13777085,-1.4520259,-0.21652126,0.488876,-0.07010537,-0.35203332,0.05984786,1.1667738,0.6242677,2.2309816,0.06425427
1657,0,even,-0.8230778,1.0671384,-0.22351362,0.072070055,-0.06918099,-0.6839689,0.23741466,1.2618914,0.28364575,-0.71341974,1.0036114,1.0101141,0.6726149,-1.1745272,0.121434346,-1.0024574
1658,0,even,0.41702592,0.98911464,-0.1207051,0.016027853,-0.03840307,-0.28614804,0.032355394,-0.51647735,0.35882604,0.2128515,0.29301685,-1.2804815,-0.1405205,0.24347642,-0.11231221,-2.5033398
1659,2,even,-1.1089262,-0.2788625,0.17796527,-0.8716742,1.6375517,0.34892657,1.2196479,0.50422287,0.49525845,1.3606113,0.24701327,-0.53925943,-0.22171235,1.44929,0.61574847,0.19364595
1660,1,odd,0.9351217,-1.7445555,-0.16554971,-1.2058243,-1.1839781,0.06992094,-0.68283546,-0.91474634,-1.0442892,-0.34310848,-0.22904146,0.28888702,-0.11953483,0.5523813,0.6033514,1.1830729
1661,6,even,-0.51783216,0.73550487,0.019814085,-0.7607201,-0.42627048,-0.03789069,0.1522055,-1.7113111,0.17695293,-0.7448,0.46740642,0.9593523,0.19120501,-0.6048097,0.5164282,-0.6055176
1662,5,odd,0.25355613,-0.3157753,0.18150204,-0.072002545,-0.27327165,0.5764918,-1.0486555,0.21993554,0.54097944,0.87517387,-0.08888179,0.9371073,-0.7861062,1.5033962,-0.17586099,0.26249462
1663,1,odd,1.0102451,-1.6346233,-0.124007285,-0.574582,-0.5365717,-0.11833395,-0.57635903,-1.0309331,-1.2837092,0.325448,-0.0862986,0.2650668,0.5745012,0.24789031,0.5482317,1.3474239
1664,5,odd,0.9756463,-0.5697147,-0.12904967,-0.01085821,0.10399157,0.06411566,-1.1866736,-0.7387519,0.23176533,-0.25605407,0.064221054,-0.16119206,-0.3917886,0.1344058,0.91777116,-0.16691485
1665,1,odd,1.2137536,-1.5103368,-0.0010814704,0.45694223,0.3278911,-0.24018054,-0.055762038,-0.4599747,-1.4383142,1.1475803,0.057303973,0.76819533,0.8566114,-0.61188525,0.3930239,1.5581841
1666,1,odd,1.600735,-1.5279474,-0.09741865,0.6139707,0.8010623,-0.2673243,0.6562809,0.10558602,-1.552316,1.1775388,-0.11020743,-0.1624583,0.98550737,-0.5070531,-0.01121895,1.5209457
1667,4,even,0.6857371,-0.8706662,-0.06905641,-0.43052366,-0.6397863,-0.013064904,-0.033199415,-0.6684979,0.66491115,0.67191344,-0.75253886,0.47185874,0.38545254,-0.43551266,-0.31982705,1.1297257
1668,6,even,1.5819842,-0.9438432,0.13132812,0.083927244,-0.57921124,0.30432782,1.1034815,-0.36722794,-0.32955578,-0.8749301,0.13838518,-0.0057091415,-0.51577955,0.7527706,0.2622803,0.9565549
1669,3,odd,0.2756645,-1.8196753,-0.07328226,-1.3214756,0.516581,-0.10006338,-0.38825932,1.263083,0.11311785,-0.7416628,0.39373344,-0.25240523,0.8296051,0.27513248,0.5013942,-0.6610971
1670,6,even,-0.57845056,0.9727429,-0.08305818,-0.39343485,-0.6897553,-0.028790846,0.94788134,-1.531081,1.1696929,-0.51468354,0.27074122,-0.13106224,-0.14571498,-0.041217387,0.23809816,-0.023858652
1671,9,odd,0.5515818,-1.0964714,0.09077475,-0.62765115,0.5732379,0.40167996,-1.1216028,-0.78603745,1.5698297,0.17139825,-0.05406183,0.14359324,0.8279119,0.68840885,0.36791754,-0.5176035
1672,3,odd,0.74857336,-0.16372219,-0.5026592,-0.95839113,1.5356643,-1.2271298,0.13418853,0.97482544,-0.38094148,-0.7676581,1.9678184,-1.4816111,-0.7244492,0.8804305,0.6592044,-0.24677059
1673,0,even,-0.22154988,2.0400865,0.04278623,-0.032624703,-1.1796807,0.0003718324,-0.22284684,0.5519661,-0.9132629,-0.13005117,0.4827251,-0.7005867,0.1817422,-0.29862738,0.71418,-1.5490141
1674,8,even,1.450233,-1.2730806,0.09170072,-0.20117328,1.1750848,-0.0045249444,-0.22239971,-0.4168659,-0.40983057,0.25494587,0.4762127,-1.1438807,0.46912706,-0.23756085,-0.87499887,-0.35991997
1675,8,even,-2.012317,-0.5419865,0.23352407,-1.0002232,-0.9153402,0.4590154,-1.8006759,0.8385442,1.1159859,-0.90116525,-0.106812224,-1.4427711,1.1600263,-0.8289903,0.7430081,-0.3928276
1676,9,odd,0.63766026,-1.4282568,0.046525285,0.10530298,0.7882841,-0.16953942,-0.46776378,-0.7694118,-0.51939434,0.7334179,0.25926012,0.17303872,0.6248955,1.0681369,-0.039064534,0.660578
1677,4,even,-1.892726,0.5170584,-0.10204148,-0.47757712,0.5698794,0.106143266,0.13355164,1.3479528,1.9570596,0.5429531,0.009663923,1.3243816,-1.0704936,0.6187212,0.083891034,-0.767299
1678,6,even,-0.2925927,-0.57548136,0.07213834,0.41769707,-1.5924972,-0.031064743,0.9281356,-0.82657427,0.030149437,0.16363832,0.035207156,-0.75415766,0.54327095,0.18153475,-1.2977042,1.6136603
1679,9,odd,0.8305348,-1.774615,-0.050071873,-1.153532,-0.4450999,0.0033788085,-0.26031348,-0.26411116,0.7260948,-0.20815502,0.10880629,0.6927422,0.67273045,1.091332,-0.025867298,0.29752502
1680,5,odd,1.2445291,-0.27195364,0.07240601,0.08450988,0.17071861,0.3684655,-0.057755336,-0.62252796,-0.040700383,0.94700724,0.10003082,0.8271811,-0.6626661,-0.07196431,-0.88191044,0.36943868
1681,5,odd,1.8451439,-0.5146705,-0.017695054,0.0077850986,1.3626782,0.19347507,-0.9001279,-0.59867775,0.04202511,-0.14954382,-0.14756986,-0.61461335,-1.1052886,-0.49549997,0.22923715,0.80877054
1682,4,even,0.1436925,1.0490476,0.11143994,0.6427189,1.091859,0.06461136,-0.9414472,-0.39710426,-0.31501755,-0.23782705,-0.076343186,0.98734933,0.11251137,0.47672242,-2.0199382,0.3636146
1683,9,odd,-0.27435112,-0.49433053,-0.13996826,-0.8431651,-0.2047846,-0.14712992,-1.1475246,1.3661907,0.92053354,0.16370142,0.92268157,1.4094651,-0.40533632,1.4291849,-0.33205223,0.5460443
1684,3,odd,0.42450577,-1.2245344,-0.350388,-1.1486404,0.4620148,-0.43183634,0.47456735,0.8819892,-0.63442814,-1.2371558,0.18816355,0.45160338,0.75434726,-0.74801373,0.4958681,-0.01405349
1685,7,odd,-0.6534454,-1.071694,0.12532946,-0.48345444,0.73165065,0.07957326,-1.4115582,-0.90050083,0.70257,0.5245082,-0.0398121,-0.4810868,1.586943,1.4797391,1.7621112,-0.35583445
1686,2,even,0.41553593,1.1099144,0.4626888,-0.7391615,0.51378477,0.6425128,0.97179395,0.02933383,-0.0011066869,-2.3017778,0.29151577,0.010415375,0.57941765,0.31660494,0.2102079,0.49789953
1687,7,odd,0.5491677,-0.1402689,0.13249409,-0.5471039,-0.055522718,0.40553403,-1.354635,0.21556121,0.48319232,-1.9964424,-0.51158756,0.35649842,-0.06327832,0.47990036,-0.12631305,-0.39467674
1688,2,even,-0.7941599,0.34306672,0.061104447,0.36268407,1.0889345,-0.5462803,0.8182528,-0.14129001,-1.9260504,1.3958336,1.1290926,0.20044036,0.13295878,-0.3567105,1.0986385,0.42809343
1689,4,even,1.0288846,-0.90250355,-0.12506333,0.15895851,0.29450122,0.03619122,-1.0890214,-1.3131433,1.1307137,-0.4934782,-0.022733131,-0.7145659,-0.24960521,0.31898102,-1.3528817,0.73437035
1690,9,odd,0.012477413,-0.1461462,-0.058459096,0.120012864,-0.83039474,-0.14096694,-1.4547143,1.3824489,1.50512,0.13046996,0.34013876,0.7812332,-0.02168367,1.3973114,-1.2809112,0.34378245
1691,9,odd,-1.226353,0.5318082,0.1385974,-1.2734231,1.0828133,0.44337612,-0.93800956,1.092845,0.83804727,-0.3925701,-0.20716396,0.9821019,-0.1653393,1.2428811,0.35710406,0.8705075
1692,9,odd,0.54303694,-1.6555514,-0.06175647,-1.6250808,-0.7358032,-0.1954935,-0.43723047,0.12881011,0.7968663,0.44527936,0.44269663,0.649196,1.2130364,-0.7410478,1.2952871,0.16393712
1693,8,even,0.3379906,0.95127976,-0.508919,-0.11323703,0.38929996,-1.0612746,-0.2716916,1.25297,-1.622517,0.027671305,1.7946563,0.4043095,0.36485493,-0.8221814,-0.45321476,-0.50178605
1694,3,odd,0.36842722,-0.53597033,-0.28882873,0.21396334,0.6224638,-0.42783415,0.26237518,1.3279054,-1.3190986,-0.32329562,-0.020710211,0.89693815,-0.04488181,0.7776561,-0.44303548,-0.54762936
1695,4,even,-0.7357127,-0.94481367,-0.112167686,-0.09737228,-0.052219115,-0.17863014,-0.4840088,-0.5684471,1.4625516,-0.6116578,0.67252344,1.5466037,-0.49070436,-0.18940334,-0.3180676,-1.1861342
1696,5,odd,-1.1339583,0.53350234,0.056972492,-0.08321953,-0.8821929,0.011321243,0.043990016,0.89591724,-0.6464991,-1.2008097,-0.46966836,-0.61319476,0.36312932,0.4534256,1.4838667,0.44144502
1697,8,even,-0.036744058,-1.8320088,-0.2952705,-1.5964379,-0.4067359,-0.41425368,-0.54119873,-0.9359305,-0.57473874,-0.7624647,0.09048295,0.046805352,0.4133584,-0.033651754,0.97923785,1.0509946
1698,3,odd,0.90881294,0.11647586,-0.49018693,0.2987036,0.27264225,-0.5512917,1.124368,0.6861208,-1.2876914,-1.1610794,-0.5793861,0.22180645,1.3228393,1.2480739,-1.0062318,0.13044374
1699,3,odd,0.25123358,-0.555406,-0.4877149,-1.1635222,1.2723749,-0.89571124,0.97013944,1.3920066,-0.8618001,-2.1226149,0.93377954,-0.030045122,0.42991498,0.21328571,0.06926711,0.28596425
1700,5,odd,0.58380973,-2.1372232,-0.058212355,0.9801636,-0.6660956,0.0020179972,0.06882927,1.1675742,0.7942179,0.06777601,-0.13660781,-0.40345836,-0.41588035,1.444959,-0.32761782,-0.5676092
1701,7,odd,-0.85549283,-0.7475191,0.11955767,-2.270602,-0.020075299,0.71131974,-1.5604196,0.6013615,0.7286898,-1.6616821,-0.6033674,0.07135826,1.0694122,1.5143101,1.286095,0.36551052
1702,6,even,0.5960683,0.37146783,-0.30893588,0.21355438,-0.7142579,-0.4059645,1.0433993,-0.95515794,1.4418201,1.043893,0.16385746,-1.0866351,0.0076084165,1.104072,1.0218202,0.5336743
1703,5,odd,0.19162187,0.9299712,-0.4937663,0.12896279,-0.5541205,-1.1962357,0.8736783,1.1519349,-0.5060132,0.31012058,1.5913581,-1.558079,-0.07386836,0.22156765,-1.2392668,-0.5231001
1704,3,odd,0.6212712,0.09896181,-0.5165439,0.13209651,-0.2517934,-0.90800184,0.94805235,1.086482,-0.27742296,-1.7090249,0.5949874,0.4378337,1.0945835,-0.26311845,-0.11143614,0.67953676
1705,3,odd,0.40932232,0.2452245,0.050128058,-1.1467222,-0.43366957,0.2958472,0.36735412,0.9981515,-0.16869232,-0.8588884,-0.6173406,0.21289192,0.88443655,1.3039439,-0.96764684,-0.20298201
1706,3,odd,0.74243337,0.32878426,-0.47414327,-0.03599588,-0.37969035,-0.7614241,1.100245,1.4453433,-1.502153,-1.8055718,0.2876227,-0.047532856,0.9160389,1.0118129,-1.1191043,0.32172793
1707,3,odd,0.42338336,-1.0915642,-0.39054394,-0.68542296,-0.38886407,-0.21303207,0.8123887,0.24336016,-0.45710614,-1.532267,0.4244013,0.06196016,-0.40246618,0.6669023,-0.8526512,0.47831172
1708,6,even,-1.6477903,1.4238164,0.042195663,-0.044128224,-1.344799,0.25800076,-0.237831,-1.5888653,0.51220155,0.44732246,-0.5949984,-0.2690668,0.5966084,-0.20752771,-0.018066913,0.3713634
1709,8,even,-1.0086154,-1.5498639,0.057035852,-0.261997,-1.1903453,-0.2916843,-1.4835498,1.7497878,0.26981193,0.20999126,0.5757943,-0.1779142,0.5724184,1.1237887,0.75448847,0.6013474
1710,1,odd,1.4317693,-1.5274037,-0.019247487,0.83738285,1.6613278,-0.43073672,0.004550889,0.16403797,-1.3640518,1.1778657,0.08516356,-0.6114628,0.99798083,-0.9348066,0.39073324,1.0492463
1711,5,odd,0.6529035,-0.25056908,-0.21804999,0.17587063,-0.58928436,-0.37121373,0.77230775,0.9990099,0.053085096,-0.19715331,0.19001111,-0.43261218,0.08480724,1.4007682,-0.1225564,-0.79093015
1712,2,even,-0.54981154,1.370248,0.1742301,0.28328156,2.0885105,0.7317725,-0.4711576,0.55599576,-0.75399745,-1.3951013,-1.4889629,-2.2409132,0.5126631,-0.7223493,-0.8474635,-0.3964755
1713,2,even,-0.23705135,0.6365516,0.12979665,-0.45982042,2.0754907,-0.0996086,1.2288756,-0.15961048,-0.8750778,0.1484943,0.2989034,0.4414309,-0.014602009,0.5714598,1.2712494,1.0243533
1714,5,odd,1.5795925,-0.3994199,-0.09588243,-0.14918423,0.85836965,0.1724117,-0.5494681,-0.8103262,-0.18694752,0.5046505,-0.394787,0.16103987,-0.5543734,0.46242642,0.058245167,0.83022046
1715,3,odd,1.3884276,-0.49868494,-0.46016347,0.15242048,1.0183883,-1.1413928,0.8681325,0.66012454,-1.0155045,-0.42934594,0.7645661,-0.46330518,-0.41123253,0.6503382,0.35423893,-0.6092096
1716,9,odd,1.092599,-1.9290558,0.2315179,-0.15900733,0.06837072,0.10234919,-0.53301924,-0.46575746,0.40404397,0.9437779,0.10228579,0.56485337,1.2742219,-0.18496804,0.26716256,0.19591072
1717,0,even,-0.33012396,1.6354042,0.034877863,-0.7227229,-0.7258905,0.1784484,0.62383217,0.6637783,-0.48572576,-1.8383633,-0.15965885,1.0390303,0.72525877,-0.36277515,0.89174813,-1.1052004
1718,5,odd,0.19565274,-0.49870595,-0.008587435,0.9515129,-0.67273366,0.15134995,-2.107787,2.4292698,0.30538398,-0.2354665,-0.04189475,0.71997803,-0.8178696,1.6987021,-0.53659874,-0.728029
1719,4,even,-0.42183924,-0.22611755,-0.15131497,0.35204467,0.5946432,-0.007209139,-1.058639,-0.8180954,0.3514387,1.0374633,-0.35994652,0.8044831,0.030613363,-0.9054519,-0.605991,-0.24718457
1720,3,odd,0.8539099,0.048531167,-0.36702442,0.3358546,-0.45342296,-0.7560921,0.7019643,0.5727276,-0.088361666,-1.9153117,1.2318633,-0.0464724,-0.08352471,0.07425405,-0.28191623,1.6029377
1721,7,odd,0.44903862,-1.7532519,0.14377375,-0.16766405,0.946528,0.060995314,-1.3821554,-0.2307511,0.18254375,1.0245613,0.07032749,-0.43006504,1.5742635,1.4360821,0.40375304,0.3627529
1722,0,even,0.58758104,0.79215145,-0.41735405,0.94030786,-1.1766922,-0.34670532,-0.5667875,0.54210174,-1.3122617,1.4823736,-0.023285167,-1.2501634,-0.56918675,0.17292723,-0.9772428,-1.8457721
1723,9,odd,-0.6226663,-0.84380364,0.13572687,-1.4937124,-0.14991286,0.4868762,-0.68207175,-0.2069796,1.1114239,0.2105051,-0.0509426,0.748961,0.58595544,-0.12957041,1.3550998,-0.9729569
1724,3,odd,0.52020514,-1.5775998,-0.26150054,-0.89935553,-0.6922498,-0.15463094,-0.1706928,1.1033025,-0.46307302,-1.6757768,-0.021662641,0.5193865,-0.24196674,0.35493279,-0.27651304,1.2259551
1725,0,even,-0.30582112,-0.66896653,0.24499783,-0.19139615,-0.72542065,0.32924893,1.7284272,-0.07190643,1.1229054,-1.4200146,-0.32571828,-0.6745056,0.12319944,0.15110846,0.7604163,-1.0247636
1726,9,odd,-0.37811226,-0.8685718,0.07818622,-0.7061003,-0.14344415,0.16833067,-1.5080771,0.9171199,1.3826437,-0.6804155,0.3494608,0.87532103,0.59089255,1.2022012,1.0421616,-1.1038839
1727,3,odd,0.9435237,-0.6655113,-0.5386545,0.13780867,0.16829926,-0.47038874,0.9869799,0.728959,-0.9258422,-1.8604505,-0.22610432,0.5935738,0.03682121,1.2553984,-0.956518,0.5116512
1728,2,even,-0.39246798,1.3096786,-0.014749929,-0.78256494,1.3273828,0.06950267,0.12675202,0.7735284,0.4264574,0.95497346,0.31762582,-0.5171127,1.373505,0.22386813,-1.4237626,0.3575684
1729,7,odd,-0.34479773,-0.0023937225,0.2708605,-1.3202943,0.4708836,0.6670541,-2.2638767,0.4574296,0.8387368,-1.759571,-0.8361902,-0.65482295,1.0669644,0.7890875,1.1159197,-0.5959185
1730,2,even,0.24858972,0.26476964,-0.1359681,0.49023598,1.6911218,-0.17929828,-1.3244536,0.05491665,0.68627405,0.03565464,0.8477078,-0.4611063,-0.82261664,0.7951931,-0.43790114,0.11369374
1731,3,odd,-0.322635,-0.5256723,-0.40013957,-0.3129425,1.2626222,-0.68215024,0.10149771,1.5075123,-0.18111594,-0.7543641,1.1065849,-0.9458784,0.41131443,-0.005056381,-0.27482522,-1.4603579
1732,5,odd,1.4689785,-1.2843137,0.11724077,-0.06801944,-0.16784707,0.5563144,-1.2596896,-0.1119442,0.23468405,0.46776977,-0.7038042,-0.1715442,-0.15188693,0.2892318,0.111918345,-1.0703613
1733,9,odd,-0.02855207,-0.13605979,0.07548715,-0.35884762,-0.7140544,-0.07399767,-0.25277928,0.7924238,0.20566759,0.44760346,0.3717309,1.6403377,0.35361126,1.2635148,-1.1103215,0.4799947
1734,1,odd,-0.04224114,-1.4600638,-0.27222842,-0.930457,-0.64725363,-0.16827777,-0.3093443,-0.2643741,-0.33598617,-0.33186874,0.2543035,0.5933591,-1.2740754,1.1371329,-0.4844017,1.4991487
1735,1,odd,0.56784517,-1.2382123,-0.14490724,-1.3300667,-0.95492995,0.09435108,-0.68856114,-0.9962401,-1.0804639,-0.31823966,-0.2200101,0.653236,0.055761587,0.20110513,0.5445305,0.8784528
1736,5,odd,0.3756349,-1.0278212,-0.15549006,1.0978001,-0.7664504,-0.23506978,0.25678265,1.2527378,-0.23659611,-0.0026112758,0.014122631,0.44052243,0.12419855,1.4265525,-0.48157156,-0.83893317
1737,8,even,-1.0431678,-0.6334522,-0.38781118,0.20243755,-0.41230166,-0.19160706,-1.0216849,0.92925507,-0.30929014,-1.3152664,-0.4119743,0.86252844,-1.0416812,0.17654173,-0.06254101,1.6978749
1738,0,even,1.8583642,1.1435051,-0.35900658,-0.24023885,-1.3844324,-0.70697826,-1.2229497,1.5641606,-0.8779702,0.34883377,0.7583704,-0.71959805,0.19994439,0.18012783,0.7415065,-0.5804949
1739,5,odd,0.7413559,-0.5132488,-0.34423065,0.04556541,0.060120918,-0.4040336,-1.0169253,0.5988497,0.44675446,-0.52050465,0.5944886,-1.4686799,-0.9384129,-0.03193371,0.3886363,-0.38583636
1740,9,odd,-1.678244,0.26480028,-0.048968762,0.3713134,-0.3073859,-0.07941161,-0.63850176,-0.67448443,1.3225744,-0.7327648,-0.31700557,-0.7737676,0.42304105,-0.3787884,-0.17315328,-1.5656115
1741,0,even,0.35815263,0.9328823,-0.09348498,-0.75073326,-0.058691137,-0.26499116,-0.8398436,1.2563057,-0.49039802,0.09433328,0.33184057,0.7527022,1.0192903,0.96557826,0.018512845,-1.9162115
1742,4,even,0.59568083,-1.1073797,-0.017215647,0.080231264,0.6105974,-0.12781829,-0.60865474,0.08103931,-0.037045605,-1.1997497,0.053733237,1.4271933,-0.6842084,0.75232047,0.23296742,0.1935384
1743,1,odd,0.8367355,-1.2384952,-0.14912994,-0.8807298,-0.7627089,0.032219786,-0.41853935,-0.98391527,-0.95232415,-0.3064869,0.10930423,0.60256386,-0.46032548,0.9280591,0.23279841,1.1264728
1744,3,odd,-0.7288871,-0.17440301,-0.31066233,0.3261154,0.36166346,-0.772648,0.82048076,1.6721628,-0.6167348,-1.6786288,0.9293805,0.77824736,0.19347604,0.5731275,-0.61827743,0.26691192
1745,4,even,0.900577,-0.23513061,-0.24432094,0.8954785,0.8812617,-0.62803984,-0.8556202,-0.47723585,1.4598455,1.5556093,0.34882668,0.21042962,0.13418952,-1.700482,0.976057,-0.22363114
1746,1,odd,0.761258,-1.551005,-0.04616046,-0.8020107,-0.8172329,0.13007484,-0.28319308,-1.599199,-0.7713631,-0.5403166,-0.21331057,0.5296348,-0.56770194,0.50185037,-0.35118067,0.6147934
1747,7,odd,0.7000893,-1.3154678,0.120954014,-0.70506024,0.068253726,0.061653372,-0.79990643,-0.71558297,0.56733173,-0.4670395,-0.08598673,0.75239646,0.60849077,1.2550253,1.4539757,-0.39784494
1748,4,even,1.1102974,-1.1334434,-0.021547697,-0.99715734,-0.25623038,0.3754107,0.2790017,1.1664696,0.53345686,0.03086697,-0.23608366,0.39768153,-0.18669909,0.4526413,0.11258067,1.8233782
1749,4,even,1.1763209,-1.8172082,-0.060439244,0.42986757,1.1328093,-0.32801765,-0.45327556,-0.7454951,1.319514,0.8019758,0.027636409,0.46988606,0.4417007,-0.3118754,-0.026905969,0.3659543
1750,3,odd,-0.4282614,-1.0109923,0.17180713,-0.7692762,0.558098,0.54537034,-0.43223953,0.45629388,-0.41283485,1.0418842,-0.05022524,1.330241,0.0060617663,0.97157836,-0.81963456,-0.21516901
1751,6,even,-0.7759209,-0.12688287,0.051973447,0.05854024,-0.41858375,0.05543748,0.54093033,-1.3816857,1.0088553,-0.5348145,-0.34058326,1.4854649,-0.18881516,-0.03737563,0.12160294,1.1759698
1752,9,odd,-1.0817889,-0.12005401,-0.019650295,-0.7043219,0.18572897,0.24828652,-0.54501075,0.69329554,1.9100003,1.0905011,0.36226156,0.912432,0.12028908,1.9021007,-0.18345056,-0.9078267
1753,0,even,1.2453432,0.4986866,-0.17197913,0.7628617,-0.85716414,-0.36688912,-1.4054873,0.54153204,0.052825548,0.5191706,-0.19807452,-1.3782625,-0.07475698,0.6992647,-0.5795449,-2.4622595
1754,0,even,0.50683135,1.5559155,0.30072147,-1.2227582,0.7187391,0.105135545,-1.8259006,-0.9391032,1.12519,0.370884,0.4490138,-1.3726568,1.0432502,0.5744268,0.6325342,-0.5899343
1755,0,even,0.330508,0.7883243,-0.00083683804,-0.007874819,-1.2191224,0.20040888,1.7063191,0.5597181,0.25692308,-0.6053712,-0.028651893,-0.17736876,0.18448594,0.33224213,-0.24031928,-1.7648572
1756,4,even,-1.070756,0.29271474,0.0057518743,-0.013441006,0.10574729,0.43457946,-0.33204722,-0.8608615,0.97485673,-0.41273177,-0.6870187,0.9516732,-0.7518118,0.27382994,-0.4304021,-0.5830142
1757,3,odd,-1.0655015,0.35272703,0.09278654,-1.1004183,1.1862906,0.083449334,-0.3580003,2.0675588,-0.5187007,0.120058276,-0.6177103,-0.05850032,1.6553453,0.82675856,-2.3610039,-0.24087808
1758,7,odd,-0.35319883,-0.7462135,0.12528299,-0.49494702,0.93500787,0.26245907,-0.65129685,-1.1902058,0.08615134,0.17818175,-0.14240047,0.040900677,1.2121056,1.6613219,0.7210564,-0.3390825
1759,0,even,1.2729391,0.6102184,-0.15578435,-0.31187797,-0.44774973,-0.10191612,-0.44888306,0.8170176,0.066896476,0.41965526,0.20794898,-0.3989188,0.24974817,0.8490909,-0.6111361,-2.6696303
1760,3,odd,0.6844827,-0.340954,-0.07313034,-1.1937797,0.1761504,0.029094394,0.18757886,1.0537562,-0.30395523,-1.9294486,-0.7156613,-0.18328202,1.5631717,-0.17590411,-0.061632164,-0.16232193
1761,6,even,-0.42664963,0.93630815,-0.07559325,-0.15177245,-0.40216333,0.08125608,1.2860138,-1.7612574,1.0570691,-0.29765782,-0.29799196,0.42667818,0.06754685,-0.11292775,0.51495016,-0.25105128
1762,0,even,0.82987344,0.9021642,0.08259084,-0.20517777,0.24455655,-0.08614427,-1.2359107,1.0317092,-0.9366836,0.65122247,0.17423797,0.05453968,-0.10026838,1.90267,-1.240537,-1.172061
1763,0,even,0.7003584,0.64742357,-0.0030995049,0.16775079,-0.36108893,-0.20746721,-1.3388712,0.6158218,0.84669316,-0.32176545,-0.011322221,-1.0383668,0.355001,0.7943773,-0.49591017,-2.5115674
1764,8,even,0.7218573,-1.5406218,-0.0896783,-0.31792715,0.04852508,-0.42112422,0.5130882,-0.17860477,-0.9446499,-0.43296853,1.0394421,-0.14922574,-0.80385166,-0.09103386,0.37222445,1.3823019
1765,8,even,-1.2376307,0.8318054,-0.67840356,1.2777076,0.43141645,-1.0645944,-1.2038224,2.2949438,-0.112150006,0.29162186,-0.2064591,-2.1676548,-0.22708909,-0.74314773,-2.0359414,-1.0781784
1766,7,odd,-0.11505918,-1.1722852,0.08930657,-1.0389028,0.5199879,0.19224483,-0.5320926,-0.6665298,-0.8781555,0.82433593,-0.24372962,0.8167237,1.2563838,-0.15610431,0.7340807,0.8915173
1767,7,odd,0.18732175,-1.0019811,-0.005651422,-1.8538284,-0.44064778,0.3880831,-1.01804,0.47159547,0.48608506,-0.9149505,-0.32564119,0.65707695,0.41573954,1.4398721,1.1585568,0.10442091
1768,4,even,0.4010073,-0.24515039,-0.0767536,-0.5834505,0.21988535,-0.06571083,-0.25962064,1.536114,0.58263665,0.1738177,0.6521244,1.8680232,-0.12909836,0.031387918,-0.58175623,1.665293
1769,1,odd,0.89103496,-1.3288407,-0.10598509,-0.63198245,-0.7935739,0.015066195,-0.32041013,-1.2768147,-1.0585136,-0.4759579,0.08678686,0.35610607,-0.33453327,0.8737683,0.0703323,1.0222585
1770,7,odd,-0.69135606,-0.24938497,0.20067447,-1.3276579,0.29537255,0.327589,-1.9393904,-0.6628305,0.75970554,-0.96497786,-0.2105478,-0.17988837,1.3742769,1.1693064,1.5744814,-0.46885338
1771,4,even,-0.8403168,-0.3936461,-0.28354466,0.83264,0.36993363,-0.18061866,-2.2826858,0.76009434,1.4362464,-1.2823925,0.5226544,1.4946283,-0.640483,0.05277986,-1.0597404,-0.73728704
1772,0,even,1.2607632,1.1920365,0.20731238,-1.0714166,-0.24308535,0.031985987,-1.2096686,-0.43498552,-0.76988566,0.20110574,0.4931648,-0.015425146,0.7567032,1.1312296,0.15731485,-0.90221107
1773,8,even,-0.7714716,-0.5892413,-0.0726805,1.0463332,-0.6870839,-0.41571993,1.4407055,1.5875502,-0.68809736,0.24004294,0.11037666,0.9670916,-0.4643134,-0.7788872,-0.2406712,0.46657848
1774,0,even,-0.4216842,1.9674163,0.39946026,-0.37827107,-0.47841185,0.79153705,-2.127582,-0.018136114,0.9478569,0.49970633,-1.3114976,-1.0788987,-0.20033976,-0.28606993,0.6860818,0.49505228
1775,4,even,-0.6395316,-1.0680902,-0.24965046,0.30842018,0.0928859,-0.86893815,-2.4088812,-1.0606971,0.9127122,-1.295482,0.8521945,-0.22605544,-0.7490405,-0.77960986,0.6309474,-0.7363325
1776,8,even,-0.55101174,0.14547181,-0.13983496,1.3079362,0.27269182,-0.19597977,-0.9159153,2.4768817,-1.145674,-0.014774004,0.004392609,0.2509934,-0.4710808,0.03824743,-0.93175477,-0.19690323
1777,6,even,0.42440897,-0.061311718,0.0017872527,0.3067137,-1.5639877,0.04064564,1.1421013,-0.46269336,1.1764263,0.051210076,-0.5276842,-0.7857604,0.53462905,0.62386173,1.2925686,0.64047456
1778,6,even,-0.89498967,-0.10894239,-0.02735117,1.0486228,-1.0309787,-0.28626633,1.0826585,-0.85127693,-0.5264353,0.43127993,-0.13517337,0.7658391,-0.017255098,1.2959378,-0.16025008,0.4847336
1779,1,odd,-0.11816795,-1.392937,-0.13376574,-0.57697135,-0.6354198,0.022515487,0.011371404,-1.0841725,-0.5065691,-0.67152333,0.012901602,0.5968239,-0.9964206,0.79645354,-0.43985522,0.90761983
1780,0,even,-0.57492423,0.64899623,0.10326585,-1.1715131,-0.63946486,0.010026012,1.0266572,0.06317264,1.135513,-0.8859027,0.33366984,-0.11928272,0.64297324,-0.58866745,1.9099882,-0.061096355
1781,3,odd,0.3203269,-0.6162473,-0.45326442,-0.75694585,1.4287124,-0.8771503,0.88522106,0.44210356,-0.86703736,-0.055923358,1.0370293,-0.3193558,-0.2633423,-0.22657488,0.72028446,-0.98096216
1782,5,odd,-0.631893,0.8387308,0.13431306,0.3995088,-0.8954803,-0.18589033,-0.49896348,1.8619387,-1.1596909,-0.8229451,0.4882163,1.1671479,0.24148676,0.39391065,-1.3381641,0.2800031
1783,8,even,-0.2857579,-0.17130661,0.18739915,0.014716726,-0.028215192,0.6892889,-1.9182684,0.8206331,1.0569521,-0.25400797,-2.0388615,-1.152558,1.6198168,-1.1843075,0.5069952,-0.12164257
1784,0,even,-0.21551315,0.17140761,0.1752514,-1.0316023,-1.5155822,0.44855246,1.0711622,1.5260961,0.6657366,-1.3804559,-0.5290503,0.21680732,1.2721179,0.37325856,-0.2311672,-1.2270781
1785,9,odd,-1.53525,0.50268984,0.05906288,-0.8391127,0.59466934,0.163564,-0.35930964,0.30504817,0.9178206,0.8259819,-0.0867797,1.1108831,-0.047993552,1.940105,0.76093924,-0.12252032
1786,7,odd,0.7568896,-1.7098385,-0.007745683,-0.9916206,0.060142774,-0.13743342,-1.0885913,-0.41916248,-0.28340846,0.06291118,-0.33868295,0.66008794,0.8657773,-0.4935459,0.7483952,0.8677847
1787,1,odd,1.050137,-1.8924322,-0.11869159,-0.6138417,-0.9944408,-0.03319653,-0.5586233,-0.45475453,-1.4357688,-0.115860805,-0.1837376,0.05157584,0.45894337,0.11483766,0.72887903,1.5557497
1788,2,even,0.16716102,-0.31281286,0.03382071,0.061446443,0.7539309,-0.34038585,1.9714382,0.09868801,-1.1483226,-0.07510457,1.3257332,-0.4349491,-0.5829687,-1.6731848,0.32599646,-0.29826894
1789,6,even,1.7010497,-0.47848135,0.077356674,1.2817417,0.7653321,0.37534058,0.4375598,0.2825889,0.91192067,-0.061049536,-1.0887246,-1.0629164,-0.21445836,0.29569155,1.1492692,1.5586706
1790,9,odd,-0.5813874,-0.67026794,-0.031865135,-1.3647302,0.0036180243,0.25745094,-0.9914271,0.7364493,1.5319083,0.18702222,0.508227,1.2040999,0.14782393,0.8111051,0.9589898,-0.9029853
1791,6,even,-1.1102649,0.49378812,-0.03407143,0.81828976,-1.4996586,0.13823171,1.3932981,0.35241944,0.53282034,0.790684,-0.6076439,-0.3725512,-0.5934456,1.3066915,1.2288475,0.4844102
1792,4,even,0.34731066,-0.18662551,-0.18146265,-1.1515042,-0.83185494,-0.03720255,-0.224166,0.75023955,1.9996479,1.5311805,-0.338024,0.5750226,0.14541288,-0.46468282,1.1975043,0.27659377
1793,8,even,-0.7900528,-0.43371978,-0.22826664,1.0766768,0.83886725,-0.3770426,0.53485966,1.7432568,-0.2182248,-0.3513111,0.25969124,0.08118647,-0.5077893,-0.81273127,0.44900936,-0.7353269
1794,5,odd,1.1913333,-1.2855656,0.027089573,0.3903156,-0.16422841,0.4456555,-1.2210863,0.76103336,0.20647562,0.46007094,-0.42459303,-0.292876,-0.39600343,0.82624567,1.0806348,-1.1730697
1795,8,even,-0.08175288,-0.120538354,0.112136856,-0.42056587,-0.54969084,-0.056570143,0.44644535,1.6326554,-0.79108137,0.67798126,0.14561203,0.86815923,0.5138592,-0.1394564,-1.0786653,-1.073527
1796,4,even,-1.1859432,-0.40494302,-0.055014186,-0.23773143,0.15076426,0.16747852,-0.41000038,-0.09722452,1.986157,0.18440373,-0.10916708,1.398099,-0.37241712,0.46115768,0.33544588,-1.1050179
1797,0,even,-0.41598123,1.3576069,-0.100553975,0.72265667,-0.44885755,-0.12883028,0.14505108,-0.20130455,-1.187183,0.22719242,0.060912557,1.2742293,-0.49181885,0.20448181,-0.29135108,-1.878265
1798,5,odd,-0.7703052,0.4346094,-0.1514563,0.68297356,-1.4761355,-0.74925214,-0.85117346,2.1325579,-0.84394455,-0.66074437,0.5625346,0.45341247,0.6693421,0.5421036,-0.2351439,-0.53691024
1799,5,odd,1.5868447,-0.6221366,-0.029156663,-0.6479676,0.48272705,0.41182476,-0.5572583,-0.9773552,0.009238474,0.17651363,-0.243087,-0.48531175,-0.36119726,0.37452894,0.4737175,0.46345094
1800,5,odd,1.8321491,-0.5034947,-0.27209306,-0.268176,0.41939104,-0.5436767,0.56172234,0.4924119,-0.3160725,-0.7619514,0.53411555,-0.6078661,0.2071462,1.2854477,0.61505187,-0.09484591
1801,2,even,-1.1774533,-0.42177504,-0.06232726,-1.0194408,-0.043794908,0.076892406,-0.7316555,0.61926734,-1.5859199,-1.0107863,-0.08711451,0.627337,1.0935334,0.794135,0.5889615,0.95089716
1802,5,odd,0.13241841,-1.2478061,-0.25790012,0.09424946,-0.1429565,-0.120023295,-0.118043885,1.0283158,-0.54862034,-0.19589567,0.06630852,-0.34262305,-0.7256912,1.2143422,-0.23341617,-1.300305
1803,0,even,-0.16160835,1.8994741,-0.07326619,-1.0265276,-1.1774577,0.19632709,0.83495826,0.9086551,-0.7400746,-1.1662065,-0.0676526,0.7233678,0.6879695,-0.5858886,0.27566272,-0.8168307
1804,3,odd,0.23797697,0.4783774,-0.55038774,0.39235398,0.6842011,-1.1313224,1.1100845,1.1132455,-1.1735705,-0.9875508,0.95981187,0.3468968,0.594771,-0.61686206,-0.31607598,-0.7672706
1805,6,even,-0.81941915,0.3303188,0.2173758,0.0655831,-1.5647244,-0.11282489,1.029549,-0.8572682,0.75375265,0.06344506,0.88429445,-0.4621812,0.12342299,-1.7157514,-0.91953903,0.45622143
1806,6,even,-0.6704029,0.60612416,-0.06592121,-0.2984378,-0.37613997,-0.50411487,0.9447062,-1.0485303,0.97591054,0.61401486,1.1394879,-0.40388954,0.25443673,-1.5552595,-0.14536613,0.13858901
1807,7,odd,-0.120524496,-1.1617793,0.071897246,-1.0342808,0.32230386,0.13419577,-0.7858972,-0.77848345,1.1132624,-1.250518,-0.3103041,-0.03354332,0.36038762,0.21524055,1.2712255,-0.3897337
1808,5,odd,-0.39641392,-0.48648542,-0.10594587,0.31605405,-1.4505001,-0.30131182,0.9729779,1.494782,0.2541802,-0.97565126,0.34604296,0.20815793,0.590467,0.52169484,-0.5891058,-0.59648734
1809,2,even,0.24310496,0.91328794,-0.063594684,-0.66874427,1.5300788,-0.15702008,1.2502642,0.10871813,0.26844028,0.9669212,-0.20185,-0.13576859,2.0834076,-0.7547494,0.074567765,1.5596734
1810,8,even,-1.3486313,-1.0866126,0.13741347,0.41180736,0.26908317,0.36043236,-0.29820752,1.0316169,-0.37616855,0.42372918,0.06707351,0.9328346,0.45434836,0.31341547,0.3777517,-1.4189696
1811,1,odd,1.2290317,-1.3988452,0.049117245,0.68648386,1.4296279,-0.17669381,-0.11442378,-0.39310032,-1.5632244,1.5124472,0.054158792,0.7244995,0.565944,-0.3590991,0.3104763,1.0282638
1812,1,odd,1.1134213,-1.5917858,0.062034123,1.0488796,1.269639,-0.29865783,0.062620826,-0.30706346,-1.4951904,1.0597007,0.10004738,0.5704093,0.47183022,-1.0529985,0.0774795,0.7747677
1813,1,odd,1.5803013,-1.3502684,0.032993577,0.7836415,0.9480387,-0.12616406,0.2580989,-0.16488853,-1.6295724,1.3881087,-0.04986607,0.5317559,0.68387127,-0.6757387,0.049129218,1.2628334
1814,1,odd,0.06492856,-1.4148186,-0.30022532,-1.0922011,-0.5969194,-0.17266442,-0.21003571,-0.53152907,-0.69800216,-0.41741526,0.20137766,0.459277,-0.93780607,0.9597988,0.0039331317,1.41773
1815,0,even,0.582272,1.4792434,-0.0040937886,-0.017793749,-0.6146304,0.009324908,-1.1548572,-1.1443526,-1.3936726,0.67138535,0.07526477,-0.37681687,0.26947725,-0.03445968,1.2200623,-1.045804
1816,5,odd,0.6557259,-1.0102586,0.06350643,0.61011547,-0.47474623,0.51653636,-0.11159001,0.4258318,0.4332257,0.7213352,-0.2010257,-1.4437991,-0.9812178,0.7790776,0.9220374,-0.17656478
1817,9,odd,-0.48501813,-1.5368347,-0.06657864,-0.95341486,0.7540359,-0.28861088,0.06201177,-0.89004654,0.17818266,0.046482127,0.459792,-0.4889294,1.6527987,0.5146004,0.69209594,0.35557452
1818,9,odd,-0.4920122,0.5593407,0.030055111,-0.104108565,-1.1702248,-0.36189008,-0.9038939,1.7560606,1.1007746,0.7338963,0.50746095,0.2517933,-0.24466595,0.76760614,-0.8118576,1.2878989
1819,2,even,-0.2794767,0.16458929,0.14251813,-1.37404,1.2507893,0.60264134,-0.21822739,-0.19417056,0.18749243,1.5097986,-1.4657816,-0.0702984,1.7164092,0.117143124,0.43628448,0.67713255
1820,8,even,-0.22004722,-1.2206926,0.035909835,-0.5218525,0.3821911,0.06821267,-0.59833974,-1.0608817,-0.5474533,0.51539177,-0.13741678,-1.9399736,1.5398102,-0.6951547,-0.4517166,-0.6804244
1821,2,even,0.118311614,1.0025717,0.115691766,0.54247606,1.2847677,0.08095601,0.6140401,0.7098301,-0.78822374,1.0748702,0.24960643,-0.9950974,-0.8392209,-2.2295628,0.30614763,0.8002355
1822,2,even,-1.7515736,0.058633037,-0.017307311,-0.9126947,1.4108665,-0.3361877,-0.046618238,0.78371364,-1.7470255,-1.4082731,0.40828845,-0.70355546,1.6889162,1.0983598,1.3508735,0.656764
1823,4,even,0.022868358,-0.77149713,-0.010981888,0.28947183,0.24676996,-0.12245844,-0.37016118,0.0132472515,1.9904323,-0.3320015,0.25965932,1.6147095,-0.36884627,0.15058757,0.67409873,-1.1286181
1824,3,odd,0.79534966,-0.24480247,-0.3159672,-0.067340866,-0.085720815,-0.31146273,0.45298642,1.6659267,-1.0952045,-1.3946818,-0.5757215,0.41832685,0.9518905,1.129985,-0.95376647,-0.106209286
1825,4,even,-1.6728784,0.6564343,0.07659048,1.1050568,0.85728455,0.023810629,-0.27175215,2.112057,1.4482409,-0.23194782,-0.51356816,1.4385256,-0.2173881,0.011904314,0.053843766,0.2999908
1826,9,odd,0.17775548,-2.112368,-0.10296716,-1.2134717,0.08400987,-0.35091332,0.041546647,-0.5075815,0.41884822,-0.28435293,0.5264738,0.455482,0.70671165,0.014629692,1.0769256,-0.30956927
1827,3,odd,0.27408534,-1.379366,-0.22406404,0.6925842,1.4111307,-0.7105395,-0.43241566,0.10788506,-0.04151229,-1.1427002,0.2141358,-0.94421697,-0.17468123,0.10765982,0.8978302,-0.5509008
1828,4,even,-0.7747203,0.22614571,-0.06046298,0.6757233,1.3831435,-0.061805196,-0.24996409,1.0842726,0.92183745,0.107879944,-0.11891178,2.3520474,-0.37543136,0.15065116,0.3041774,-0.2202304
1829,8,even,-0.9250856,-0.51042897,0.14875062,0.28247115,0.36493826,0.27326885,0.13033819,0.60201687,-1.1423006,0.27200526,-0.25829452,1.439425,-0.79550165,0.02446688,-0.5802172,0.23051065
1830,5,odd,0.27827364,-1.6968231,-0.20890705,0.71413267,-0.5215958,-0.3367768,-0.7633712,0.46815836,0.3367753,-0.6960445,-0.19636536,0.40394634,-0.710221,0.89234924,0.6822923,-0.58136106
1831,1,odd,0.62974435,-1.9562169,-0.16871032,-0.23617353,-0.87900984,-0.22151828,-0.09890902,-0.2293241,-1.4257216,-0.21599235,-0.07662077,-0.60328263,0.42148018,-0.34572053,0.50025254,1.8388653
1832,6,even,0.9455468,-1.067501,-0.09887238,0.66844505,-0.6977023,-0.15463834,1.6710813,-0.7156322,-0.193926,-0.76632,0.25924063,-0.9812319,0.18274723,0.42385375,-0.99261516,1.5866461
1833,5,odd,0.6489835,-0.8156786,-0.07048611,1.3990206,-0.9359137,-0.3271444,-0.9115359,0.8186937,0.5840675,0.5446965,0.15511274,0.47345898,-0.20698138,2.189286,-0.044271357,-1.1182624
1834,2,even,-1.117563,-1.0382885,0.25697136,-1.4782923,-0.060225673,0.62643534,-0.7198094,-0.43238166,-0.4631215,0.027049266,-0.25026155,0.49810198,1.1313633,1.1596208,0.34503275,0.24719468
1835,0,even,-0.617787,1.1412312,0.03278085,-0.4004438,-0.60400677,-0.065573245,1.7250528,0.53749675,1.098683,-0.7191271,0.42520064,-0.11990887,0.37178534,0.5381153,0.88115185,-0.9958929
1836,9,odd,-0.4435972,-0.6109177,-0.039357282,-1.234253,-0.045615576,0.41861907,-0.668262,0.96770245,0.64426917,0.37113595,0.119407274,1.8278341,-0.19333756,0.6986979,0.20278974,0.4709172
1837,3,odd,1.0817039,-0.4601556,-0.14216773,0.27218005,0.41209254,-0.11930503,-0.042710826,1.697016,-0.67539555,0.4166124,-0.11543568,0.26075307,-0.24979785,0.95296276,-1.0398537,-0.070718415
1838,3,odd,0.6395851,-0.08037527,-0.4155128,0.5292498,0.6374296,-0.9506215,1.5101082,1.2748692,-0.53816175,-1.2856419,0.7391109,-0.572076,0.62252575,-1.1687512,0.16301475,-0.24772894
1839,0,even,1.8612435,0.9311563,-0.048399486,-0.12838623,0.12948568,0.22846323,-0.69609106,-0.9069629,0.67028016,0.48042193,-0.33096582,-0.081950605,-0.71499205,-0.7247002,0.3423841,0.5859246
1840,6,even,0.75119936,0.9433931,-0.036433637,1.1091813,-1.2439613,-0.39042777,0.57975775,-0.57400304,0.90202904,1.1693263,0.08709255,-0.96756303,0.41838184,1.6098869,0.6454729,0.59361964
1841,1,odd,1.1900144,-1.12933,-0.06857679,-0.58410126,-0.51244426,0.07477993,-0.12461272,-0.9956021,-1.3375775,0.067946054,-0.14069852,0.91323614,0.30511186,0.47390324,0.36751187,0.9611513
1842,2,even,0.41089284,0.01381851,0.056288347,-0.5317784,1.5796373,0.38802862,-0.67714477,0.83974844,0.5382582,1.2429811,0.6441685,-0.943486,-0.8950475,0.5210047,-0.67449796,0.7343497
1843,8,even,0.47595543,-1.5604657,-0.13347824,-0.30110672,1.2503654,-0.529735,0.74660915,-1.0195701,-0.85960335,-0.35845435,0.60056657,-1.388581,-1.105818,-0.64967775,0.22948276,-0.7286489
1844,1,odd,1.2612474,-1.5915648,0.019733958,0.5890348,0.22107682,-0.1764679,-0.1587961,-0.18441635,-1.4669808,0.87939596,-0.0805504,0.76962185,0.7785828,-0.7488627,0.22612862,1.3563989
1845,8,even,-0.9905928,-0.45203686,-0.0041492768,-1.0895038,-0.6584069,0.01138068,-0.5288957,2.557213,-0.029697359,-1.505546,-0.7183379,-1.56339,1.612333,-0.69291496,-1.1684283,-0.15974459
1846,2,even,-0.44924486,0.877376,0.06737691,0.014808789,-1.6952503,0.5053535,-0.3695425,2.0764546,-1.0024122,0.39799148,-0.27943325,-0.9187362,-1.5620359,-0.60566866,0.6427685,2.5942435
1847,4,even,-0.1663193,-0.95449877,-0.11503635,-1.1667522,0.4074264,0.32170364,0.77130103,0.5241949,2.064077,-0.026328983,-0.31694537,-0.0352059,-0.48160803,0.85166657,-0.020391822,0.14144681
1848,9,odd,0.36903444,-0.9348657,0.0011023954,-0.8706176,-0.50221246,0.28899652,-0.19540468,0.847653,1.0390933,1.3270582,0.14910805,1.4668561,-0.050971866,0.85939205,0.14906774,0.79918563
1849,6,even,1.7926672,0.026858382,0.19532166,0.6782574,0.40747902,0.04222622,0.51500595,0.3456247,0.43242198,-0.38968262,0.7277985,-0.85704017,0.40310657,-1.2577189,-0.6271186,1.032419
1850,5,odd,-0.6159954,0.13634261,0.04885889,0.76879346,-0.97972214,0.14202774,0.2209048,1.5798328,-0.6214664,-0.55997515,-0.44308636,-0.17751282,0.347137,0.06212146,-1.3614931,0.06741023
1851,0,even,0.4119246,1.0198078,-0.083258644,-0.22357346,0.6980992,-0.5853426,0.38010165,0.08300227,0.97874594,-0.36736014,0.9084601,-1.029048,0.51846355,0.59404147,0.2980016,-2.3731759
1852,5,odd,1.18685,-0.8082993,-0.3839354,-0.4773756,-0.169734,-0.27102524,-0.3724229,-0.12724349,0.5631455,-0.9518629,0.14329001,-0.47481805,-0.5657184,0.51029307,0.30461085,-0.21916234
1853,6,even,-1.5083096,1.6080041,-0.072621584,-0.2283111,-1.0582503,-0.16379441,-0.2723112,-2.1312394,-0.9335787,0.77769566,0.8272446,-0.09708992,0.1055568,-0.77877104,-0.0019513816,-0.32562304
1854,8,even,-1.7013044,-1.4330897,-0.16729844,-0.0032596802,0.6633659,-0.11019707,-0.88098633,-0.4618017,-0.22967502,-0.2805519,0.5987002,-0.8785826,-0.9882271,-0.6515265,0.2842735,-0.18522757
1855,1,odd,1.0322056,-1.8900392,0.042800386,-0.3578309,0.97223026,0.057447527,-0.27345127,-0.040967673,-0.8002136,0.15377918,-0.3868509,-0.7718133,1.1858664,-0.7846705,0.9533048,1.8182436
1856,9,odd,0.5258486,-1.5574183,0.028053768,0.76897085,-0.19449621,0.028853886,-1.3149102,-0.7418281,1.549632,0.22211562,-0.24141225,-0.52575964,0.44808877,0.90191114,0.6263961,-0.78371024
1857,8,even,0.30933976,-2.2887995,0.10036744,-0.5244093,0.6955109,0.17048904,-0.8625564,-0.2567397,-0.67187405,-0.49507627,-0.30513844,-1.4250823,1.246972,0.24478841,-0.008408889,0.14192328
1858,6,even,-0.548801,0.21311969,0.11908745,0.46787822,-1.1959339,-0.09916742,0.24778642,-1.3910682,-0.1282889,-0.7198656,0.025459044,1.5162729,0.677708,-0.49547434,-1.0139742,0.71577847
1859,7,odd,0.53605443,-0.4976536,-0.31188762,-0.7949088,-1.5327994,-0.4696831,-1.9874277,1.0054247,1.0925417,-0.33253226,0.580798,0.9141163,0.12254249,0.8711014,-0.6742072,0.99383724
1860,7,odd,-0.20536809,-0.8311053,0.15264776,-0.9619604,1.0761551,0.4906661,-1.5710099,-0.41975486,0.72704226,-0.90697813,-0.36184582,-0.58667237,1.0323018,1.1618576,0.99929553,-0.29545337
1861,5,odd,1.0775869,-0.6408165,-0.24112602,-0.31355894,0.40783054,-0.7444355,0.8626562,-0.9788085,-0.33922228,-1.0646945,0.4404504,-1.2778127,0.2625293,0.8802838,0.14698534,-0.30653107
1862,7,odd,0.4733792,-0.99486655,-0.0063854456,-0.8284824,0.18078625,0.17946324,-0.5498717,-1.0436736,0.78822565,-0.33339983,-0.27336776,-0.27476394,0.42903,0.9414033,0.25884384,-0.03361094
1863,9,odd,-0.24206384,0.7033327,-0.03899651,0.012316687,-0.23099312,-0.3950872,0.10650554,0.6176556,0.13070297,0.55522925,0.7165807,1.9372762,-0.50888216,0.12942904,-1.367261,0.02393843
1864,4,even,-0.017552271,-1.4012686,-0.008985061,-0.038645495,0.20351753,-0.27857357,-0.54774016,-0.7967994,0.2970686,-0.38513383,0.18999478,1.7862033,0.6421364,-0.57576346,0.84050137,-0.6077824
1865,7,odd,0.2998832,-1.012976,0.14036009,-0.85936743,1.0298209,0.32868582,-0.9009793,-0.98468554,-0.08253182,0.07942846,-0.50488883,0.89857644,0.5670896,0.64012563,1.2521713,0.053063087
1866,1,odd,0.5278667,-1.4917828,-0.16637997,-0.81230944,-0.68060744,-0.11605103,-0.32730073,-1.4643936,-1.1912367,-0.5514186,-0.0465336,-0.017046422,-0.21292296,0.24936384,0.19891389,1.1292022
1867,4,even,0.8877189,-0.19058663,-0.100552276,0.19788109,0.74527735,0.07187164,-0.0057792366,0.6411876,2.07949,-0.038493894,0.16014487,0.071222454,-0.6864555,1.4653852,0.3648407,-0.04680586
1868,3,odd,-0.7809903,-0.45047352,-0.30640537,-0.6901552,1.1773022,-0.18420957,-0.36060145,1.6279674,-0.43995142,-1.3335325,0.011475587,-0.24634999,1.5227022,0.57837087,-0.074910656,-1.3231895
1869,4,even,0.53507453,-1.1928642,-0.16504082,0.75450915,0.56039864,-0.9487148,-1.5690281,-0.31410423,1.498551,-0.740475,1.29608,1.0828315,-0.5801157,-0.5236874,1.1450989,-0.60962456
1870,0,even,1.271137,2.11476,0.07204102,-0.8412854,-0.7464833,-0.12932913,-1.0895033,0.28274918,0.24953774,-0.059648104,0.70461875,-0.94426143,0.7053273,0.4191028,0.8622549,-0.7133787
1871,8,even,-0.71116745,0.17104745,0.012120724,-0.02740108,0.064053155,-0.1680776,-1.1394835,1.1291714,-0.20795834,-0.44462702,0.24065056,0.6483356,0.7604131,0.96369964,0.19899525,-0.009144779
1872,6,even,-1.6621934,-0.102972075,0.03422354,1.7024828,-0.98985815,-0.0699138,1.4017911,0.57404876,0.14625305,0.8732626,-0.37735873,0.30825666,-0.46950963,0.3995701,-0.029188514,-0.17763981
1873,5,odd,-1.3852938,0.9844394,0.20035309,0.6665736,-0.50706166,0.15186124,-1.4875724,3.2302403,-0.6504678,-0.42774072,-0.54138356,-0.0196819,1.437269,1.1938522,-0.71449065,0.6223793
1874,8,even,-0.5042057,0.6786157,-0.265275,0.20466368,-0.8693363,-0.76667625,1.0690668,1.3802838,-0.7522085,-0.57878935,1.1784974,-0.59905034,0.052860048,-1.9023739,-0.27189326,-0.51493084
1875,6,even,-0.11229399,-0.15026857,-0.28016418,-0.37904072,-0.4682901,-0.49940494,1.0365709,0.03493792,1.1559874,-0.2114466,0.6789592,-2.2673619,0.57555586,-1.0789858,-0.07037207,0.95737314
1876,3,odd,1.1607132,0.5159741,-0.13156047,0.3529738,0.592606,-0.6407613,0.24790859,-0.05919969,-0.098477945,-0.07794846,0.18997848,-0.5788337,0.024542052,0.21975714,1.0825365,0.14109865
1877,6,even,-0.31763124,0.70639795,0.029309684,-0.059774294,-1.2768536,0.0034246258,1.0479109,-1.4911444,0.49582106,0.41726092,0.09468013,-0.9508786,0.35088947,0.16012189,-0.17091437,0.16002753
1878,3,odd,0.8574581,0.3240963,-0.6422257,0.163827,0.18784443,-0.8593208,1.4720538,0.7454483,-0.9103114,-1.1962248,0.41315812,-0.47736037,0.40275034,1.1575934,0.22028838,0.79692656
1879,4,even,0.27368608,-2.1803176,-0.053586908,0.10545709,0.94618315,-0.440124,-1.3724136,-0.76637757,0.6372332,0.39953795,0.7218743,-0.7124375,0.15725502,-0.09464617,-0.70529145,0.58405143
1880,5,odd,0.17305407,-1.0849956,-0.14441949,0.26932025,0.7371005,-0.46266058,0.5161502,-1.7669771,-0.7318735,-0.02588761,0.3339774,-0.7461207,-0.8867296,0.3156581,0.95145446,-0.5776133
1881,6,even,-0.13185607,-0.5490853,0.12685455,0.4671772,-0.9817467,0.063008174,1.2783892,-1.6086435,0.63289887,0.41503072,0.09236278,-0.2913161,0.103266805,-0.03513667,-0.33930117,0.8005888
1882,7,odd,0.47151124,-0.3349528,0.13494615,-0.85756046,0.16834189,0.2877054,-0.9724304,-0.39870676,0.97441196,-1.9424393,-0.22557932,0.22758773,0.23610283,1.2535355,0.565338,-0.3693312
1883,2,even,-1.1513897,1.3774197,-0.12941143,0.84076,2.200701,-0.59138757,0.097128354,-0.47680026,0.23487172,-0.54633254,0.9097906,-1.1683047,-0.9126514,0.80973625,0.54185915,0.019682199
1884,8,even,-1.5417048,-1.0584036,-0.23017241,0.3249842,-0.41251415,-0.26401532,0.072925106,1.8068299,-0.82676446,-0.8451034,-0.50554436,0.3921662,0.5014218,-0.34691954,-0.0543909,1.2001147
1885,2,even,-0.15942104,0.83316195,-0.08022137,0.18052275,1.7603275,-0.4108694,1.6699266,-0.00016218424,0.04384982,-0.99168295,0.645453,0.1412931,0.21981779,-0.57730997,-0.012019217,0.21779591
1886,1,odd,1.2293885,-1.5426524,-0.04425823,0.15304373,0.11784579,-0.22046044,-0.21418905,-0.5464122,-1.3997054,0.610568,-0.057225402,0.99754447,0.759604,-0.5366898,0.6381097,1.0753819
1887,8,even,-0.54817075,-2.0962589,-0.10923517,0.51614606,0.92209536,-0.3615265,-0.58211166,-0.050190568,-0.15476611,0.36234468,0.1391154,-1.3446825,0.0034694755,-0.14593999,1.1790406,-0.5538628
1888,9,odd,-0.84043056,-0.94620275,-0.06661264,-1.2700889,-0.41271418,0.11813623,-1.0669005,0.9429068,1.2677464,-0.2640608,0.39979377,1.4634207,0.3167192,0.50074685,0.17959262,0.42438307
1889,0,even,-0.506603,0.77172744,0.42186892,-0.95631564,-1.633937,0.71886814,0.39270082,2.0576422,0.4395349,-0.8121419,-0.9686043,0.2942641,0.50539964,0.66826165,-0.42412233,0.033856757
1890,9,odd,0.22179246,-0.41501558,-0.018205538,-0.8954118,-0.89823294,-0.20552067,-0.98939663,1.0879416,1.2819452,-0.010577379,1.1832908,1.2549739,-0.058696248,0.7109298,-0.40798977,0.42198095
1891,5,odd,0.4583813,0.41479284,-0.10852201,-0.03179723,-0.41534358,-0.059471544,0.1988385,0.3965398,-1.424351,-0.9053899,-0.32754245,1.1007273,-0.2690011,0.33506036,-1.0458777,-0.20359057
1892,0,even,0.11327067,1.3272916,-0.057242423,-0.30017406,-0.52727294,-0.18294795,1.0263364,0.124427944,0.12342029,0.12621024,0.3108804,-0.055581182,0.5564643,0.543642,0.7530557,-2.2159503
1893,9,odd,1.5496502,-1.363236,-0.06130202,-0.4703105,1.1101441,-0.2899949,-0.6748508,-0.08690727,1.4440665,-0.052991815,0.5986497,0.19479358,0.35833523,-0.6186371,0.60030484,-0.11220328
1894,2,even,0.44987184,-0.25310376,-0.06599694,-0.36846453,0.8388512,0.09739056,0.9021178,0.3761028,-1.2814108,-0.24257974,-1.0856113,-0.70995414,1.052385,-2.8889904,0.9596785,0.6868696
1895,7,odd,-0.5233095,-1.0644089,-0.0016908906,-1.8126715,0.80891407,0.32079685,-1.6634386,-0.16300157,0.08399289,-0.069175564,-0.54668725,-0.023087323,1.2883174,0.4346336,1.9233751,0.49757272
1896,8,even,-0.7477325,-1.1568253,0.047909047,0.35234898,0.7506338,0.34775668,-1.219636,1.9887145,-0.22412348,-0.18890677,-0.011329801,-0.1371642,-0.07876247,0.116275355,-1.0999045,-1.3498591
1897,7,odd,-0.0031617358,-0.5937727,0.0059481002,-0.31801018,0.5905826,-0.12643965,-2.457722,-0.41126695,0.77425736,-1.5504531,-0.0598329,-0.35967892,0.10089062,0.7456661,1.4219992,-0.2377027
1898,0,even,0.59548104,0.84956664,-0.20971788,0.7048082,0.13773194,-0.073973194,-1.5303316,-0.5067961,-1.9883724,-0.7012099,-0.75721115,-0.14558575,-0.43106693,0.61306703,-0.14379321,-0.110259466
1899,5,odd,1.2827485,-0.504283,0.02342523,0.10521737,1.2767441,0.2925523,-0.36872852,-0.46087417,0.11071078,0.4639015,0.01589888,-0.33041966,-0.70233613,-0.95406806,-1.2316576,1.1137621
1900,5,odd,-0.30957913,0.3654548,-0.29100144,0.9951694,-1.1994519,-0.98720443,-1.5658519,1.7715194,0.9080882,-1.1775128,1.3119724,-0.74343646,-0.7039075,-0.58945626,-0.100733235,0.6908917
1901,4,even,-0.24565263,-1.0065714,-0.0016639195,-0.19581693,0.5930439,-0.038080506,-1.2696719,-1.0146855,0.9823433,0.022807598,0.11297511,1.3361108,-0.21811783,-0.09796701,1.3950355,-1.0875847
1902,4,even,0.8561966,-0.8357578,0.06477023,-0.015692346,0.070110425,-0.11745402,-1.1790693,0.040539443,0.17402452,-0.07511878,-0.089571804,1.8496039,1.0485657,-0.60202116,1.5377032,0.096230455
1903,3,odd,0.29510003,0.6850288,-0.6016313,0.27400672,1.3249849,-1.2230656,0.66009593,1.8046222,-1.1153553,-1.7389233,0.98244524,-0.9366634,1.0251625,-1.4550186,0.051261067,-0.3746965
1904,0,even,0.7948249,0.79715836,-0.14149699,-0.6376596,0.32072198,-0.1662509,-0.031057037,0.30087477,0.5610558,-1.2249767,0.17324421,-0.016276568,0.77349156,-0.07925357,-0.15505788,-2.1063874
1905,8,even,0.7086699,-1.6841221,-0.024276674,0.5410068,0.9302841,-0.30723393,-0.8008444,-0.6053387,-0.41329068,1.2642913,0.40364516,-0.82954466,0.2526548,-0.2627735,-0.09760809,-1.0635427
1906,6,even,-0.8883113,1.3736386,0.092680976,0.66223127,-1.1057209,-0.19961172,-0.8715245,-0.041180134,-0.02853673,-1.6307245,0.66698444,0.39504188,-0.31109267,-2.2809505,-0.4639727,0.8494025
1907,4,even,-1.0637263,0.03594415,-0.0065177344,0.6598619,0.19312102,-0.014668152,-0.74565464,0.6028413,2.2800975,-0.10327512,-0.049475607,1.1223109,-0.44860566,0.32294717,0.67976683,-1.1802162
1908,9,odd,0.14579313,-1.4079124,0.03695498,-1.1113656,-1.1809846,0.13751951,-0.49075747,0.8826557,1.2109338,0.42753607,0.5538423,1.2723124,0.15590344,0.36667678,0.54906225,-0.07080119
1909,6,even,0.70401365,0.3797177,-0.04472746,0.038383022,-1.40538,-0.2837371,1.275135,0.3365121,-0.40224025,-0.5761433,0.8052919,-1.237197,0.32414314,-0.26079035,-1.05354,0.3132951
1910,5,odd,-0.6293127,0.6996917,-0.115917295,0.49070942,-0.6286993,-0.21543825,1.2156055,-0.9244861,-0.5166551,-0.24542595,-0.20749277,1.0769814,0.71158,0.44815105,-0.25250673,-0.49108186
1911,5,odd,1.293115,-0.658481,0.07870352,0.22990568,0.4787406,0.35848173,-0.94991,-0.9954536,-0.09333918,0.867344,-0.22575176,-0.10461441,-0.28308657,-0.2836215,-0.5382781,0.4142026
1912,1,odd,1.1328379,-1.0702662,-0.06947873,-0.6477006,-0.4935271,0.08156015,-0.014621615,-1.4297886,-0.79253566,-0.54092413,-0.044860445,0.80288196,-0.5039749,0.8013836,-0.31948417,0.40051466
1913,4,even,-0.6658919,0.011925131,-0.17458332,0.36018226,0.7949957,-0.27924317,-1.4123755,-1.7960224,1.1812624,1.3870362,0.3847655,0.005033046,-0.2412742,0.71763647,-0.35532132,-0.48065892
1914,0,even,0.5782578,1.1371682,0.25855273,-0.7694302,-0.59498656,0.08066906,-1.3433635,0.22073513,-1.613185,0.40094942,0.33534136,0.38093507,0.28364682,0.81283677,0.28887546,-0.12774444
1915,5,odd,0.5984794,0.26453665,-0.2771008,1.5252589,-0.81865066,-0.7305874,-0.63843215,1.1643455,-0.22878817,0.067743406,0.41128317,0.08557284,-0.08998813,1.7876565,-0.20905297,-0.36357686
1916,1,odd,1.0888397,-1.4040064,0.03751868,0.6082608,0.50837725,-0.26451007,-0.22604182,-0.61604613,-1.4448789,1.0559561,0.039279267,0.8374857,0.7103431,-0.6636385,0.47644418,1.3810369
1917,6,even,0.49719614,-1.4535844,-0.08006784,0.3988825,-0.16661254,-0.32826462,0.27311575,-0.1851566,-0.28339207,-0.17990863,0.67543614,-0.74246645,0.5035014,1.4552574,-0.034879357,2.4605846
1918,3,odd,-0.28798008,-0.27697453,-0.228281,-0.8979248,1.6729263,-0.47897103,0.48540723,0.8235348,-0.9169807,-0.618314,0.47652197,-0.87613773,0.28309825,0.59650546,1.7815995,-1.0222325
1919,4,even,-1.1679759,0.835643,0.13950333,0.36928073,0.8558496,0.014435824,-2.6365776,-1.292268,1.5470452,-0.6636379,-0.12630552,-0.46865618,-0.45930618,0.06530792,-0.09151041,-0.5798448
1920,8,even,-0.004594706,-0.8350211,0.008022912,0.7006795,0.081699654,0.18907516,-1.5695627,0.38679558,-0.015978277,-0.33998758,-0.454401,-0.3139897,0.28684142,1.5138912,-0.70328474,-0.26814398
1921,9,odd,0.14279899,-1.8836522,0.069863744,-0.4800247,0.7150441,-0.13344826,-0.7245685,-0.61915356,0.700881,-0.13260013,0.564596,-0.5162757,1.1107254,0.5983872,0.0996526,-0.03019999
1922,7,odd,0.26857173,-0.7512757,0.036330946,-1.1198032,-0.0158801,0.09220281,-0.95949787,0.15967989,0.9341501,-0.9869891,-0.22429577,0.6901971,0.27147946,1.5192502,1.6072719,-0.34734017
1923,6,even,-0.7457526,0.25900227,0.03472373,0.536533,-0.9489696,0.06270081,1.0267266,-1.0486546,-0.21348742,0.78197557,-0.15551913,1.2173841,-0.2642209,0.69227624,-0.26083058,0.60090214
1924,8,even,-1.1507087,-0.44939435,0.08743552,0.6224193,0.1940738,0.20741011,-2.2460892,1.744885,0.3702868,0.6883528,0.031306762,-0.41632205,-0.34008616,0.8531976,0.01393348,0.31366426
1925,1,odd,0.54536957,-1.5886879,-0.18154742,-0.8060351,-0.95297825,-0.11105098,-0.6224464,-0.99112713,-1.3717952,-0.22424641,-0.12933002,0.21567635,-0.107810296,-0.20521481,0.1138453,1.6493958
1926,6,even,-0.18726139,-0.7918169,-0.15578626,0.69317406,-1.2616858,0.07527882,1.9892192,-0.051161796,0.71200764,0.06576755,-0.53547364,-1.139416,-0.3397181,0.88201696,0.27449137,0.5894882
1927,0,even,-0.09178458,0.6755033,-0.060586043,0.7648298,-0.91712666,0.07782322,0.1010587,-0.5620271,-1.6621376,0.41883978,-0.06322003,0.7899607,-0.7526774,0.3188687,-0.17292881,-1.5026283
1928,3,odd,-0.030009687,0.88782054,-0.29416364,-0.68588316,-1.4005743,-0.5422365,-0.81689906,1.9278874,-1.5011562,-1.7319577,0.7243129,-0.5116643,1.0000025,0.057664387,-1.2079341,0.6050626
1929,3,odd,0.50322294,1.3579521,-0.6840468,0.22352812,0.6716097,-1.649592,0.5048069,2.023228,-0.7462395,-0.9803453,1.6910262,-1.3459672,0.3160762,-0.6622304,-0.0857959,-0.49934593
1930,3,odd,0.13758965,0.9904696,-0.11395189,-1.2901919,0.057121053,-0.64123946,0.3906721,1.4785569,-1.0746882,-1.5124364,0.9595047,-1.6359502,1.2905674,-0.88967836,0.049981564,-0.0552589
1931,9,odd,-1.1069152,-0.3538251,0.22031337,-0.47840872,-0.47713643,0.4905753,-1.0269544,1.2392418,2.3433573,0.035752896,-0.2653623,0.20711169,0.7302131,1.294697,0.41928047,-1.4510063
1932,3,odd,-0.083269,-0.49434415,-0.32847214,0.2840802,0.5191327,-0.7408738,0.32006478,1.643738,-0.41235858,-0.9594106,0.7422237,0.48219025,0.65065676,-0.065832764,-0.8047051,-1.3640914
1933,1,odd,0.48912185,-1.2490203,-0.14169066,-1.0267261,-0.78763974,0.0769573,-0.33360168,-0.9669327,-0.6751081,-0.6745073,0.020210613,0.5266303,-0.57352436,1.1254824,0.10445838,0.8388938
1934,9,odd,0.5404729,-0.756021,-0.1270924,-1.0402943,-0.5821272,-0.15115522,-0.8076426,1.1005821,1.046604,0.62903416,0.7650524,1.3858441,-0.19837362,0.76258403,0.35021198,0.7072498
1935,7,odd,-0.037070736,-0.91224504,-0.10831106,-1.331894,0.31936643,0.07046427,-0.67518175,-0.81797564,-0.44112068,0.16940542,-0.36377075,0.6222031,0.92676556,0.22804576,0.8349148,0.6197055
1936,7,odd,0.77961314,-1.1439823,-0.06762838,-0.7948551,-0.34958705,-0.21989664,-0.71113545,-0.34189028,0.7309153,-1.0266224,0.011682935,0.7711069,-0.00018321909,1.1604621,0.8142523,0.0092956
1937,9,odd,-0.14548989,-1.9940422,0.07018389,-0.41712728,0.50478804,-0.19021755,-1.5328157,-0.29345015,0.65823066,0.83744085,0.7291296,-0.54231983,1.0789901,-0.40215868,1.0616342,-0.06364912
1938,7,odd,0.6264943,-1.1268762,0.005987171,-1.5732288,-0.5990251,0.43123472,-0.9736609,-0.14843194,-0.57747805,-0.42470092,-0.56047773,0.97551227,0.6094948,0.20803587,1.1579831,0.26090497
1939,8,even,1.3721142,-1.9434949,0.007456217,0.5768677,1.0311835,-0.14070824,-0.47424936,-0.4628446,-0.57939816,0.39181414,-0.20913354,-1.4503323,0.4746944,0.45480967,0.22145678,0.07924265
1940,5,odd,1.7236255,-0.37320212,-0.045386367,-0.26158944,0.77628756,0.1549206,-0.32016143,-0.19518988,-0.211849,-0.3068968,0.17335895,-0.42474085,-0.6687488,0.6600637,0.06548394,0.6867003
1941,2,even,1.178927,0.89047647,0.022842307,0.21780473,-1.4046285,0.05615705,1.2922003,0.33052826,-1.4481019,-1.4376227,0.31281534,-0.2328279,-0.5845395,0.7402856,0.32151443,2.210827
1942,3,odd,-0.7440261,0.47832042,0.019505467,-0.4820826,-0.6790016,-0.19029425,-0.63430727,2.8015387,-0.30332553,-1.0037998,0.080784604,0.38853648,1.1415253,0.50537837,-1.3843371,1.1556574
1943,7,odd,0.27965003,-0.14150448,-0.018872865,-0.47802213,-0.07377251,0.06608635,-0.25849906,0.9130078,0.4703048,-0.886805,-0.051325224,1.3093269,-0.74150455,1.6295009,-0.5412719,1.2399695
1944,0,even,-1.0192145,2.2336829,0.22726838,0.5868622,-0.19680348,0.2554868,-0.8713397,0.5504356,-1.8724916,-0.9653659,-0.15586215,0.11963469,-0.3232736,0.033971533,0.4931453,-0.47676638
1945,7,odd,-0.36882234,-1.2177855,0.11033632,-0.51225185,1.3784611,0.34127146,-1.500042,-0.8909822,-0.35287637,0.342311,-0.33878896,0.50690067,0.7667208,0.31290543,1.3884572,-0.20483464
1946,3,odd,0.5149626,0.045550615,-0.146332,-0.7396582,-0.52145123,-0.12161067,-0.3715187,1.856957,-1.1094602,-1.0898542,-0.26556936,0.01534301,1.3389586,0.6067468,-1.0983336,-0.4060119
1947,6,even,-0.33340675,1.5915358,0.054792717,0.07370764,-1.3611848,-0.29473704,-0.528937,0.15388182,-0.11144239,-0.8708362,0.9617905,0.51461655,-1.0050316,-2.5414257,-0.3665266,1.4368236
1948,0,even,-0.31309783,1.3601186,0.22634023,0.07117341,-1.3063986,0.4835447,-0.6082276,1.508748,-0.5356014,-0.5079853,-0.6003916,0.61437404,0.17901337,0.17652006,-0.011524916,-1.4438612
1949,3,odd,1.2915416,-0.8531104,-0.4070437,-0.46134844,1.8300419,-0.85495067,0.48213342,0.0997338,-1.2043628,-1.3675947,0.13668704,-0.101172656,-0.5356463,0.23161414,0.9784555,0.31247357
1950,0,even,0.3900497,0.7736858,0.090076804,-0.43238547,-1.8137383,0.36563596,0.31258535,1.5373983,-0.43833932,0.19046028,-0.3768816,0.7165925,0.12093537,-0.30485815,-0.12738301,-1.6887197
1951,2,even,0.24897695,0.009964764,0.11654765,-1.2810363,0.41404414,0.02284317,-0.22285643,0.5074672,0.04938256,-1.4932507,0.93527216,-0.23790836,0.8223142,-1.3199053,-1.0449214,0.13083008
1952,9,odd,-1.0551264,-0.1922518,-0.20940174,-1.2561214,0.13046758,0.004270926,-0.71974146,2.1148834,1.0563442,0.7797931,0.35626557,1.6527573,-0.39041254,0.36838245,0.2852564,1.0648799
1953,4,even,0.09559098,-1.2173729,0.08102337,-0.6251076,-0.6731745,0.22024685,0.03395719,0.2493192,1.0346727,0.3485163,0.056902893,2.2178311,0.15484388,-0.46876466,0.41231912,-0.023626667
1954,5,odd,0.15371741,-1.1936829,-0.24252035,-0.23844619,-0.23322567,-0.15375103,0.036648393,0.66762733,0.0038625225,-0.79101914,-0.14708579,-0.029015899,0.3823926,0.7171318,-0.7970273,-1.035611
1955,7,odd,0.56466484,-1.4854896,0.05103866,-0.29756886,0.2315443,-0.0033836123,-1.6955657,0.093108565,-0.033440128,-1.3770318,0.3375775,0.79182565,-1.0878454,0.4982735,-0.03474939,0.64705056
1956,0,even,1.7759701,0.92893255,0.057638556,-0.56575465,0.12922011,0.11238809,-1.1700227,-0.7980221,0.22185072,0.77380294,0.2683186,0.09570873,-0.42580572,-0.11032608,0.80452394,0.24069947
1957,9,odd,-0.7015631,0.6847335,0.16914988,-1.0947893,-0.24517635,0.4311338,0.34653127,0.95016235,0.603822,-0.08577188,-0.52094316,1.3502749,-0.23849796,0.17138734,1.1868421,0.51260585
1958,9,odd,0.55068827,-0.9379183,0.122384,-1.0561832,0.20258711,0.0912886,-1.7052076,-0.349132,1.5665084,-0.22337036,0.5155525,0.39199147,0.91090614,0.3540086,0.8438719,-0.6865914
1959,8,even,-1.6004981,-1.5879533,-0.014897801,0.38816455,0.06549876,0.20078398,-0.86725175,0.6953699,-0.8943562,-0.28743547,-0.012011033,0.57442904,-0.75590146,-0.54628223,0.16124417,-0.7771836
1960,7,odd,-0.546382,-0.7609859,-0.11306679,-1.8816407,-0.07882353,0.018594004,-1.6706817,0.7280331,0.71894306,-0.78015286,-0.2253401,0.08733821,0.9596896,0.7284588,2.2844,0.5959886
1961,1,odd,1.1720369,-1.4538047,-0.11240968,-0.86060965,-0.88246584,0.15761979,-0.6452309,-0.8757258,-1.0231565,-0.3419247,-0.124594264,0.58388877,-0.36174572,0.9278746,0.15725835,1.181451
1962,4,even,0.0062067434,-0.8749494,-0.14830804,0.4063806,0.70243347,-0.50411063,-2.0391467,-0.30624902,1.2323267,-1.9036645,0.7787616,1.0808647,-0.39933175,0.54725564,0.38483685,-0.63239604
1963,7,odd,0.098391324,-1.0757666,-0.11398332,-1.4022981,0.060800727,0.08573598,-1.0617671,-0.7800664,-0.54253405,0.20943971,-0.37024772,0.7397891,0.82336307,-0.20606785,1.2604222,0.7485515
1964,9,odd,0.58169043,-1.2991874,0.040282957,-0.022566328,0.25294724,0.04033013,-0.6720388,-0.94803065,0.5750939,0.14615758,0.13200393,-0.41632324,1.2028792,1.131724,-0.7419556,0.0848549
1965,2,even,-0.3181163,0.55007577,0.15494606,-0.3931459,1.7375559,0.4819125,0.5393553,-0.27214414,-0.013279051,-1.8055015,-1.2486674,-0.6608175,0.9169363,-0.68653506,-0.49144685,-1.52956
1966,2,even,-0.34138823,0.900628,-0.33140558,0.71401393,1.9790864,-0.69233245,0.5509739,-1.2459579,0.7008637,-0.9372264,0.9682385,-0.89987934,-0.6296037,-0.46601707,-0.8344619,-0.6793005
1967,4,even,0.45003814,0.97566855,0.16732967,0.51726735,0.6929271,-0.41424102,-1.1127393,2.6041741,0.5689584,-0.1754392,1.6946886,0.9350782,0.08091965,1.8567362,-2.2409115,0.6913441
1968,9,odd,0.1372403,-1.248225,0.04478787,-1.1356349,-1.0411038,0.3412902,0.1873998,-0.387545,0.517333,0.82824665,-0.1184306,1.4406068,0.2718103,-0.14177741,0.6457914,-0.0019581728
1969,4,even,0.22666517,1.403281,-0.030382767,0.1766151,0.6503911,-0.23214567,-1.04615,0.4093408,-0.06545239,-0.30585438,0.93594915,0.93349797,0.15163504,-0.47574812,-2.3995092,0.8342805
1970,0,even,1.4923383,0.10257291,0.20262316,-0.29453275,-1.0530168,0.526021,0.29563886,2.0411737,-0.17814332,0.1764479,-0.7009127,-0.2852676,0.13904947,0.42178982,-1.5215656,-0.8831304
1971,3,odd,1.132605,-0.77603585,-0.4956134,0.029716881,1.4415753,-0.84812003,0.78550786,0.7714841,-1.4471198,-1.1057204,0.10098759,0.2353113,-0.16257313,0.41516006,0.02265057,-0.27511877
1972,9,odd,-0.6147728,1.3690256,0.22601418,-0.60337996,0.17550524,0.22525585,-0.98713726,0.6710387,0.33475918,0.92375296,-0.2073487,0.6195327,1.0228515,1.7035806,-1.4636215,0.2730657
1973,0,even,0.42071635,1.7017338,0.19562659,0.009142768,-0.82750547,-0.05576454,-1.9765296,0.080218375,-0.56461775,0.5163659,0.49364552,-0.054708928,-0.6653143,-0.19348203,0.8468848,1.1104139
1974,8,even,-0.98131126,-0.76075464,0.056379117,0.949327,0.33457336,0.108496785,-0.7179403,2.1211808,-0.9028467,-0.46357208,-0.035334673,0.27449444,-0.23027204,-0.43960595,-0.8870056,-0.3366231
1975,7,odd,0.359775,0.34699667,0.45494187,-0.4979966,-0.7268586,0.61535263,-1.1397586,0.87945396,0.9067738,-0.8040517,-0.31411967,0.65528905,0.4293928,2.389952,-0.5037193,-0.5192876
1976,9,odd,-0.9213758,-0.3750905,-0.12790649,-0.56596494,-0.38668424,-0.3491481,-1.9088249,2.4639199,1.3986642,-0.3509156,1.1286747,0.44065577,-0.26973012,1.3705671,-0.4818763,0.8090719
1977,8,even,-1.0045781,-0.086011074,-0.046101317,-0.65004724,-1.1196684,-0.47259092,-0.05470015,2.1352558,-0.9918783,0.03433375,0.63227063,-0.05199465,1.6010069,-0.9257872,-0.8935195,-0.757502
1978,4,even,-0.43257922,-0.0655191,0.030506799,0.6117583,0.89244634,-0.14911462,-0.31762004,1.7961609,0.5859738,-0.41223085,0.2439101,2.358955,-0.06910657,1.1475685,-0.15640044,0.75440335
1979,6,even,0.7107402,1.815091,-0.06797123,-0.02612796,0.09303377,-0.3748759,-1.5421836,0.6161971,0.8211687,-1.589281,0.4949911,-0.39573544,-0.93491566,-1.9464172,0.35217476,1.6121722
1980,6,even,1.2173681,0.37813923,-0.08553006,1.2633553,-0.7574156,-0.33032975,0.66773,0.056337446,1.0851628,0.61494386,0.1503602,-1.3436577,0.18614998,1.2940086,0.63124347,1.1433151
1981,4,even,-1.2265139,-0.63122314,0.030156596,0.63758504,-0.032807864,0.07482737,-0.6113712,0.07652938,2.5242374,-0.03605438,-0.3109853,0.6901876,-0.50244373,-0.5937132,0.37543535,-1.1796751
1982,9,odd,0.6095243,-1.0342731,-0.25007373,-0.7894523,-0.6728628,-0.25664264,-0.94169384,0.2494067,0.07887099,-1.2364206,-0.115764014,0.9841772,-0.20693661,0.20346934,0.68440074,0.34945902
1983,5,odd,1.0849317,0.27080032,-0.032017484,0.78699887,0.83359414,0.38212296,-0.45263374,0.78843445,0.8190667,-0.12014033,-0.08680996,-1.5339599,-0.52985704,-1.1696038,-1.0202565,1.383105
1984,1,odd,1.2858086,-1.3681579,-0.039141096,0.4453915,0.113670185,-0.18601526,-0.28839666,-0.5300523,-1.2977036,0.76620907,-0.101352625,0.82123756,0.75430685,-0.361067,0.33835673,1.1482998
1985,4,even,-0.894355,-0.9529716,0.14358696,0.5967913,0.5970086,0.1356121,0.07292979,0.7352579,1.8854904,0.2962204,-0.2593146,1.629185,-0.41490617,0.017893784,1.1153636,-0.25636026
1986,3,odd,1.0987549,0.15843892,-0.22786997,0.24255514,-0.314205,-0.5539445,1.7953184,0.6214928,-0.7632031,-1.4442297,0.35471475,0.369471,0.92671275,-0.90519714,0.062237278,0.42239794
1987,5,odd,-0.45401323,0.16495079,-0.17600274,1.1752208,-1.1675072,-0.6528021,-0.73016447,2.2694306,-0.047002546,-0.568973,0.38185644,0.21982887,0.8224266,0.7412997,-0.058994748,-0.81108695
1988,8,even,-1.7453825,-0.23770368,0.14397688,0.63093936,-0.13548562,0.26576045,-2.2373354,1.8539584,-0.6433188,-0.6455588,-0.47860923,-0.73648167,0.41256687,0.37620825,-1.712201,0.35991868
1989,0,even,0.56401473,0.23447582,-0.29521942,0.0022930373,-0.9802172,0.1473036,-1.0317867,0.1279321,-1.3853518,0.59081894,-0.5279944,0.89268214,-0.021749502,-0.09644315,-0.19069116,-1.945604
1990,6,even,-0.35544902,0.7193691,0.08696684,1.9083097,-0.4645539,-0.58073604,0.13956377,-0.14573784,0.37857127,1.6632073,-0.0040456373,-0.464077,0.20755544,1.9890195,2.163238,-0.597109
1991,3,odd,0.23323104,-0.5028895,-0.106894344,-0.68209684,0.074063644,-0.2531909,-0.6697472,1.7241478,0.10703299,-1.1264689,0.6182661,0.09408304,0.8732871,-0.46587944,-0.8320797,-1.0127177
1992,2,even,-0.48323977,0.5140503,-0.045259565,-1.3275006,0.48570237,0.25402305,0.40852705,-0.049756795,-0.43663707,0.8525156,-0.97088915,-1.2900755,0.32169798,-1.0228302,0.8135582,1.7456692
1993,3,odd,0.8052804,-0.40705937,-0.45403147,-0.38669223,0.034153834,-0.2723774,1.0351083,0.43239683,-0.8022383,-1.6536164,-0.3459421,-0.09229922,0.5224142,1.3566067,-0.72541183,0.22352156
1994,1,odd,0.231011,-1.2415715,-0.124650404,-0.44971898,-0.41061342,-0.0818968,-0.038846895,-0.78563064,-0.51734036,-0.7044459,0.045190506,0.9344469,-1.1586865,0.8069512,-0.47215575,1.0833343
1995,1,odd,1.1319548,-1.3039267,0.0036487393,0.15669596,0.2581081,-0.12992355,-0.20879671,-0.53216696,-1.2372991,0.9104585,0.061189704,1.1013231,0.7493357,-0.3279723,0.34877098,1.21861
1996,8,even,0.22374612,-1.2849149,-0.001664076,0.71435195,0.17601356,0.109922275,-0.8407856,1.5517752,-0.61359584,0.9174213,0.16076812,0.2498532,-0.8586634,-0.23534061,0.70570403,-1.2066499
1997,1,odd,1.257389,-1.2268392,0.08482077,0.70951545,1.9045798,-0.24555786,-0.057727337,-0.07956746,-1.3141408,1.5417081,0.20703605,0.060976684,0.38274372,-1.0539349,-0.0038859844,0.69213074
1998,3,odd,0.32699597,0.24366999,-0.18478376,0.023706695,-0.06592674,-0.45485604,-0.12079616,2.0310247,-0.8839762,-0.29972297,0.38901713,0.7797449,0.68949366,-0.2597192,-1.6465238,-0.24156976
1999,9,odd,-1.1010305,0.21775621,0.15266436,-0.50682425,0.31548366,0.28037155,0.34221327,0.20273423,1.0041564,0.82052225,-0.24916232,1.1198778,-0.06164025,1.798597,0.4494288,-0.28295246
